menu_start_game_0|Bienvenido, aventurero, a Mount and Blade: With Fire and Sword. Antes de comenzar tu aventura debes crear tu personaje y elegir un nivel de dificultad.
mno_start_easy|Fácil
mno_start_normal|Normal
mno_start_hard|Difícil
mno_go_back_dot|Volver...
menu_start_phase_2|{s10}
mno_get_deal_with|Ved qué problema hay.
mno_talk_to_monfore|Continuad la conversación...
mno_camp_train_archery|Comenzad a practicar.
mno_continue|Continuar...
menu_reports|Renombre del personaje: {reg5}^Honor: {reg6}^Moral del grupo: {reg8}^Límite del grupo: {reg7}^
mno_view_character_report|Ver el informe del personaje.
mno_view_party_size_report|Ver el informe del tamaño del grupo.
mno_view_morale_report|Ver el informe de la moral del grupo.
mno_view_faction_relations_report|Ver el informe de vuestra relación con las naciones.
mno_view_banking_reports|Ver informes económicos.
mno_resume_travelling|Continuad viajando...
menu_custom_battle_end|La batalla ha terminado. {s1} Vuestro bando ha matado a {reg5} enemigos y perdido {reg6} tropas en la batalla. Personalmente, habéis matado a {reg7} hombres.
menu_start_game_1|Elegid el sexo de vuestro personaje.
mno_start_male_2|Hombre
mno_start_female|Mujer
mno_go_back|Atrás...
menu_start_character_1|¿De qué nación sois? ¿Y de qué familia?
mno_start_noble|Mi padre y mi madre eran de la nobleza.
mno_start_merchant|Un mercader ambulante.
mno_start_guard|Un guerrero veterano.
mno_start_forester|Un cazador.
mno_start_nomad|Un nómada de la estepa.
mno_start_thief|Un ladrón.
menu_start_character_2|Atrás. {s10}^^ Comenzasteis a aprender sobre el mundo casi al mismo tiempo que aprendisteis a caminar y hablar. Pasasteis vuestra niñez...
mno_page|Como paje en la corte de un noble.
mno_apprentice|Como aprendiz de artesano.
mno_stockboy|Como asistente en una tienda.
mno_urchin|Haciendo gamberradas.
mno_nomad|En las estepas.
menu_start_character_3|{s11}^^ La vida cambió para vos al llegar a adolescente, como siempre sucede. Entonces os hicisteis...
mno_squire|Un terrateniente.
mno_lady|Dama de honor.
mno_troubadour|Trovador.
mno_student|Estudiante de universidad.
mno_peddler|Buhonero.
mno_craftsman|Herrero.
mno_poacher|Cazador furtivo.
menu_start_character_4|{s12}^^Pero vuestra vida cambió y decidisteis dejarlo todo para aventuraros en el mundo. La razón de tal decisión fue...
mno_revenge|Venganza personal.
mno_death|La pérdida de un ser querido.
mno_wanderlust|Ganas de explorar.
mno_disown|Os obligaron a abandonar vuestra casa.
mno_greed|Ansias de poder.
menu_choose_skill|Avistáis, a lo lejos, varios hombres preparados para la batalla.
mno_begin_adventuring|Ved qué problema hay.
menu_past_life_explanation|{s3}
mno_view_next|{s5}
menu_auto_return|Este menú lleva automáticamente de vuelta a...
menu_morale_report|{s1}
menu_faction_orders|{s9}
mno_faction_orders_next_faction|Seleccionar la próxima nación.
mno_faction_orders_defend|Forzar defensa.
mno_faction_orders_gather|Forzar reunión de ejército.
mno_faction_orders_increase_time|Aumentar el tiempo de la última ofensiva en 24 horas.
mno_faction_orders_rethink|Forzar reconsideración.
mno_faction_orders_rethink_all|Forzar reconsideración para todas las naciones.
menu_character_report|{s9}
menu_party_size_report|{s1}
menu_faction_relations_report|{s1}
menu_camp|Montáis el campamento. ¿Qué queréis hacer?
mno_camp_action|Emprended una acción.
mno_oim_diplomacy_menu|Diplomacia
mno_wagenburg_action_on|Montad un círculo de caravanas.
mno_wagenburg_action_off|Derribad el fuerte de caravanas.
mno_camp_wait_here|Esperad aquí un momento.
mno_camp_cheat|¡MENÚ DE TRUCOS!
mno_ms_extra_adviser|Enviad un mensajero al ayudante del alcalde.
menu_camp_cheat|Seleccionad truco:
mno_camp_cheat_1|Aumentad el renombre del jugador.
mno_camp_action_4|Regresad al menú del campamento.
menu_camp_action|Elegid una acción:
mno_camp_recruit_prisoners|Reclutad algunos de los prisioneros para el grupo.
mno_action_read_book|Seleccionad un libro para leer.
mno_action_retire|Retiraos de la aventura.
menu_camp_recruit_prisoners|Ofrecéis a vuestros prisioneros la libertad si aceptan unirse a vuestra causa como soldados. {s18}
mno_camp_recruit_prisoners_accept|Aceptadlos.
mno_camp_recruit_prisoners_reject|Rechazadlos.
menu_camp_no_prisoners|No tenéis prisioneros para reclutar.
menu_camp_action_read_book|Elegid un libro para leer:
mno_action_read_book_1|{s1}.
mno_action_read_book_2|{s1}.
mno_action_read_book_3|{s1}.
mno_action_read_book_4|{s1}.
mno_action_read_book_5|{s1}.
mno_action_read_book_6|{s1}.
mno_action_read_book_7|{s1}.
menu_camp_action_read_book_start|{s1}
menu_retirement_verify|Hoy es el día {reg0}. Vuestra suerte es {reg1}. ¿Seguro que queréis retiraros?
mno_retire_yes|Sí.
mno_retire_no|No.
menu_end_game|La decisión está tomada y elegís dejar vuestras aventuras para asentaros y vivir tranquilamente. Vendéis vuestras armas y armaduras, tomáis vuestro dinero y cabalgáis hacia la puesta de sol...
mno_end_game_bye|Adiós.
menu_pay_day|{s1}.
menu_cattle_herd|Encontráis un rebaño de ganado.
mno_cattle_drive_away|Conducid el ganado.
mno_cattle_stop|Detened el ganado.
mno_cattle_kill|Sacrificad algunos animales.
mno_leave|Idos.
menu_cattle_herd_kill|¿Cuántos animales deseáis sacrificar?
mno_cattle_kill_1|Uno.
mno_cattle_kill_2|Dos.
mno_cattle_kill_3|Tres.
mno_cattle_kill_4|Cuatro.
mno_cattle_kill_5|Cinco.
menu_cattle_herd_kill_end|No deberíais estar leyendo esto.
menu_arena_duel_fight|Vuestro oponente y vos os preparáis para el combate.
menu_simple_encounter|{s2} Tenéis {reg10} tropas listas para la batalla contra su {reg11}. ^{s4}
mno_encounter_attack|Cargad contra el enemigo.
mno_encounter_attack_wagenburg_mounted|Atacad a caballo.
mno_encounter_attack_wagenburg_unmounted|Atacad a pie.
mno_encounter_order_attack|Ordenad a vuestras tropas atacar sin vos.
mno_encounter_leave|Idos.
mno_encounter_retreat|Retroceded, dejando algunos soldados detrás para cubrir vuestra retirada.
mno_encounter_surrender|Rendíos.
menu_encounter_retreat_confirm|Como miembro del grupo con mayor habilidad para la táctica, ({reg2} de habilidad táctica), {reg3?ideáis:{s3} idea} un plan que os permitirá escapar con vida a vos y a vuestros hombres, pero deberéis dejar atrás {reg4} soldados para evitar que el enemigo os alcance.
mno_leave_behind|Sacrificad a estos hombres para salvar a los demás.
mno_dont_leave_behind|Permaneced en el campo de batalla.
menu_encounter_retreat|Decís a {reg4} de vuestros hombres que contengan al enemigo mientras vos y el resto de vuestros hombres os batís en retirada.
menu_order_attack_begin|Vuestras tropas se preparan para atacar al enemigo.
mno_order_attack_begin|Ordenad el comienzo del ataque.
mno_call_back|Ordenad a vuestros soldados regresar.
menu_order_attack_2|{s4}^^Vuestras bajas: {s8}^^Bajas enemigas: {s9}
mno_order_attack_continue|Ordenad a vuestros soldados que continúen el ataque.
mno_order_retreat|Ordenad a vuestros soldados regresar.
menu_battle_debrief|{s11}^^Vuestras bajas:{s8}{s10}^^Bajas enemigas:{s9}
menu_total_victory|No deberíais estar leyendo esto... {s9}
menu_enemy_slipped_away|{s17}
menu_total_defeat|No deberíais estar leyendo esto...
menu_permanent_damage|{s0}
mno_s0|{s0}
menu_pre_join|Llegáis a un campo en el que se está produciendo una batalla entre {s2} y {s1}. ¿A quién vais a apoyar?
mno_pre_join_help_attackers|{s2}.
mno_pre_join_help_defenders|{s1}.
mno_pre_join_talk|Hablar con los atacantes.
mno_pre_join_leave|Idos.
menu_join_battle|Os aliáis con el {s2} contra el {s1}, que se prepara para atacaros. Tenéis {reg10} tropas listas para la batalla contra {reg11} tropas enemigas.
mno_join_attack|Cargad contra el enemigo.
mno_join_order_attack|Ordenad a vuestras tropas atacar junto con vuestros aliados mientras vos os quedáis a distancia.
mno_join_leave|Idos.
menu_join_order_attack|{s4}^^Vuestras bajas: {s8}^^Bajas aliadas: {s9}^^Bajas enemigas: {s10}
menu_zendar|Llegáis a la ciudad de Zendar.
mno_zendar_enter| 
mno_zendar_enter_door|Id hacia el centro de la ciudad.
mno_zendar_tavern| 
mno_zendar_tavern_door|Entrad a la taberna.
mno_zendar_merchant| 
mno_zendar_merchant_door|Visitad al mercader.
mno_zendar_arena| 
mno_zendar_arena_door|Entrad a la arena.
mno_town_1_leave| 
menu_salt_mine|Entráis a la mina de sal.
mno_enter|Entrad.
menu_four_ways_inn|Llegáis a la taberna Las Cuatro Direcciones.
menu_test_scene|Entráis en el escenario de pruebas.
menu_battlefields|Seleccionar  un campo...
mno_enter_f1|Campo 1
mno_enter_f2|Campo 2
mno_enter_f3|Campo 3
mno_enter_f4|Campo 4
mno_enter_f5|Campo 5
menu_dhorak_keep|Entráis en el Fuerte Dhorak.
menu_join_siege_outside|{s1} está siendo asediado por {s2}.
mno_approach_besiegers|Acercaos al campo de asedio.
mno_pass_through_siege|Atravesad las líneas del asedio y entrad en {s1}.
menu_cut_siege_without_fight|Los asediadores os dejan avanzar sin desafiaros.
menu_besiegers_camp_with_allies|{s1} permanece sitiada. Los estandartes de {s2} ondean sobre el campamento de los asediadores, donde vos y vuestros hombres sois bienvenidos.
mno_talk_to_siege_commander|Solicitad una cita con el comandante.
mno_join_siege_with_allies|Uníos al próximo asalto.
mno_join_siege_stay_back|Ordenad a vuestros soldados unirse al próximo asalto sin vos.
menu_castle_outside|Estáis fuera de {s2}.{s11} {s3} {s4}
mno_approach_gates|Acercaos a las puertas y saludad al guardia.
mno_town_sneak|Disfrazaos e intentad entrar de incógnito a la ciudad.
mno_castle_start_siege|Asediad {reg6?la ciudad:el castillo}.
mno_talk_to_pafnutiy_menu|Hablar con Pafnuty.
mno_talk_to_borzobogataya|Hablad con Anusia.
mno_talk_to_borzobogataya_door|Hablad con Anusia.
mno_talk_to_ransom_broker|Hablad con el traficante de esclavos.
mno_talk_to_pafnutiy_dlg|Hablar con Pafnuty.
mno_talk_to_pafnutiy_dlg_door|Hablar con Pafnuty.
mno_castle_leave|Idos.
menu_castle_guard|Os acercáis a la puerta. Los hombres apostados en los muros os vigilan.
mno_request_shelter|Solicitad la entrada a la fortaleza.
mno_request_meeting_commander|Solicitad una vista con alguien.
mno_guard_leave|Idos.
menu_castle_entry_granted|Tras una corta espera, los guardias abren las puertas y os permiten pasar.
menu_castle_entry_denied|El señor de esta fortaleza os ha prohibido la entrada y el sargento de guardia os informa que dará orden de disparar si os acercáis más.
menu_castle_meeting|¿Con quién deseáis encontraros?
mno_guard_meet_s5|{s5}.
mno_forget_it|Volver...
menu_castle_meeting_selected|Vuestra petición es transmitida y finalmente {s6} aparece en el patio para hablar con vos.
menu_castle_besiege|Asediad {s1}. {s2} {s3}
mno_build_ladders|Preparad escaleras para atacar los muros.
mno_siege_request_meeting|Solicitad una vista con el comandante de la fortaleza.
mno_town_diversiya|Envenenad el agua de la ciudad.
mno_town_vorvatsya|Intentad entrar por la fuerza en la ciudad.
mno_build_podkop|Derribad el muro mediante un explosivo.
mno_castle_lead_attack|Liderad a vuestros soldados en un asalto.
mno_castle_lead_attack_podkop|Comenzad el asalto.
mno_attack_stay_back|Ordenad a vuestros soldados que ataquen mientras vos guardáis distancia...
mno_build_siege_tower|Construid una torre de asedio.
mno_wait_24_hours|Esperad hasta mañana.
mno_lift_siege|Abandonad el asedio.
menu_siege_attack_meets_sally|Los defensores se preparan para repeler vuestro asalto.
menu_castle_besiege_inner_battle|{s1}
menu_construct_ladders|Estimáis que os llevaría {reg4} horas construir suficientes escaleras para el asalto.
mno_build_ladders_cont|Hacedlo.
mno_go_back_assault|Considerad otro plan de asalto.
menu_construct_siege_tower|Como miembro de vuestro equipo con mayor habilidad de ingeniería ({reg2} de habilidad de ingeniería), {reg3?estimáis:{s3} estima} que construir una torre de asedio para el asalto llevará {reg4} horas.
mno_build_siege_tower_cont|Comenzad la construcción.
menu_castle_attack_walls_simulate|{s4}^^Vuestras bajas: {s8}^^Bajas enemigas: {s9}
menu_castle_attack_walls_with_allies_simulate|{s4}^^Vuestras bajas: {s8}^^Bajas aliadas: {s9}^^Bajas enemigas: {s10}
menu_castle_taken_by_friends|Nada que ver aquí.
menu_castle_taken|Vuestras tropas se han apoderado de {s3}. Ahora tenéis pleno control de la {reg2?ciudad:fortaleza). {reg1? Parece que no hay nada que os impida tomarla vos mismo...:}
menu_castle_taken_2|Vuestras tropas se han apoderado de {s3}. Ahora tenéis pleno control del lugar. Vuestras tropas celebran la victoria.
mno_castle_taken_claim|Solicitad que {s3} os sea entregado.
mno_castle_taken_no_claim|No pidáis recompensas.
mno_castle_taken_oim|Tomad {s3} vos mismo.
menu_requested_castle_granted_to_player|Recibís un mensaje de {s3}.^^ {reg4?Ella:Él} ha decidido entregaros {s2}{reg3? y la aldea colindante de {s4}:} a vos, junto con los debidos títulos y rentas, para que lo administréis todo en su nombre mientras sigáis manteniendo vuestro juramento de lealtad.
menu_requested_castle_granted_to_another|Recibís un mensaje de {s3}.^^ "Me ha impresionado gratamente el conocimiento de vuestros valientes esfuerzos en la captura de {s2}. Vuestra victoria ha alegrado nuestros corazones. También solicitasteis la propiedad de la fortaleza, pero tal es un favor que temo no poder complacer, pues ya contáis con importantes propiedades en mi reino. Os envío {reg6} táleros para cubrir los gastos de vuestra campaña, pero {s2} se la entrego a {s5}.' 
mno_accept_decision|Aceptad la decisión.
mno_leave_faction|¡Os han traicionado! ¡Renunciad al juramento que hicisteis a vuestro señor! 
menu_leave_faction|La renuncia a un juramento de lealtad es algo muy grave. Vuestro señor podrá condenaros y confiscar vuestras tierras y propiedades. Sin embargo, si las devolvéis de forma voluntaria, puede que perdone vuestra traición sin necesidad de luchar.
mno_leave_faction_give_back|Renunciad al juramento de lealtad y a vuestras posesiones.
mno_leave_faction_hold|Renunciad a vuestro juramento y conservad vuestras tierras, incluyendo {s2}.
mno_leave_faction_cancel|Permaneced leal y aceptad la decisión.
menu_give_center_to_player|¡Vuestro señor os ofrece extender vuestros feudos! {s1} envía un mensaje en el cual os ofrece {s2} como pago por vuestro leal servicio, agregándolo a vuestras posesiones. ¿Cuál será vuestra respuesta?
mno_give_center_to_player_accept|Aceptad la oferta.
mno_give_center_to_player_reject|Rechazad la oferta. No tenéis el más mínimo interés en {s2}.
menu_give_center_to_player_2|Con una breve ceremonia se os reconoce oficialmente como el nuevo señor de {s2}{reg3? y su aldea vecina {s4}:}. Desde ahora podréis reclamar las rentas y ganancias de vuestras propiedades, reclutar soldados de la plebe y administrar las tierras como más os convenga. Sin embargo, también se espera que defendáis vuestro feudo y su gente, así como que mantengáis la ley y el orden.
menu_oath_fulfilled|Teníais un contrato con {s1}, para servirle durante cierto tiempo. Vuestro contrato ha expirado. ¿Qué haréis?
mno_renew_oath|Renovad vuestro contrato con {s1} durante otro mes.
mno_dont_renew_oath|Romped los lazos.
menu_siege_started_defender|{s1} está comenzando un asalto a los muros de {s2}. Tenéis {reg10} tropas listas para la batalla frente a las {reg11} del enemigo. ¿Qué haréis?
mno_siege_defender_join_battle|Uníos a la batalla.
mno_siege_defender_troops_join_battle|Ordenad a vuestros hombres a que se unan a la batalla sin vos.
menu_siege_join_defense|{s4}^^Vuestras bajas: {s8}^^Bajas aliadas: {s9}^^Bajas enemigas: {s10}
menu_enter_your_own_castle|Al acercaros, los guardias os ven, os dan la bienvenida y abren las puertas para su {señor/señora}.
menu_village|{s10}{s11}{s6}{s7}{s20}{s21}
mno_village_manage|Administrad esta aldea.
mno_village_ms|Hablad con el anciano...
mno_additional_menu_ms|Id al centro de la aldea...
mno_recruit_volunteers|Reclutad voluntarios.
mno_village_center|Id al centro de la aldea.
mno_village_center_door|Puerta al centro.
mno_village_buy_food|Comprad suministros a los campesinos.
mno_village_attack_bandits|Atacad a los bandidos.
mno_village_wait|Esperad aquí un momento.
mno_collect_taxes_qst|{reg5?Continuad recaudando impuestos:Recaudad impuestos} para el {s1}.
mno_train_peasants_against_bandits_qst|Entrenad a los campesinos.
mno_village_hostile_action|Emprended una acción hostil.
mno_oim_potop_sneak_into_village|Ir a los establos.
mno_village_center_nesvz|Ir a la tumba
mno_village_center_nesvz_door|Ir a la tumba
mno_talk_to_yavangelik|Hablad con Evangelic.
mno_talk_to_yavangelik_door|Hablad con Evangelic.
mno_village_leave|Irse...
menu_village_hostile_action|¿Qué acción tenéis en mente?
mno_village_take_food|Forzad a los campesinos a daros sus suministros.
mno_village_steal_cattle|Robad ganado.
mno_village_loot|Saquead la aldea e incendiadla.
menu_recruit_volunteers|{s18}
mno_recruit_them|Reclutadlos por {reg6} táleros.
menu_village_hunt_down_fugitive_defeated|Un fuerte golpe del fugitivo os hace caer al suelo, vuestra visión se nubla y perdéis el conocimiento. El tiempo pasa. Al abrir nuevamente vuestros ojos os encontráis sangrando de múltiples heridas, pero afortunadamente no parecen ser letales.
menu_village_infest_bandits_result|{s9}
menu_village_infestation_removed|En una batalla épica, vos y vuestros hombres lográis echar a los bandidos de la aldea, recobrando nuevamente la paz. Los campesinos ya no tienen muchos bienes después de tal calvario, pero os ofrecen todo lo que pueden encontrar.
mno_village_bandits_defeated_accept|Tomadlo. Es vuestra merecida recompensa.
mno_village_bandits_defeated_cont|Rechazadlo. Ellos necesitan estas cosas más que vos.
menu_center_manage|{s19}^{reg6?^^Actualmente estáis construyendo {s7}. El edificio quedará construido en {reg8} día{reg9?s:}.:}
mno_center_build_manor|Construid una casa solariega.
mno_center_build_fish_pond|Construid un molino.
mno_center_build_watch_tower|Construid una torre de vigilancia.
mno_center_build_school|Construid una escuela.
mno_center_build_messenger_post|Construid un puesto de mensajería.
mno_center_build_prisoner_tower|Construid una torre de prisioneros.
menu_center_improve|{s19} Como el mejor ingeniero del grupo ({reg2} de habilidad de ingeniería), {reg3?creéis:{s3} cree} que construir {s4} os costará {reg5} táleros y tardará {reg6} días.
mno_improve_cont|Comenzad la construcción.
mno_improve_not_enough_gold|Esto es demasiado caro.
menu_town_bandits_failed|{s4} {s5}
menu_town_bandits_succeeded|¡Los bandidos caen frente a vos como trigo ante la hoz! Al poco rato os quedáis solo por las calles mientras todos vuestros atacantes yacen inconscientes, muertos o agonizantes. Al buscar entre los cuerpos, encontráis un monedero que debe de haber pertenecido a una víctima de tales brutos. O tal vez le fue entregado por alguien que deseaba poner fin a vuestra vida...
menu_village_steal_cattle_confirm|Como miembro del grupo con mayor habilidad para saquear ({reg2}), {reg3?calculáis:{s1} calcula} que podéis robar unas {reg4} cabezas de ganado de la aldea.
mno_village_steal_cattle_confirm|Robad el ganado.
menu_village_steal_cattle|{s1}
menu_village_take_food_confirm|Será difícil forzar y amenazar a los campesinos para que os entreguen sus preciados suministros. Creéis que al menos os llevará una hora.
mno_village_take_food_confirm|Cometed el robo.
menu_village_take_food|Los aldeanos os traen de mala gana lo que tienen para vos.
mno_take_supplies|Tomad sus suministros.
mno_let_them_keep_it|Permitid que se los queden.
menu_village_start_attack|Algunos de los enfadados campesinos toman sus herramientas y se preparan para haceros frente. Parece que tendréis una batalla en vuestras manos si continuáis con vuestros planes.
mno_village_raid_attack|Atacad.
mno_village_raid_leave|Dejad la aldea en paz...
menu_village_loot_no_resist|Los campesinos son pocos y están asustados, y rápidamente se dan a la fuga. La aldea está a vuestra merced.
menu_village_loot_complete|Ordenáis a vuestras tropas que saqueen la aldea, que tomen todo lo de valor, y que luego prendan fuego a las casas. De las monedas y objetos de valor, vuestra parte es {reg1} denares.
menu_village_loot_defeat|Luchando con coraje y determinación, los campesinos son capaces de soportar el ataque y repeler a vuestras fuerzas.
menu_village_loot_continue|¿Deseáis continuar saqueando la aldea?
mno_disembark_yes|Sí.
mno_disembark_no|No.
menu_close|Nada.
menu_center_tax|Recibís las rentas y los impuestos acumulados de este feudo, lo que asciende a {reg1} táleros.
menu_town|{s10}{s11}{s12}{s13} {s20} {s21}
mno_castle_castle|Id a la sala del Señor.
mno_castle_castle_door|A la sala del señor.
mno_join_tournament|Uníos al torneo.
mno_town_castle|Id a la fortaleza.
mno_town_castle_door|A la sala del señor.
mno_town_center|Caminad por las calles.
mno_town_center_door|Al centro de la ciudad
mno_town_tavern|Visitad la taberna.
mno_town_tavern_door|A la taberna
mno_town_merchant|Hablad con el mercader.
mno_town_merchant_door|A la tienda.
mno_town_arena|Entrad a la arena.
mno_town_arena_door|Puerta a la arena.
mno_town_dungeon_door|A las prisiones
mno_castle_inspect|Caminad por el patio.
mno_castle_inspect_door|Al patio de la fortaleza
mno_trade_with_merchants|Id al mercado.
mno_town_ms|Hablad con el alcalde.
mno_additional_menu_town_ms|Id al centro de la ciudad...
mno_diplomatic_center|Id al centro diplomático.
mno_walled_center_manage|Administrar esta {reg0?ciudad:fortaleza}.
mno_castle_station_troops|Posicionad una guarnición aquí...
mno_castle_wait|Esperad aquí durante un tiempo{s1}.
mno_go_to_the_garem|Entrar a escondidas en el harén.
mno_castle_tavern|Visitad la taberna.
mno_castle_tavern_door|Visitad la taberna.
mno_castle_trade_with_merchants|Id al mercado.
mno_zdat_tatarina|Entregad al tártaro.
mno_zdat_tatarina_door|Entregad al tártaro.
mno_town_leave|Irse...
mno_town_leave_door|Salid del área.
mno_center_reports|¡TRUCO! Mostrar informes.
mno_sail_from_port|Zarpad del puerto.
menu_town_tournament_lost|Se os ha eliminado del torneo.
menu_town_tournament_won|¡Habéis ganado el torneo de {s3}! Sentís un profundo orgullo mientras los espectadores gritan vuestro nombre. Además del honor, la fama y la gloria, ganáis un premio de {reg9} táleros. {s8}
menu_town_tournament_won_by_another|Al ser la única persona invicta hoy, {s1} gana las listas y la gloria de este torneo.
menu_town_tournament|{s1} Os encontráis en el nivel {reg0} del torneo, quedando aún {reg1} participantes. En la próxima ronda, habrá {reg2} equipos, con {reg3} {reg4?luchadores:luchador} cada uno.
mno_tournament_view_participants|Ved participantes.
mno_tournament_bet|Apostad por vuestra persona.
mno_tournament_join_next_fight|Luchad en la próxima ronda.
mno_leave_tournament|Retiraos del torneo.
menu_tournament_withdraw_verify|¿Seguro que queréis retiraros del torneo?
mno_tournament_withdraw_yes|Sí. Esto no tiene sentido.
mno_tournament_withdraw_no|No, ¡no mientras tenga posibilidad de vencer!
menu_tournament_bet|Las apuestas contra vos son de {reg5} a {reg6}.{reg1? Ya habéis apostado {reg1} táleros y, si ganáis, obtendréis {reg2} táleros.:} ¿Cuánto queréis apostar?
mno_bet_100_denars|100 táleros.
mno_bet_50_denars|50 táleros.
mno_bet_20_denars|20 táleros.
mno_bet_10_denars|10 táleros.
mno_bet_5_denars|5 táleros.
menu_tournament_bet_confirm|Si apostáis {reg1} táleros, ganaréis {reg2} táleros si conseguís la victoria en el torneo. ¿Estáis de acuerdo?
mno_tournament_bet_accept|Adelante.
mno_tournament_bet_cancel|No.
menu_tournament_participants|Preguntáis a un pregonero los nombres de los participantes en el torneo. Ellos son:^{s11}
menu_collect_taxes|Como miembro del grupo con mayor habilidad para comerciar ({reg2}), {reg3?esperáis:{s1} espera} que la recaudación de impuestos dure {reg4} días...
mno_start_collecting|Comenzad la recaudación.
mno_collect_later|Retrasadlo hasta más adelante.
menu_collect_taxes_complete|Habéis recaudado {reg3} denares de los impuestos de {s3}. {s19} espera que le llevéis el dinero.
menu_collect_taxes_rebels_killed|Vuestra rápida respuesta y mano dura han acabado con la revuelta. Seguro que si queda gente con ganas de rebelarse contra vos, se lo pensarán dos veces a partir de ahora.
menu_collect_taxes_failed|Solo pudisteis recaudar {reg3} denares como impuestos de {s3} antes de que comenzara la revuelta. {s1} no estará feliz, pero algo de plata es mejor que nada...
menu_collect_taxes_revolt_warning|La gente de {s3} está indignada con vuestras demandas y lo consideran extorsión. Están inquietos y puede que reaccionen de mala manera si continuáis presionándolos.
mno_continue_collecting_taxes|Ignoradlos y continuad.
mno_halve_taxes|Acceded a reducir la recaudación a la mitad. ({s1} puede enfadarse)
menu_collect_taxes_revolt|Os interrumpen mientras recaudáis los impuestos en {s3}. Un nutrido grupo de {reg9?campesinos:ciudadanos} se aproxima gritando contra los impuestos abusivos y blandiendo armas y antorchas. ¡Parece que están preparados para luchar!
menu_train_peasants_against_bandits|Como miembro del grupo con mayor habilidad como instructor ({reg2}), {reg3?estimáis:{s1} estima} que preparar a algunos campesinos para las prácticas llevará {reg4} horas.
mno_make_preparation|Entrenadlos.
mno_train_later|Retrasadlo hasta más adelante.
menu_train_peasants_against_bandits_ready|Entrenáis a los campesinos en conocimientos básicos sobre soldadesca, disciplina y obediencia. Creéis que {reg0} {reg1?han:ha} aprendido lo suficiente y {reg1?están listos:está listo} para comenzar las prácticas.
mno_peasant_start_practice|Comenzad las prácticas de lucha.
menu_train_peasants_against_bandits_training_result|{s0}
menu_train_peasants_against_bandits_attack|Mientras os preparáis para continuar con el entrenamiento, un centinela de la aldea corre hasta vos, dando la alarma. Se han divisado bandidos en el horizonte, cabalgando velozmente hacia {s3}. El anciano os ruega que preparéis vuestras tropas recién entrenadas y les hagáis frente.
mno_peasants_against_bandits_attack_resist|¡Preparaos para la lucha!
menu_train_peasants_against_bandits_attack_result|{s9}
menu_train_peasants_against_bandits_success|¡Los bandidos han sido vencidos! Los pocos que quedan huyen con el rabo entre las piernas, aterrorizados de los campesinos y su nuevo campeón. Poco les queda a los campesinos tras semejante calvario, pero os ofrecen todo lo que pueden como muestra de su gratitud.
menu_disembark|¿Deseáis desembarcar?
menu_ship_reembark|¿Deseáis embarcar?
mno_reembark_yes|Sí.
mno_reembark_no|No.
menu_center_reports|Nombre de la aldea: {s1}^Ingreso por rentas: {reg1} táleros^Ingreso por aranceles: {reg2} táleros^Reserva de alimentos: suficiente para {reg3} días
mno_to_price_and_productions|Mostrar precios y producciones.
menu_price_and_production|La producción es:^(Nota: base/modificación por materias primas/modificación por materiales y prosperidad)^{s1}^^Los factores de precios son:^{s2}
menu_town_trade|Os dirigís hacia el mercado.
mno_assess_prices|Evaluad los precios locales.
mno_trade_with_arms_merchant|Comerciad con el mercader de armas.
mno_trade_with_armor_merchant|Comerciad con el mercader de armaduras.
mno_trade_with_horse_merchant|Comerciad con el mercader de caballos.
mno_trade_with_goods_merchant|Comerciad con el mercader de bienes.
mno_back_to_town_menu|Volver...
menu_town_trade_assessment_begin|Escucháis conversaciones sobre los precios de las mercancías en la zona, con la esperanza de encontrar las mejores posibilidades de negocio.
menu_town_trade_assessment|Como miembro del grupo con mayor habilidad para comerciar ({reg2}), {reg3?intentáis:{s1} intenta} encontrar los mejores bienes para el comercio. {s2}
menu_sneak_into_town_suceeded|Disfrazándoos de pobre peregrino, sois capaz de engañar a los guardias y entrar en la ciudad.
menu_sneak_into_town_caught|¡Al intentar entrar sin llamar la atención, uno de los guardias os reconoce y da la alarma! ¡Debéis huir a través de las puertas antes de que los demás guardias os den alcance!
mno_sneak_caught_fight|¡Intentad luchar!
mno_sneak_caught_surrender|Rendíos.
menu_sneak_into_town_caught_dispersed_guards|Ahuyentáis a los guardias y cubrís vuestras huellas al huir, despistando a vuestros perseguidores entre el laberinto de calles.
menu_sneak_into_town_caught_ran_away|Salís por las puertas en rápida retirada hacia la seguridad de las colinas.
menu_enemy_offer_ransom_for_prisoner|El {s2} os ofrece una suma de {reg12} denares en plata si aceptáis venderle a {s1}.
mno_ransom_accept|Aceptad la oferta.
mno_ransom_reject|Rechazad la oferta.
menu_training_ground|Os acercáis a un campamento de mercenarios... Aquí podéis contratar guerreros y armar a vuestros hombres.
mno_camp_trainer|Hablad con el entrenador.
mno_camp_merch|Encontrad al capitán de los mercenarios.
mno_camp_train_melee|Practicad el combate cuerpo a cuerpo.
mno_camp_train_mounted|Practicad con montura.
menu_training_ground_selection_details_melee_1|¿A cuántos oponentes os enfrentaréis?
mno_camp_train_melee_num_men_1|Uno.
mno_camp_train_melee_num_men_2|Dos.
mno_camp_train_melee_num_men_3|Tres.
mno_camp_train_melee_num_men_4|Cuatro.
menu_training_ground_selection_details_melee_2|Elegid a vuestro oponente #{reg1}:
mno_training_ground_selection_details_melee_random|Elegid al azar.
menu_training_ground_selection_details_mounted|¿Con qué clase de arma deseáis entrenar?
mno_camp_train_mounted_details_1|Arma de una mano.
mno_camp_train_mounted_details_2|Arma enastada.
mno_camp_train_mounted_details_3|Arco.
mno_camp_train_mounted_details_4|Arma arrojadiza.
menu_training_ground_selection_details_ranged_1|¿Con qué clase de arma a distancia queréis entrenar?
mno_camp_train_ranged_weapon_bow|Arco y flechas.
mno_camp_train_ranged_weapon_crossbow|Ballesta.
mno_camp_train_ranged_weapon_mushket|Mosquete
mno_camp_train_ranged_weapon_thrown|Cuchillos arrojadizos.
menu_training_ground_selection_details_ranged_2|¿A qué distancia deseáis practicar?
mno_camp_train_ranged_details_1|10 yardas.
mno_camp_train_ranged_details_2|20 yardas.
mno_camp_train_ranged_details_3|30 yardas.
mno_camp_train_ranged_details_4|40 yardas.
mno_camp_train_ranged_details_5|50 yardas.
mno_camp_train_ranged_details_6|60 yardas.
mno_camp_train_ranged_details_7|70 yardas.
menu_training_ground_description|{s0}
mno_s2_dot|{s2}...
menu_training_ground_training_result|{s7}{s2}
menu_marshall_selection_candidate_ask|El {s15} pronto elegirá un nuevo mariscal para {s23}. Algunos de los señores han sugerido vuestro nombre como posible candidatura.
mno_marshall_candidate_accept|Haced saber a {s15} que aceptaríais ser mariscal.
mno_marshall_candidate_reject|Haced saber a todos que no tenéis tiempo para semejante cosa.
menu_captivity_avoid_wilderness|De repente, el mundo se oscurece a vuestro alrededor. Recuperáis la conciencia varias horas después, encontrándoos en el mismo sitio donde habíais caído. Vuestros enemigos deben haber creído que habíais muerto y por eso os dejaron allí. Sin embargo, parece que ninguna de vuestras heridas es letal, y aunque os sentís terriblemente mal, comprobáis que aún podéis caminar. Os levantáis e intentáis encontrar a otros supervivientes de vuestro grupo.
menu_captivity_start_wilderness|Stub
menu_captivity_start_wilderness_surrender|Stub
menu_captivity_start_wilderness_defeat|Os hacen prisionero.
menu_captivity_start_castle_surrender|Stub
menu_captivity_start_castle_defeat|Stub
menu_captivity_start_under_siege_defeat|Os hacen prisionero.
menu_captivity_wilderness_taken_prisoner|Os hacen prisionero.
menu_captivity_wilderness_check|stub
menu_captivity_end_wilderness_escape|¡Tras sufrir días terribles en poder de vuestros captores, se os presenta una posibilidad de escapar y la aprovecháis!
menu_captivity_castle_taken_prisoner|Los guardias os rodean rápidamente y os desarman. Entre insultos y empujones os llevan a la mazmorra donde pasáis los miserables días que dura vuestra cautividad.
menu_captivity_rescue_lord_taken_prisoner|Permanecéis con vuestro disfraz durante todo el tiempo que os es posible antes de mostraros. Los guardias, indignados, os golpean salvajemente y os dejan nuevamente en la celda, por Dios sabe cuánto tiempo...
menu_captivity_castle_check|stub
menu_captivity_end_exchanged_with_prisoner|Finalmente, tras días de encarcelamiento, os dejan en libertad; vuestros captores os han intercambiado por otro prisionero.
menu_captivity_end_propose_ransom|Pasáis largas horas en la oscura humedad de la mazmorra, más de las que podéis contar. De pronto, uno de vuestros captores entra en vuestra celda con una oferta; os propone liberaros a cambio de {reg5} táleros de vuestra fortuna escondida. ¿Qué haréis?
mno_captivity_end_ransom_accept|Aceptad la oferta.
mno_captivity_end_ransom_deny|Rechazadla y esperad otra oportunidad para escaparos.
menu_captivity_castle_remain|Siguen pasando los días en la oscuridad de vuestra celda. Intentáis sobrellevarlo lo mejor posible, soportando patadas e insultos de los guardias, viendo cómo vuestro cuerpo desnutrido se marchita...
menu_kingdom_army_quest_report_to_army|{s8} os envía un mensaje: desea que os unáis a su nueva campaña militar. Necesitáis llevar al menos {reg13} tropas para el ejército, y se os indica que reclutéis más hombres cuanto antes si es que no tenéis suficientes.
menu_kingdom_army_quest_messenger|{s8} envía un mensaje comunicándoos que desea hablar con vos acerca de un trabajo. Os pide que vayáis a su encuentro cuanto antes.
menu_kingdom_army_quest_join_siege_order|{s8} os envía un mensaje comunicándoos que debéis uniros al asedio de {s9} en preparación para el asalto final. Vuestras tropas deben tomar {s9} sin importar el coste.
menu_kingdom_army_follow_failed|Habéis desobedecido vuestras órdenes y no habéis seguido a {s8}. Enfurecido, os ha echado del ejército, y os advierte seriamente de que vuestros actos no serán olvidados.
menu_invite_player_to_faction_without_center|¡Recibís una oferta de servicio!^^ {s8} del {s9} ha enviado un mensajero con una invitación escrita de su puño y letra. Os hará el honor de convertiros en súbdito del {señor/dama} de {s9}, y a su vez, {s8} os pide que le juréis lealtad y luchéis en sus campañas militares. Aunque no os ofrece títulos ni tierras, se mostrará sin duda muy ofendido si no aceptáis su oferta...
mno_faction_accept|¡Aceptadla!
mno_faction_reject|Rechazadla.
menu_invite_player_to_faction|¡Recibís una oferta de servicio!^^ {s8} del {s9} ha enviado un mensajero con una invitación escrita de su puño y letra. Os hará el honor de convertiros en súbdito del {señor/dama} de {s9}, y a su vez, {s8} os pide que le juréis lealtad y luchéis en sus campañas militares. Os ofrece el feudo de {s2} a cambio de vuestro leal servicio y, sin duda, se mostrará muy ofendido si no aceptáis su oferta...
menu_invite_player_to_faction_accepted|Para convertiros en su vasallo, debéis jurar lealtad a {s3}. Debéis encontrarle y ofrecerle vuestro juramento en persona. {s5}
menu_question_peace_offer|Recibís una oferta de paz^^{s1} os ofrece un tratado de paz. ¿Cuál es vuestra respuesta?
mno_peace_offer_accept|Aceptadlo.
mno_peace_offer_reject|Rechazadlo.
menu_notification_player_faction_active|Ahora poseéis tierras en vuestro nombre sin estar vinculado a ninguna nación. Sois un capitán que no está sometido a ninguna autoridad. ¡Disfrutad de la libertad! Pero sabed que los reyes de estas tierras no os mirarán con buenos ojos y harán todo lo posible para acabar con vos. Puede que la vida os parezca muy difícil sin la protección de un soberano.
menu_notification_player_faction_deactive|Vuestro reino ya no posee tierras.
menu_notification_center_under_siege|¡{s1} ha sido asediado por el {s2} del {s3}!
menu_notification_village_raided|Los enemigos han arrasado un feudo^^¡{s1} ha sido asaltado por {s2} del {s3}!
menu_notification_village_raid_started|¡Vuestra aldea está siendo atacada!^^{s2} del {s3} está arrasando {s1}.
menu_notification_one_faction_left|Toda Europa del Este ha sido conquistada^^{s1} ha vencido a todos sus rivales y se erige ahora como el único soberano.
menu_notification_oath_renounced_faction_defeated|Vuestra patria ha sido derrotada^^¡Habéis ganado la batalla contra {s1}! Esto culmina vuestra reyerta, que comenzó cuando renunciasteis a vuestro juramento.
menu_notification_center_lost|Se ha perdido una propiedad^^Habéis perdido {s1} frente a {s2}.
menu_notification_troop_left_players_faction|¡Traición!^^{s1} ha abandonado a {s2} y se ha unido al {s3}.
menu_notification_troop_joined_players_faction|¡Buenas nuevas!^^ {s1} ha abandonado a {s2} y se ha unido al {s3}.
menu_notification_war_declared|Declaración de guerra^^¡{s1} ha declarado la guerra a {s2}!
menu_notification_peace_declared|Tratado de paz^^¡{s1} y {s2} han hecho las paces!
menu_notification_faction_defeated|Facción eliminada^^¡El {s1} ya no existe!
menu_notification_rebels_switched_to_faction|Éxito de la rebelión^^ ¡Vuestra rebelión ha salido victoriosa! Vuestra facción ostenta el derecho único sobre el título del {s11}, con {s12} como único gobernante.
menu_kill_local_merchant_begin|Encontráis a vuestra víctima y la seguís, observando cómo gira hacia un callejón oscuro. Seguramente será la mejor oportunidad que tengáis para atacar.
menu_auto_return_to_map|stub
menu_monfor_talk|Bienvenido, aventurero, a Mount&Blade. Antes de comenzar a jugar debes crear un personaje. Primero, selecciona el sexo de tu personaje.
mno_start_male|Por favor, no disparéis. Solo soy un extranjero y no pretendo haceros daño.
menu_oim_training_ground_selection_details_ranged|¿A qué distancia queréis disparar?
menu_oim_training_ground_description|{s0}
menu_oim_training_ground_training_result|{s7}{s2}
mno_hvatit|Interrumpid el entrenamiento...
menu_oim_defeated_by_monk|Habéis perdido la lucha contra el cura, y este ha ordenado a los guardias que os encarcelen.
menu_oim_monk_is_killed|Habéis conseguido vencer al cura y haceros con el ícono. Ha llegado el momento de huir de la ciudad.
menu_oim_tatarin_brought_to_perekop|Habéis llegado a Perekop.
menu_oim_talk_to_tatarin|{s2}
mno_talk_to_tatarin|Hablad con el tártaro.
menu_oim_fight_sem_samuraev|{s2}
mno_defend_village_|Preparaos para la batalla...
menu_oim_sem_sameraev_battle_result|{s2}
menu_oim_talk_to_bandits_horse|{s2}
menu_oim_bandits_battle_for_horse_result|{s2}
menu_oim_invest_menu|{s2}
mno_zabrat_dengi|Tomad el dinero
mno_do_not_take_|No robar
menu_oim_auto_talk_menu|{s2}
menu_oim_potop_defend_church|¡Habéis llegado a tiempo! Los suecos todavía no han saqueado el monasterio. ¡Ya es hora de que volvamos a enseñarles la lección de Kirchholm!
menu_oim_potop_defend_church_result|{s2}
menu_oim_auto_message_menu|{s2}
menu_oim_potop_romeo_fight|{s2}
menu_capitan_vid|Preguntáis a los soldados del campamento dónde podéis encontrar a su comandante, y señalan al capitán. 
mno_merch_tatar|Hablad con el capitán de los mercenarios tártaros.
mno_merch_kozak|Hablad con el capitán de los mercenarios cosacos.
mno_merch_polyak|Hablad con el capitán de los mercenarios polacos.
mno_merch_shved|Hablad con el capitán de los mercenarios suecos.
mno_merch_moskov|Hablad con el capitán de los mercenarios moscovitas.
mno_Back_1|Irse...
menu_oim_potop_kshetuskiy|{s2}
mno_sneak_in|Continuar...
menu_podkup_neg|Al cruzar vuestro emisario las puertas con una bandera blanca para proponer la tregua, habéis oído un disparo y, a continuación, habéis visto como colgaban su cadáver del muro.^^La moral de vuestras tropas se reduce.
mno_Back_2|Continuar...
menu_podkup_ataka|Habéis conseguido sobornar a uno de los defensores de la fortaleza. Ha abierto las puertas, y ahora podéis desencadenar una matanza en la ciudad.
mno_Cont|Continuar...
menu_udral_otravil|Habéis conseguido infiltraros en la ciudad y envenenar el pozo.
mno_Cont1|Continuar...
menu_vzvesili|¡Fracaso! ¡Os han descubierto y capturado!
mno_Cont2|Continuar...
menu_udral_neotravil|Os han descubierto, pero habéis conseguido huir.
mno_Cont3|Continuar...
menu_neudral_otravil|Os han descubierto, pero habéis conseguido envenenar el agua. Ahora tendréis que abriros un camino entre las líneas de defensores.
mno_Cont4|Continuar...
menu_neudral_neotravil|Os han descubierto antes de que pudieseis envenenar el agua. Ahora tendréis que huir, abriéndoos camino entre las líneas de defensores.
menu_sneak_into_town_caught_dispersed_guards_t|Habéis conseguido surcar las hileras de guardias y huir de la ciudad. 
menu_sneak_into_town_caught_ran_away_t|Habéis conseguido ocultaros en el laberinto de calles y huir de la ciudad. 
menu_vorvatsya_uspeh|Habéis conseguido infiltraros en la ciudad, pero parte de vuestro ejército permanece al otro lado de los muros. Necesitaréis eliminar como mínimo al {reg0}% de los defensores antes de poder abrir las puertas.
menu_vorvatsya_proval|No habéis conseguido infiltraros en la ciudad. Peor todavía, vuestra avanzadilla ({s50}) ha sido eliminada por los defensores de la ciudad, y la moral de vuestro ejército principal se ha reducido.
menu_podkop_uspih|Según vuestro cálculo necesitaréis un mínimo de {reg4} horas para colocar los explosivos.
mno_build_podkop_min|Comenzar el trabajo.
menu_podkop_neg|No habéis conseguido colocar los explosivos. Parece que sobrestimasteis vuestros conocimientos sobre esta técnica.
menu_podkop_uspih_walls|Los muros de esta ciudad son demasiado fuertes para poderlos derribar de este modo.
menu_podkop_uspih_uspih|Los explosivos han detonado y han destruido parte del muro...
mno_go_next|¡Comenzar el asalto!
menu_podkop_uspih_neg|Los muros de esta ciudad son demasiado fuertes para poderlos derribar de este modo.
menu_oim_last_game_menu|{s2}
menu_oim_getman_defend_village|¡Llegáis a tiempo! Los bandidos todavía no han saqueado la aldea. Pero se han dado cuenta de vuestra llegada y se están preparando para atacar.
menu_oim_getman_defend_village_result|{s2}
menu_oim_getman_defend_village_result2|Antes de que el anciano termine de hablar, uno de los bandidos heridos le dispara. Por desgracia, la bala alcanza el objetivo... El anciano ya no puede deciros nada más.
menu_oim_getman_letter_text|A la atención del empleado del servicio secreto; entréguesele personalmente.^^Siguiendo vuestras órdenes he descubierto que las tumbas de la casa de Oleg se las llevó robadas de Kiev el príncipe lituano Janusz Radziwill. Dicen que fueron llevadas a su cripta familiar. Por ahora no sé nada más. Pero una cosa es cierta: Radziwill es un hereje protestante, completamente dispuesto a practicar brujería si eso le acercase a la corona. ^Envío este mensaje con un espía de confianza, que Dios le proteja, mientras voy a Riga donde es posible que los archivos de los templarios contengan el secreto de la Maza Negra...
menu_oim_getman_tamplier_archives|{s2}
menu_oim_potop_fight_with_king_result|{s3}
menu_oim_cheats_and_solving_quests_menu|Sin usar
mno_money_menu|truco dinero
mno_exp_menu|truco experiencia
mno_exp_renown|truco fama
mno_add_relation_to_all|truco reputación
mno_add_zagloba|truco añadir zagloba
mno_fac_kingdom_4|truco menos suecos
mno_swedish_prisoner|truco prisionero
mno_exit_menu|Volver...
menu_oim_getman_reading_book|{s3}
menu_getman_book_translated|{s3}
menu_oim_dmitriy_yevangelik|{s3}
menu_oim_getman_fight_in_nesvizh|{s3}
menu_oim_getman_sneack_in|{s3}
menu_oim_getman_quest_failed|{s3}
menu_oim_getman_hmel_order|{s3}
menu_oim_getman_hmel_rebelion|{s3}
menu_oim_getman_casus_beli_hmel|{s3}
menu_oim_getman_casus_beli_hmel_war|{s3}
menu_oim_korono_vitovta|{s3}
menu_oim_dmitriy_captured|{s3}
mno_edit_slot_town_walls_destroyed_door|edit slot town walls destroyed
menu_oim_dmitriy_alevtina_hanum|{s3}
mno_oim_walk_the_streets|Marchad del harén e idos de la ciudad.
menu_oim_barabash_order_mc|{s3}
menu_oim_getman_barabash_rebelion|{s3}
menu_oim_getman_casus_beli_barabash|{s3}
menu_oim_getman_casus_beli_barabash_war|{s3}
menu_oim_tavern_simple_fight|Desafiáis a uno de los clientes de la taberna a una lucha. Vuestro enemigo está preparado y os espera.  
menu_oim_tavern_simple_fight_result|{s2}
menu_oim_duel_fight|A causa de una broma de mal gusto os enzarzáis en una pelea. Este sería un buen momento para sacar a relucir la práctica con la esgrima y dar a vuestro contrincante un buen repaso.
menu_oim_tavern_duel_fight_result|{s2}
menu_oim_tavern_ranged_fight|Os preparáis para un concurso de puntería. Para ganar, debéis acertar a tantas dianas como os resulte posible.
menu_oim_ranged_duel_tavern_result|{s2}
menu_oim_drunken_prison|Cuando estáis punto de coger el arma, los guardias os rodean y os llevan a la fuerza a la prisión...
menu_oim_drunken_wound|Os despertáis quién sabe dónde, molido y sin dinero. Apenas recordáis vuestro último brindis...
menu_oim_alcoholic|Habéis cogido demasiada afición a las tabernas. No pasa ni un día sin que no vaciéis un par de jarras. Pero al hacerlo la fuerza os falla y vuestro dinero se desvanece misteriosamente.
menu_oim_rich_visitor|{s2}
mno_attack|Perseguid al ciudadano.
menu_oim_rich_visitor_result|{s2}
menu_captured_enemy_menu|{s17}
mno_continue_kill|Ejecutad a los prisioneros.
mno_continue_spawn|Liberad a los prisioneros.
menu_capture_prisoners_as_guards|{s17}
mno_continue_guards|Alistaos en la guarnición.
mno_continue_spawn_prisoners|Liberar.
menu_charge_with_bunt|La baja moral de vuestros hombres conduce a una sublevación. Los rebeldes exigen vuestra sangre --u oro-- "a cambio de sus esfuerzos".
mno_continue_bunt|Continuar...
menu_illness_warning|{s0} Los hombres sabios dicen que una buena comida puede ayudar. Tal vez {s1} o {s2} pueden curar a los soldados. En cualquier caso, reposar un rato en la taberna no puede hacer daño.
menu_illness_end|Gracias a un buen reposo y algo de comida decente vuestros soldados se han recuperado de {s0}.
menu_warn_taverna_morale|Vuestros soldados refunfuñan y se quejan ante vos con hambre incesante. Se están cansando de marchar sin pausa de un lado a otro. El descontento se extiende entre vuestros hombres. ^^Hasta vuestros hombres más curtidos insinúan que estaría bien pasar uno o dos días en la posada más próxima...
menu_oim_dmitriy_razin_warn|Corren rumores de que el atamán Stenka Razin ha fomentado otra rebelión. ¡Esta vez contra vos!
menu_oim_razin_asking_for_marshal|{s2}
menu_oim_dmitry_elected|Habéis persuadido a los boyardos para que os presten su apoyo en la elección. En consecuencia os habéis convertido en zar.
menu_oim_dmitry_election_failed|No habéis conseguido atraer a los boyardos a vuestro lado. El Consejo de Boyardos ha elegido a Razin como zar.
menu_simle_text_message|{s2}
menu_oim_diplomacy_window|¿A qué nación deseáis declarar la guerra?
mno_fac_1_continue|{s2}
mno_fac_2_continue|{s2}
mno_fac_3_continue|{s2}
mno_fac_4_continue|{s2}
mno_fac_5_continue|{s2}
menu_submit_war|¿Queréis realmente comenzar una guerra con {s2}?
mno_submit_war|Sí
mno_reject|No
menu_oim_auto_talk_menu2|ninguno
menu_oim_auto_message_menu2|{s2}
menu_notification_about_gold_usage_after_construct|En {s1} {s51}.
menu_notification_about_gold_usage_30_day|En {s1} {s51}.
menu_notification_party_under_siege_with_defence|Durante el asedio, {s2} de {s3} ha perdido {s50} en trampas.
menu_notification_village_element_leave_service|{s2} de {s1} ha renunciado al servicio.
menu_notification_extra_good_ready|Se ha hecho {s2} en {s1} por encargo vuestro. Podéis recogerlo.
menu_ms_additional_menu|{s0}
mno_ms_add_1|{s1}.
mno_ms_add_2|{s1}.
mno_ms_add_3|{s1}.
mno_ms_add_4|{s1}.
mno_ms_add_5|{s1}.
mno_ms_add_6|{s1}.
mno_ms_add_7|{s1}.
mno_ms_add_8|{s1}.
mno_ms_add_9|{s1}.
mno_ms_add_10|{s1}.
mno_ms_back|Volver...
menu_ms_additional_school|{s2}
mno_ms_see_npc_list|Ved lista de compañeros.
menu_ms_additional_merchant_guild|Elegid una acción.
mno_ms_guild_deposit|Depositad dinero a cambio de un {reg0}% mensual.
mno_ms_guild_credit|Tomad un préstamo por un mes a un interés del {reg0}%.
mno_ms_guild_deposit_out|Retirad el depósito ({reg0} táleros)
mno_ms_guild_credit_out|Devolved el préstamo ({reg0} táleros)
menu_ms_guild_get_value|Seleccionad una suma {s0}. Actualmente, la suma {s0} es igual a {reg5}.
mno_ms_guild_500_minus|-500 táleros
mno_ms_guild_500_plus|+500 táleros
mno_ms_guild_1000_minus|-1000 táleros
mno_ms_guild_1000_plus|+1000 táleros
mno_ms_guild_1500_minus|-1500 táleros
mno_ms_guild_1500_plus|+1500 táleros
mno_ms_guild_2000_minus|-2000 táleros
mno_ms_guild_2000_plus|+2000 táleros
mno_ms_continue|Completad la transacción
menu_ms_guild_get_out|¿Deseáis llevar a cabo esta transacción?
mno_ms_guild_break|Sí
mno_ms_guild_back|No
menu_ms_guild_not_enough_money|¡No tenéis bastante dinero para esto!
menu_ms_credit_fight|No habéis devuelto el dinero debido a tiempo, por lo que los banqueros han decidido recuperarlo por la fuerza.
mno_ms_credit_fight_continue|Continuar...
menu_ms_additional_extra_goods|{s0}
mno_ms_extra_goods_next|Continuar...
menu_ms_additional_adviser|{s0}
mno_ms_extra_adviser_continue|Continuar...
menu_notification_change_diplomatic_capital|Ahora siempre pueden encontrarse los embajadores en {s1}.
menu_messenger_for_capital|{s0}
menu_select_ambassador|Seleccionad un embajador:
mno_ambassador_fac1|{s0}
mno_ambassador_fac2|{s0}
mno_ambassador_fac3|{s0}
mno_ambassador_fac4|{s0}
mno_ambassador_fac5|{s0}
mno_back|Volver...
menu_ms_additional_officer|Aquí podéis hablar con el comandante de la guarnición y contratar hombres.
mno_ms_additional_officer_next|Hablad con el comandante de la guarnición.
menu_oim_caravan_delivered|Se han vendido todas las mercancías de la caravana. Después de calcular todos vuestros gastos, os queda un beneficio de {reg1} táleros.
menu_notification_simple_str|{s2}
menu_notification_tax_collected|{s2}
menu_banks_report|{s2}
menu_notification_about_gold_usage_7_day|En {s1} {s51}.
menu_meeting_with_thieves|{s1}
menu_oim_rich_visitor_meal|Usted paga 25 ducados para una buena comida y va a descansar después de eso.
mno_start_resting|Empezar a dormir.
