qstr_Next_Page|Página siguiente
qstr_Game_Rules:^|Reglas del juego:^
qstr_Show_game_rules|Mostrar las reglas
qstr_Continue...|Continuar...
qstr_Candidate_#1:_{s1}|Candidato #1: {s1}
qstr_Candidate_#2:_{s1}|Candidato #2: {s1}
qstr_{s3}_of_{s4}_wishes_|{s3} del {s4} desea elegir un nuevo mariscal, y para ello ha invitado a sus nobles a un consejo. {s1} y {s2} son los candidatos para el puesto.
qstr_Who_do_you_wish_to_s|¿A quién queréis apoyar?
qstr_{s1}|{s1}
qstr_{s1}_gives_his_suppo|{s1} ha recibido el apoyo de {s2}.
qstr_Number_of_Supporters|Número de partidarios: {reg0}
qstr_{s2}_has_heard_his_v|{s2} ha escuchado el consejo de sus nobles y ha elegido a {s1} como mariscal del {s3}.
qstr_Action|Acción
qstr_Attack_Type|Tipo de ataque
qstr_Stand_Ground|Mantened posición
qstr_Charge|Cargad
qstr_Follow_Me|Seguidme
qstr_Hold_This_Position|Mantened esta posición
qstr_Spread_Out|Alejaos
qstr_Stand_Closer|Acercaos
qstr_Fall_Back|Retroceded
qstr_Advance|Avanzad
qstr_Dismount|Desmontad
qstr_Mount|Montad
qstr_Fire_At_Will|Disparad a discreción
qstr_Use_Blunt_Weapons|Usad armas contundentes
qstr_Use_Any_Weapon|Usad cualquier arma
qstr_Ready|Listos
qstr_Wounded|Heridos
qstr_Dead|Muertos
qstr_Remain_in_retirement|Permanecer en retiro.
qstr_Go_back_to_the_adven|Regresar a la aventura.
qstr_You_have_retired_at_|Os habéis retirado a nivel {reg4} tras {reg5} días de aventuras.
qstr_Effect_on_Score|Efecto en la puntuación
qstr_Settlements_owned_by|Habéis capturado {reg0} poblados
qstr_Friendly_Settlements|{reg0} poblados amigos 
qstr_Hostile_Settlements:|{reg0} poblados hostiles
qstr_Friendly_Lords:_{reg|{reg0} señores amigos
qstr_Enemy_Lords:_{reg0}|{reg0} señores hostiles
qstr_Victories:_{reg0}|{reg0} victorias
qstr_Defeats:_{reg0}|{reg0} derrotas
qstr_Quests_Completed:_{r|Habéis completado {reg0} misiones 
qstr_Companions_Found:_{r|Habéis encontrado {reg0} compañeros
qstr_Companions_Lost/Depa|Habéis perdido reg0} compañeros 
qstr_Wealth:_{reg0}_denar|Riqueza: {reg0} táleros
qstr_Inventory:_{reg0}_de|Inventario: {reg0} táleros
qstr_Renown:_{reg0}|Renombre: {reg0}
qstr_Experience:_{reg0}|Experiencia: {reg0}
qstr_Days_Passed:_{reg0}|Días transcurridos: {reg0}
qstr_Difficulty:_{reg0}%|Dificultad: {reg0}%
qstr_TOTAL_SCORE:_{reg0}|PUNTUACIÓN TOTAL: {reg0}
qstr_{s1}_of_{s3}_was_def|{s1} del {s3} fue derrotado en batalla, pero ha escapado.
qstr_DEBUG:_{s1}_no_longe|DEBUG: {s1} ya no lidera ningún grupo.
qstr_DEBUG:_{s1}_is_no_lo|DEBUG: {s1} ya no es prisionero.
qstr_DEBUG:_{s1}_is_now_a|DEBUG: {s1} ahora es prisionero.
qstr_DEBUG:_{s1}_is_now_a_|DEBUG: {s1} ahora es prisionero de {s2}.
qstr_{s54}_is_a_claimant_|{s54} es uno de los pretendientes al trono del {s56}.
qstr_nowhere|ninguno
qstr_{s57}_and_{s58}|{s57} y {s58}
qstr_{s57}_{s58}|{s57}, {s58}
qstr_{reg3?She:He}|{reg3?Ella:Él}
qstr_^{s59}|^{s59}
qstr_{reg6?:{reg4?{s54}_i|{reg6?:{reg4?{s54} es el gobernante de {s56}.^:{s54} es súbdito de {s55} de {s56}.^}}Renombre: {reg5}.^{reg9?{reg3?:} Es {reg3?la señora:el señor} de {s58}.:{reg3?:} No tiene feudos.}{s59} {reg5}.^{reg9?{reg3?Ella:Él} es {reg3?la señora:el señor} de {s58}.:{reg3?Ella:Él} no tiene feudos.}{s59}^{s49
qstr_The_town_of_{s50}|La ciudad de {s50}
qstr_The_village_of_{s50}|La aldea de {s50}, cercana a {s52}
qstr_{s51}_belongs_to_{s1|{s51} pertenece al {s1} del {s2}.^
qstr_{s7}_and_{s8}|{s7} y {s8}
qstr_{s2}It_has_no_villag|{s2}No tiene aldeas.^
qstr_{s2}{reg0?Its_villag|{s2}{reg0?Sus aldeas son:Su aldea es} {s8}.^
qstr_{s2}Its_prosperity_i|{s2}Su prosperidad es: {s50}
qstr_{s7}_{s8}|{s7}, {s8}
qstr_noone|ninguno
qstr_{s9}_and_{s10}|{s9} y {s10}
qstr_{s9}_{s10}|{s9}, {s10}
qstr_{s11}_and_{s12}|{s11} y {s12}
qstr_{s11}_{s12}|{s11}, {s12}
qstr_{s5}_is_ruled_by_{s6|{s5} está gobernado por {s6}.^Ocupa {s8}.^Sus súbidtos son {s10}.^Sus enemigos son {s12}.
qstr_{s5}_has_been_defeat|¡{s5} ha sido derrotado!
qstr_{s7}_opened_the_gate|{s7} ha abierto la puerta
qstr_{s7}_closed_the_gate|{s7} ha cerrado la puerta
qstr_+{reg1}_to_party_mor|+{reg1} a la moral del grupo
qstr_Requires_{reg1}_inte|Requiere {reg1} puntos de inteligencia para ser leído
qstr_Reading_Progress:_{r|Progreso de la lectura: {reg1}%
qstr_wound_treament|tratamiento de heridas
qstr_trainer|instructor
qstr_surgery|cirugía
qstr_+1_to_{s1}_while_in_|+1 a {s1} mientras se encuentra en el inventario
qstr_{s2}|{s2}
qstr_Base_damage_radius:_|Radio de dispersión: {reg1} pasos. Radio de daño: {reg2} pasos
qstr_Move_here|Mover aquí
qstr_View_notes|Ver notas
qstr_killed|Muertos
qstr_wounded|Heridos
qstr_{s0}^TOTAL:_{reg3}__|{s0}^TOTAL: {reg3}. {s2}
qstr_None|N/A
qstr_^None|^Ninguno
qstr_nothing|ninguno
qstr_{reg0}_village{reg1?|{reg0} aldea{reg1?s:}
qstr_{reg0}_castle{reg1?s|{reg0} fortaleza{reg1?s:}
qstr_{reg0}_castle{reg1?s:|{reg0} fortaleza{reg1?s:} y {s0}
qstr_{reg0}_town{reg1?s:}|{reg0} ciudad{reg1?es:}
qstr_{reg0}_town{reg1?s:}_|{reg0} ciudad{reg1?es:} y {s0}
qstr_{reg0}_town{reg1?s:}_{|{reg0} ciudad{reg1?es:}, {s0}
qstr_Your_opponents_are_r|Vuestros oponentes están listos para luchar.
qstr_Try_to_destroy_as_ma|Intentad destruir cuantos objetivos podáis. Tenéis dos minutos y medio para despejar el camino.
qstr_Stay_behind_the_line|Quedaos detrás de la línea y disparad a las dianas. Intentad no desperdiciar disparos.
qstr_Battle_Advantage_=_{|Ventaja en batalla = {reg0}.
qstr_{s9}_wants_you_to_re|{s9} quiere que volváis a seguir a su ejército hasta que os notifique lo contrario.
qstr_OIM_add__{s3}_prosil|Vuestra primera orden de {s3} es sitiar una ciudad.
qstr__Being_Raided_|Atacada
qstr__Looted_|Saqueada
qstr__Under_Siege_|Asediada
qstr_The_village_of_{s1}_|La aldea de {s1} ha sido saqueada por el {s2}.
qstr_{s3}_is_no_longer_un|{s3} ya no se encuentra bajo asedio.
qstr_Enemies_spotted_near|Enemigos encontrados cerca de {s1}.
qstr_{s1}_has_been_besieg|{s1} ha sido asediado por el {s2} del {s3}.
qstr_{s1}_is_chosen_as_th|{s1} es elegido mariscal de {s2}.
qstr_{s1}_is_the_new_mars|{s1} es el nuevo mariscal de {s2}.
qstr_{s1}_decided_to_do_n|{s1} ha decidido no hacer nada.
qstr_{s1}_decided_to_gath|{s1} ha decidido reunir un ejército.
qstr_{s1}_decided_to_besi|{s1} ha decidido sitiar {s2}.
qstr_{s1}_decided_to_raid|{s1} ha decidido asaltar {s2}.
qstr_{s1}_decided_to_atta|{s1} ha decidido atacar {s2}.
qstr_{s1}_decided_to_attac|{s1} ha decidido atacar a todos los enemigos a su alrededor{s2}.
qstr_You_gained_{reg12}_r|Vuestro renombre ha crecido en {reg12} puntos.
qstr_You_lose_{reg12}_ren|Vuestro renombre ha sido mancillado en {reg12} puntos.
qstr_Your_relation_with_{|Vuestra relación con {s1} ha mejorado.
qstr_Your_relation_with_{s|Vuestra relación con {s1} se ha deteriorado.
qstr_You_gain_honour.|Vuestro honor ha aumentado.
qstr_You_lose_honour.|Vuestro honor ha disminuido.
qstr_{s1}_has_declared_wa|{s1} ha declarado la guerra a {s2}.
qstr_{s1}_and_{s2}_have_m|{s1} y {s2} han firmado un tratado de paz.
qstr_{s2}_{reg3?was:is_cu|{s2} {reg3?estaba:está actualmente} en {s3}.
qstr_{s2}_{reg3?was:is}_t|{s2} {reg3?estaba:está} viajando hacia {s3} y {reg3?estaba:debería estar} cerca de {s4}.
qstr_{s2}_{reg3?was:is}_i|{s2} {reg3?estaba:está} de camino y {reg4?she:he} {reg3?estaba:debería de estar} cerca de {s3}{reg3?en aquel momento:en estos momentos.
qstr_{s2}_{reg3?was:is}_b|{s2} {reg3?se encontraba:se encuentra} en cautividad en {s3}.
qstr_{s2}_{reg3?was:has_b|{s2} {reg3?estaba:ha sido} {reg4?capturada:capturado} por sus enemigos.
qstr_{reg3?{s2}_s_locatio|{reg3?Se desconoce la localización de {s2}:No sé dónde está {s2}}.
qstr_{s6}_has_joined_your|{s6} se ha unido a vuestro grupo
qstr_You_now_owe_{reg2}_d|Desde ahora debéis {reg2} táleros a {s1}.
qstr_Renown_value_for_thi|Si ganáis esta batalla, vuestro renombre aumentará en {reg8} puntos.
qstr_You_have_run_into_a_|¡Habéis caído en una trampa!
qstr_You_are_attacked_by_|¡Un grupo de bandidos os ataca!
qstr_Holding|Esperando
qstr_Following|Siguiendo
qstr_Charging|Cargando
qstr_Advancing|Avanzando
qstr_Falling_Back|Retirándose
qstr_Standing_Closer|Acercándose
qstr_Spreading_Out|Alejándose
qstr_Standing|Detenidos
qstr_N/A|N/A
qstr_Any_Weapon|Cualquier arma
qstr_Blunt_Weapons|Armas contundentes
qstr_{s1}_Rebels|{s1} (rebeldes)
qstr_Given_by:_{s62}|Asignada por: {s62}
qstr_Given_on:_{s60}|Asignada el {s60}
qstr_You_have_{reg0}_days|Tenéis {reg0} días para finalizar esta misión.
qstr_This_quest_has_been_|Misión concluida. Para finalizarla hablad con {s59}.
qstr_This_quest_has_been_s|Misión cumplida. Hablad con {s59} para reclamar vuestra recompensa.
qstr_This_quest_has_faile|Esta misión ha fracasado. Hablad con {s59} para explicarle la situación.
qstr_At_the_time_quest_wa|Esta misión, el día que fue asignada, {s1}
qstr_{s1}_is_infested_by_|{s1} está siendo atacada por los bandidos.
qstr_{s5}_has_a_strength_|{s5} tiene una fuerza de {reg1} hombres en total.
qstr_The_last_time_you_sa|La última vez que {reg1?la:lo} viste, {s1}
qstr_The_last_time_you_he|La última vez que oíste hablar de {reg1?ella:él}, {s1}
qstr_{s50}|{s50}
qstr_Current_garrison_con|La guarnición consta de {reg5} hombres.^Tiene reservas de comida para {reg6} días.
qstr_Very_Poor|Muy pobre
qstr_Poor|Pobre
qstr_Average|Normal
qstr_Rich|Rica
qstr_Very_Rich|Muy rica
qstr_Manor|una casa solariega
qstr_A_manor_lets_you_res|Una casa solariega os permite descansar en la aldea y pagar a vuestras tropas la mitad del sueldo mientras estáis descansando.
qstr_Mill|un molino
qstr_A_mill_increases_vil|Un molino incrementa la prosperidad de la aldea en un 5%.
qstr_Watch_Tower|una torre de vigilancia
qstr_A_watch_tower_lets_t|Las torres de vigilancia permiten a los campesinos dar la alarma antes. El tiempo que tardarán vuestros enemigos en saquear la aldea se incrementará en un 25%.
qstr_School|una escuela
qstr_A_shool_increases_th|Una escuela incrementa la lealtad de los campesinos +1 por mes.
qstr_Messenger_Post|un puesto de mensajería
qstr_A_messenger_post_let|Un puesto de mensajería permite a los campesinos enviaros un mensaje cuando se acercan enemigos, incluso si estáis lejos.
qstr_Prison_Tower|una torre de prisioneros
qstr_A_prison_tower_reduc|Una torre de prisioneros reduce la posibilidad de que vuestros prisioneros se escapen.
qstr_Prosperity_of_{s2}_h|La prosperidad de {s2} ha cambiado de {s3} a {s4}.
qstr_{s4}_looks_upset.|{s4} parece alterado.
qstr_OiM_You_ve_lost_your|Habéis perdido vuestro caballo.
qstr_oim_potop_negative_e|En el año de Nuestro Señor de 1655, el rey de Polonia disolvió el Sejm, es decir, el Parlamento, y se autoproclamó zar del mismo modo que el soberano de Moscú. Pero la pequeña nobleza no estaba dispuesta a permitir algo así y pronto empezó una revuelta en todas las tierras de la Gran Polonia y Lituania, Rusyn y Ucrania. En un intento de sofocar la creciente rebelión, el rey contrató a lansquenetes alemanes como mercenarios. ^Al poco tiempo, la República de las Dos Naciones se consumía por las llamas de la guerra cual paja seca. Juan Casimiro, el futuro zar, tras perder la lealtad de su pueblo y de sus nobles, abdicó y huyó acompañado de su último hombre de confianza, un comandante de origen humilde conocido como  {playername}. En la frontera entre Masovia y Prusia, un numeroso grupo de bandidos les tendió una emboscada, un peligro muy común en aquellos días. El rey y sus acompañantes murieron, y nadie ha podido descubrir nunca dónde yacen ocultos sus restos. ^Zenon Petretsky, “Breve historia de la República de Polonia” (1985).
qstr_your_party|vuestro grupo
qstr_{reg0?One_of_your_pr|¡{reg0?Uno de vuestros prisioneros, :}{s1} de {s3} se ha escapado!
qstr_You_brought_{reg3}_h|Habéis llevado {reg3} cabezas de ganado a {s1}.
qstr_I_heard_that_there_w|He oído que pronto habrá un torneo en {s62}.
qstr_I_heard_that_one_can|He oído que es posible comprar {s62} por muy poco dinero en {s63}.
qstr_I_heard_that_they_pa|He oído que {s62} se cotiza muy bien en {s63}.
qstr_Log_entry_{reg3}:_ty|Entrada del registro {reg3}: tipo {reg4}
qstr_Center:_{s4}|Centro: {s4}
qstr_Troop:_{s4}|Tropa: {s4}
qstr_Lord:_{s4}|Señor: {s4}
qstr_Ally_party_is_presen|El grupo aliado está presente
qstr_{s4}_is_present_at_e|{s4} está presente en el acontecimiento
qstr_Event_#{reg5}_type_{|Acontecimiento n.º {reg5}, tipo {reg6}, hora {reg8}: relación de la nación del jugador con el objeto de la tropa = {reg7}
qstr_Event_#{reg5}_type_{r|Acontecimiento n.º {reg5}, tipo {reg6}, hora {reg8}: relación de la nación del jugador con la nación del objeto del centro = {reg7}
qstr_Event_#{reg5}_type_{re|Acontecimiento n.º {reg5}, tipo {reg6}, hora {reg8}: relación de la nación del jugador con el objeto de la nación = {reg7}
qstr_Event_#{reg5}_type_{reg|Acontecimiento n.º {reg5}, tipo {reg6}, hora {reg8}. No hay ninguna relación nacional relevante
qstr_Event_#{reg5}_type_{reg6|Acontecimiento n.º {reg5}, tipo {reg6}, hora {reg8}. Jugador no afiliado
qstr_Elapsed_hours:_{reg7|Horas transcurridas: {reg7}
qstr_Reputation_type:_{s1|Tipo de reputación: {s15}
qstr_Entries_up_to_#{reg5|Entradas omitidas hasta el n.º {reg5}
qstr__{reg6}_dinarov_| ({reg6} tálero(s))
qstr__{s20}_{s22}_{s5}| {s20}, {s22} {s5}
qstr_{s0}___{reg1}|{s0} - {reg1}
qstr__^not_drunk|^^[Sobrio]
qstr__^slightly_drinken|^^[Entonado]
qstr__^quite_drunk|^^[Borracho]
qstr__^cant_say_few_words|^^[Borracho perdido]
qstr_V_otryade_nachalas_e|{s0} asola a vuestros hombres. Deberían parar en la taberna a descansar y comer algo para recuperarse. También les vendría bien que les viera un médico.
qstr_{s0}|{s0}
qstr_{s50}_i_{s0}|{s50} y {s0}
qstr_v_otryade_nachalas_e|{s0} asola a vuestros hombres. Deberían parar en la taberna a descansar y comer algo para recuperarse. También les vendría bien que les viera un médico.
qstr_v_otryade_nachalis_e|{s50} asola a vuestros hombres
qstr_{s2}_{reg3?was:is}_in|{s2} {reg3?estaba:está} está fuera de exploración y {reg4?:} {reg3?estaba:debería de estar} cerca de {s3}{reg3?en aquel momento:en estos momentos}.
qstr_Player:_v_gorode_{s3|Jugador: {s31} pronto estará listo en {s30}.
qstr_{s0}_{s2}|{s0}, {s2}
qstr_V_gorode_{s30}_zaver|{s31} está fabricado en {s30}.
qstr_Glava|Alcalde
qstr_tax:_{reg3}|impuestos: {reg3}
qstr__{s2}_stud:_{reg0}| {s2} stud: {reg0}
qstr_depozita|Depósito
qstr_kredita|Crédito
qstr_Zdes_vi_mozhete_zaka|Aquí podéis pediros armas excelentes.
qstr_Zdes_vi_mozhete_zakaz|Aquí podéis pediros armaduras excelentes.
qstr_Vash_zakaz_esche_ne_|Vuestro pedido aún no está listo.
qstr_Vi_esche_ne_zabrali_|Aún no habéis recogido vuestro pedido anterior.
qstr_Za_mir_nuzhno_budet_|Estamos dispuestos a hacer las paces si nos dais {s5}.
qstr_Za_mir_nuzhno_budet_o|Estoy dispuesto a hacer las paces si me dais {s5} y {s2}
qstr_Uchitivaya_silu_vash|Respetamos el poder de sus armas. Estamos dispuestos a hacer las paces.
qstr_Za_mir_vam_nuzhno_bu|Estamos dispuestos a hacer las paces por una pequeña suma de {reg1} táleros.
qstr_^{s20}_{s21}|^{s20} {s21}
qstr_gorode|ciudad
qstr_zamke|fortaleza
qstr_sele|aldea
qstr_V_{s22}_hodyat_sluhi|Corre un rumor en {s22}: {s21}
qstr_V_etom_{s22}_nichego|No ha pasado nada interesante en {s22}.
qstr_{s3}_{reg1}_|{s3}({reg1})
qstr_{s4}_{s3}_{reg1}_|{s4}, {s3}({reg1})
qstr_Party_has_nothing_to|¡El grupo se muere de hambre!
qstr_{s31}|{s31}
qstr__{s32}| {s32}
qstr__| 
qstr_Cannot_leave_now.|No podéis marcharos ahora.
qstr_You_must_stay_behind|¡Debéis permanecer detrás de la línea! El punto no ha sido anotado.
qstr_You_run_away_from_th|Habéis abandonado el campo de batalla.
qstr_You_came_into_the_wo|Habéis llegado al mundo como {reg3?hija:hijo} de una familia noble en decadencia, dueña únicamente de la casa donde residían. Sin embargo, a pesar de las tribulaciones familiares, vuestra familia pudo pagaros una buena educación, instruyéndoos desde la niñez en los rigores de la aristocracia y la vida en la corte.
qstr_You_were_born_the_{r|Habéis nacido como {reg3?hija:hijo} de mercaderes ambulantes, siempre yendo de un sitio a otro en busca de beneficios. Aunque vuestros padres eran más ricos que muchos y os educaron tanto como pudieron, vos no tuvisteis demasiadas oportunidades para crear lazos de amistad con otras personas, ya que sólo visitabais las aldeas atendiendo al negocio familiar.
qstr_As_a_child_your_fami|De {reg3?niña:niño}, vuestra familia podía sustentarse austeramente gracias al sueldo que cobraba vuestro padre como guardia del señor local. No fue una niñez fácil, y erais demasiado pobre como para acceder a una buena educación. Aprendisteis a defenderos en las calles, con o sin un arma en la mano.
qstr_{reg3?daughter:son}|{reg3?hija:hijo}
qstr_You_were_the_{reg3?d|Nacisteis en el seno de una familia que vivía en el bosque, haciendo todo lo posible para sobrevivir. Cazar, talar árboles, fabricar flechas, incluso practicar la caza furtiva cuando era preciso. El invierno nunca fue un buen momento para vuestra familia, pues el frío se llevaba animales y gente por igual, pero vos vivisteis para ver otro amanecer día tras día, aunque vuestros hermanos y hermanas no fueron tan afortunados.
qstr_You_were_a_child_of_|Sois {reg3?una hija:un hijo} de la estepa, nacisteis en una tribu de nómadas que vivían en campamentos extendidos por las áridas praderas. Como otras gentes tribales, vuestra familia adoraba a los caballos sobre cualquier otra cosa, y os enseñaron a cabalgar antes incluso de que aprendierais a andar. 
qstr_As_the_{reg3?daughte|Como {reg3?hija:hijo} de un ladrón, habéis tenido poca educación formal. Os pasasteis la niñez en la calle, mendigando hasta que aprendisteis a robar monederos, y robando monederos hasta que aprendisteis a forzar cerraduras. Todos esos años, no obstante, os enseñaron a defenderos en la calle, así como los secretos de las ciudades y de los callejones oscuros.
qstr_As_a_{reg3?girl:boy}|Al abandonar la niñez, os enviaron a vivir a la corte de uno de los señores de aquellas tierras. Allí aprendisteis a ser humilde, mientras servíais a los señores y señoras de la casa. Pero de sus juegos de ajedrez, sus cotilleos, e incluso de sus poesías sobre grandes hazañas y amores de corte, aprendisteis todo acerca del conflicto y la competición del mundo de los adultos. También aprendisteis de los juegos que practicaban otros niños, que se golpeaban con palos imitando las espadas de sus mayores.
qstr_As_a_{reg3?girl:boy}_|Al dejar atrás vuestra niñez, os hicisteis aprendiz de artesano para dominar el oficio. Tras años de trabajo duro en el taller de vuestro maestro, os ascendió y contrató con paga completa, durante todo el tiempo que desearais trabajar con él.
qstr_As_a_{reg3?girl:boy}_g|Al dejar atrás vuestra niñez, os hicisteis aprendiz de un mercader local, aprendiendo el oficio durante años de trabajo en las tiendas y caravanas. Pronto dominasteis el arte de comprar barato, vender caro y dejar al cliente satisfecho pensando que había conseguido un buen precio.
qstr_As_a_{reg3?girl:boy}_gr|Al dejar atrás vuestra niñez, vivisteis en la calle, haciendo lo posible por sobrevivir día a día. Mendigando, robando y haciendo trabajillos ilegales para ganaros el pan, sobrevivisteis en este mundo violento, siempre un paso por delante de la ley y de aquéllos que os deseaban mal.
qstr_As_a_{reg3?girl:boy}_gro|Al dejar atrás vuestra niñez, cabalgasteis por las estepas en vuestro caballo, aprendiendo sobre las llanuras y el desierto. Aunque a veces pasasteis hambre, os convertisteis en hábil {reg3?cazadora:cazador} y {reg3?exploradora:explorador} de estas tierras deshabitadas. Vuestro cuerpo también se endureció gracias al rigor físico que caracteriza la vida de {reg3?una:un} nómada.
qstr_{reg3?daughter:man}|{reg3?hija:hombre}
qstr_Though_the_distincti|Crecisteis y finalmente os convertisteis en {reg3?una mujer:un hombre}, y cuando eso ocurrió, el mundo que os rodea pareció cambiar por completo. Cuando os nombraron escudero de un noble de la corte practicasteis muchas horas con las armas, y aprendisteis a dar duros golpes, y también a recibirlos. Se os instruyó en las obligaciones para con vuestro señor, y en vuestros deberes hacia aquellos que un día podrían ser vuestros vasallos. Pero además de aprender los ideales de la caballería, también se os contaron las viejas historias sobre la crudeza del poder político, las traiciones y usurpaciones de hombres que utilizaron su inteligencia y su valor para alcanzar sus metas.
qstr_{reg3?woman:man}|{reg3?mujer:hombre}
qstr_Though_the_distinctio|Aunque el cambio os resultó repentino, en algún momento os habíais convertido en {s13}, y todo el mundo pareció cambiar a vuestro alrededor. Os unisteis a un cerrado círculo de mujeres en la corte, doncellas haciendo cosas de doncellas, de esposas y amantes de hombres nobles así como niñas aún sin esposo. Sin embargo, incluso aquí encontrasteis la maquinaria política, testigo de las cruentas luchas de las damas por predominar una sobre la otra para atraer la atención de los hombres de la corte. Rápidamente aprendisteis a sacar partido de estas situaciones. Con ello, os disteis cuenta de que podíais influir significativamente en el mundo, si os aplicabais a la tarea con un poco de sutileza...
qstr_Though_the_distinction|Aunque el cambio os resultó repentino, en algún momento os habíais convertido en {s13}, y todo el mundo pareció cambiar a vuestro alrededor. Os lanzasteis al mundo sin nada excepto vuestro instrumento a la espalda y vuestra voz. Era una existencia pobre, con multitud de noches hambrientas cuando la gente no apreciaba vuestro arte, pero fuisteis capaz de sobrevivir sólo con vuestra música. Al pasar los años, aprendisteis a tocar frente a bandas de borrachos en las tabernas, y ganasteis experiencia para conseguir lo que deseabais gracias a vuestra labia.
qstr_Though_the_distinction_|Aunque el cambio os resultó repentino, en algún momento os habíais convertido en {reg3?una mujer:un hombre}, y todo el mundo pareció cambiar a vuestro alrededor. Os encontrasteis estudiando en una universidad en una gran ciudad, aprendiendo teología, filosofía y medicina. Pero no todas vuestras lecciones se impartieron en las aulas. A veces os aventurabais con vuestros compañeros por los callejones en busca de vino, mujeres y una buena pelea. Sin embargo, no dejasteis de observar cómo se llevaba a cabo el arreglo de una mandíbula rota, o cómo un ciudadano enfadado podía ser persuadido para dejar su garrote y aceptar una compensación en dinero por la destrucción de su tienda.
qstr_Though_the_distinction_f|Aunque el cambio os resultó repentino, en algún momento os habíais convertido en {s13}, y todo el mundo pareció cambiar a vuestro alrededor. Atendiendo a la llamada del camino, viajasteis de aldea en aldea comprando y vendiendo lo que podíais. No fue una vida adinerada, pero aprendisteis a regatear incluso frente los ancianos más miserables, consiguiendo buenos precios. Intuisteis que pronto estaríais {reg3?lista:listo} para comenzar vuestro propio negocio...
qstr_Though_the_distinction_fe|Aunque el cambio os resultó repentino, en algún momento os habíais convertido en {s13}, y todo el mundo pareció cambiar a vuestro alrededor. Comenzasteis a trabajar en una herrería, creando objetos bellos y útiles a partil del simple metal. Al pasar el tiempo os convertisteis en {reg3?maestra:maestro} de vuestro oficio, y vuestro buen hacer comenzó a reportaros beneficios. Con la tripa llena y la chimenea ardiendo, contemplasteis con orgullo vuestro trabajo y vuestra reputación.
qstr_Though_the_distinction_fel|Aunque el cambio os resultó repentino, en algún momento os habíais convertido en {s13}, y todo el mundo pareció cambiar a vuestro alrededor. {reg3?Hastiada:Hastiado} de la ambición de dinero de los hombres, os refugiasteis en los bosques de vuestro señor y decidisteis haceros con su botín de caza, sin atender a las leyes. Cazasteis ciervos, jabalíes y gansos, y vendisteis su preciada carne en el mercado negro. Talasteis árboles ante las narices de los guardias y los convertisteis en leña que calentó muchos hogares helados en invierno. Todo por una miaja de dinero, por supuesto...
qstr_Only_you_know_exactl|Sólo vos sabéis cuál fue la causa de que abandonaseis vuestra antigua vida y os lanzaseis a la aventura. De todas formas, no fue una decisión difícil, habida cuenta la ira de vuestro corazón. Queréis venganza. Queréis justicia. Lo que os hicieron no puede ser desecho, y estas deudas sólo pueden ser pagadas con sangre...
qstr_Only_you_know_exactly|Sólo vos sabéis cuál fue la causa de que abandonaseis vuestra antigua vida y os lanzaseis a la aventura. Lo único que podéis decir es que no soportabais quedaros, no con los dolorosos recuerdos de vuestros seres amados tan cerca. Tal vez vuestra nueva vida os permita olvidar, u honrar a aquéllos que no os atrevéis a nombrar...
qstr_Only_you_know_exactly_|Sólo vos sabéis cuál fue la causa de que abandonaseis vuestra antigua vida y os lanzaseis a la aventura. Ni siquiera os acordáis de por qué vuestra casa se convirtió en una prisión, de cuándo lo familiar se transformó en mundano, pero vuestros deseos de aventura inundaron vuestra vida. Ya sea que soñáis con llegar a un lugar lejano o simplemente deseáis caminar sin rumbo y libremente, no podíais soportar quedaros en el mismo lugar. Simplemente echasteis a andar, y nunca más mirasteis atrás...
qstr_Only_you_know_exactly_w|Sólo vos sabéis cuál fue la causa de que abandonaseis vuestra antigua vida y os lanzaseis a la aventura. Sin embargo, sabéis que no podéis regresar. No hay nada ni nadie a donde regresar. Vuestro hogar ya no existe y debéis aceptar que os enfrentáis al mundo {reg3?sola:solo}, para ahogaros o salir a flote...
qstr_Only_you_know_exactly_wh|Solo vos sabéis qué es lo que os llevó a abandonar vuestra anterior vida y lanzaros a la aventura. Para todos los demás, está claro que lo único que os motiva es el beneficio personal. Queréis riquezas, poder, que os respeten y que os teman. Queréis ser la persona a la que los demás obedecen. Queréis que la gente conozca vuestro nombre y tiemble cada vez que se pronuncie. Lo queréis todo, y no permitiréis que nadie se interponga en vuestro camino...
qstr_Back_to_the_beginnin|Volver al comienzo...
qstr_View_next_segment...|Ver segmento siguiente...
qstr___| -
qstr__+| +
qstr_^No_food:___{reg7}|^Sin comida:  -{reg7}
qstr_^Wage_debt:___{reg6}|^Deudas de sueldo:  -{reg6}
qstr_Current_party_morale|La moral actual del grupo es de {reg5}.^^Los modificadores de la moral son:^^Moral de base:  +50^Tamaño del grupo: {s2}{reg1}^Liderazgo: {s3}{reg2}^Variedad de comida: {s4}{reg3}{s5}{s6}^Acontecimientos recientes: {s7}{reg4}^TOTAL:  {reg5}
qstr_Defending|Defendiendo
qstr_Gathering_army|Reuniendo ejército
qstr_Besieging_{s11}|Asediando {s11}
qstr_Raiding_{s11}|Atacando {s11}
qstr_Attacking_enemies_ar|Atacando a los enemigos circundantes {s11}
qstr_No_one|Nadie
qstr_{s9}{s10}^Current_st|{s9}{s10}^Estado actual: {s11}^Mariscal: {s12}^Desde la última ofensiva: {reg1} horas^Máximo de seguidores de la ofensiva: {reg2}^^
qstr_Selected_faction_is:|La facción seleccionada es: {s10}^^{s9}
qstr_You_are_currently_re|Actualmente estáis leyendo {s8}.
qstr_You_are_not_reading_|No estáis leyendo ningún libro.
qstr_none|ninguno
qstr_{s5}_and_{s6}|{s5} y {s6}
qstr_{s5}_{s6}|{s5}, {s6}
qstr_Renown:_{reg2}.^Hono|Renombre: {reg2}.^Índice de honor: {reg3}.^Amigos: {s8}.^Enemigos: {s6}.^{s9}
qstr_Your_estates_are:_{s|Vuestras propiedades son: {s8}.^{s9}
qstr_You_are_a_lord_of_{s|Sois un noble de {s8}.^{s9}
qstr_Current_party_size_l|El límite actual del grupo es {reg5}.^Los modificadores del tamaño del grupo son:^^Tamaño base:  +{reg4}^Liderazgo: {s2}{reg1}^Carisma: {s3}{reg2}^Renombre: {s4}{reg3}^TOTAL:  {reg5}
qstr_Loyal|Lealtad
qstr_Devoted|Lealtad
qstr_Fond|Simpatía
qstr_Gracious|Simpatía
qstr_Friendly|Respaldo
qstr_Supportive|Respaldo
qstr_Favorable|Simpatía
qstr_Cooperative|Simpatía
qstr_Accepting|Indiferencia
qstr_Indifferent|Indiferencia
qstr_Suspicious|Indiferencia
qstr_Grumbling|Recelo
qstr_Hostile|Recelo
qstr_Resentful|Rencor
qstr_Angry|Rencor
qstr_Hateful|Odio
qstr_Revengeful|Odio
qstr_Vengeful|Hostilidad
qstr_{s2}^{s4}:_{reg1}__{|{s2}^{s4}: {reg1} ({s3})
qstr_Your_relation_with_t|Vuestra relación con las naciones es:^{s2}
qstr_V_{s10}_stroitsya_{s|{s11} se ha construido en {s10}. {reg4} restantes = {reg5}
qstr_V_{s10}_postroeno_{s|La construcción de {s11} se ha terminado en {s10}.
qstr_Player_renown_is_inc|El renombre del jugador se ha incrementado en 100. 
qstr_{reg1}_{s1}_{reg2?ac|{reg1} {s1} {reg2?aceptan:acepta} la oferta.
qstr_No_one_accepts_the_o|Nadie acepta la oferta.
qstr_You_start_reading_{s|Comenzáis a leer {s2}. Pasadas unas páginas, presentís que podríais aprender mucho de este libro. Decidís mantenerlo cerca para leerlo cuando tengáis tiempo.
qstr_You_flip_through_the|Pasáis las páginas de {s2}, pero el texto os parece confuso y difícil. Intentáis comprenderlo, pero termináis con dolor de cabeza y tenéis que dejar el libro.
qstr_You_paid_{reg3}_of_y|Habéis pagado {reg3} de vuestros {reg4} táleros a vuestros hombres. Os queda(n) {reg5} tálero(s).
qstr_Your_debt_to_your_me|Vuestra deuda con vuestros hombres asciende a {reg3} táleros, pero solo os quedan {reg4}. La cantidad pendiente de {reg5} se agrega como deuda, y el grupo pierde moral.
qstr_This_week_s_wages:_{|Salarios de esta semana: {reg6} táleros^Deudas anteriores: {reg2} táleros^Total: {reg3} táleros^Riqueza actual: {reg4} táleros^^{s1}
qstr_Villagers|Aldeanos
qstr_You_have_encountered|Os habéis encontrado con un grupo de {s1}.
qstr_Armiya_protivnika_po|Las fuerzas enemigas se han replegado al campo.
qstr_You_have_engaged_{s1|Os encontráis una batalla. {s1} está atacando a {s3}. Decidís acudir en ayuda de {s3}
qstr_You_were_caught_by_{|{s1} os ha adelantado mientras vuestras fuerzas asaltaban {s3}.
qstr_You_were_victorious!|¡Victoria!
qstr_Battle_was_lost._You|Vuestras fuerzas han sido aplastadas... habéis perdido la batalla.
qstr_Your_companions_carr|Vuestros compañeros os apartan de la lucha.
qstr_You_have_defeated_th|Habéis derrotado al enemigo.
qstr_You_have_retreated_f|Os habéis retirado de la lucha.
qstr_^^Ally_Casualties:{s|^^Bajas aliadas:{s0}
qstr_{s1}_of_{s3}_managed|{s1} del {s3} ha logrado escapar.
qstr_{s17}|{s17}
qstr__V_gorode_ostalos_{r|Aún quedan {reg0} soldados vivos, a los que cogéis prisioneros. ¿Qué queréis hacer con ellos?
qstr__V_gorode_ostalos_{re|Aún quedan {reg0} guerreros vivos, a los cuales habéis liberado. ¿Queréis alistarlos en la guarnición?
qstr_Victory_comment._Pla|Comentario sobre la victoria. El jugador estaba solo.
qstr_Ordinary_victory_com|Comentario sobre la victoria ordinaria. El jugador ha utilizado por lo menos el 40 por ciento de sus fuerzas.
qstr_Player_participation|Comentario sobre la participación del jugador. El enemigo tenía por lo menos una fuerza inicial de 1000.
qstr_No_victory_comment._|Ningún comentario sobre la victoria. La batalla era pequeña, y el jugador ha utilizado menos del 40 por ciento de las fuerzas aliadas.
qstr_Some_of_your_tendons|Algunos de vuestros tendones fueron dañados durante la batalla. Perdéis 1 punto de fuerza.
qstr_You_took_a_nasty_wou|Os han provocado una herida grave que os hace cojear incluso después de haberse curado. Perdéis 1 punto de agilidad.
qstr_You_have_trouble_thi|Tras la batalla tenéis problemas para concentraros, tal vez debido a un fuerte golpe en la cabeza, y ahora sufrís de migrañas. Vuestra inteligencia se reduce en 1.
qstr_Perhaps_I_m_getting_|Tal vez estoy perdiendo mi buena suerte...
qstr_Retirement_is_starti|Lo de retirarse suena cada vez mejor.
qstr_No_matter!_I_will_pe|¡No importa! ¡Perseveraré!
qstr_What_did_I_do_to_des|¿Qué he hecho para merecer esto?
qstr_I_suppose_it_ll_make|Supongo que al menos tendré muchas anécdotas que contar...
qstr_Player_retreats_from|El jugador se retira de la batalla
qstr_{s9}_wants_you_to_fo|{s9} quiere que sigáis a su ejército hasta que os indique lo contrario.
qstr_{s8}_of_{s9}|{s8} del {s9}
qstr__Your_own_banner_fli|Esta fortaleza os pertenece.
qstr__You_see_the_banner_|Esta fortaleza pertenece a {s7}.
qstr__This_castle_seems_t| Esta fortaleza parece no tener dueño.
qstr__Your_own_banner_flie| Vuestro estandarte ondea sobre las puertas de la ciudad.
qstr__You_see_the_banner_o|Esta ciudad pertenece a {s7}.
qstr__The_townsfolk_here_| El pueblo ha declarado su independencia.
qstr_Zapasov_edi_v_{reg6?|En la {reg6?ciudad:fortaleza} hay suficientes provisiones para otros {reg3} días.
qstr_Zapasov_edi_v_{reg6?g|Se han terminado las provisiones de la {reg6?ciudad:fortaleza}. Los defensores se están muriendo de hambre.
qstr_Vi_stroite_lestnici_|Habéis comenzado a construir escaleras. Faltan {reg9} horas para que las terminéis.
qstr_Prokladka_podkopa_dl|Colocar explosivos llevará otras {reg9} horas.
qstr_Postroika_lestnic_za|Los preparativos ya están listos. Podéis empezar a cargar contra la ciudad cuando queráis.
qstr_Postroika_podkopa_za|Los preparativos ya están listos. Podéis empezar a cargar contra la ciudad cuando queráis.
qstr_As_a_last_defensive_|Como última medida defensiva, os retiráis a la sala principal de la fortaleza. Vos y vuestros últimos soldados lucharéis allí desesperadamente. Si os derrotan, no tenéis ya ningún lugar a donde escapar.
qstr_You_ve_been_driven_a|Habéis perdido los muros de la ciudad a manos del enemigo, que invade ya las calles. Si conseguís vencerlo, tal vez podáis cambiar vuestra suerte.
qstr_You_ve_breached_the_|¡Habéis conseguido atravesar los muros de la ciudad, pero los obstinados defensores continúan la resistencia en las calles! Tendréis que ocuparos de ellos antes de poder atacar el corazón de la fortaleza.
qstr_The_town_centre_is_y|El centro de la ciudad es vuestro, pero para cantar victoria primero debéis derrotar a los últimos defensores.
qstr_The_remaining_defend|Los defensores restantes se han refugiado en la fortaleza como último recurso. Debéis entrar y aplastar a la resistencia.
qstr__kriticheskie|critical
qstr__ogromnie|massive
qstr__visokie|high
qstr_However_since_you_ar|Sin embargo, al no haber jurado lealtad a {s9}, no hay posibilidad de que él os reconozca como {señor/señora} de {reg8?esta ciudad:este castillo}.
qstr_The_enemy_has_been_f|El enemigo ha sido obligado a retirarse. El asalto ha concluido, pero el asedio continúa.
qstr__This_village_and_th| Esta aldea y todo lo que la rodea os pertenecen.
qstr__You_remember_that_t| Recordáis que esta aldea y sus tierras colindantes pertenecen al {s7}.
qstr__These_lands_belong_| Estas tierras no pertenecen a nadie.
qstr__{s3}__{reg9}_.| {s3} ({reg9}).
qstr__The_village_is_infe| La aldea está infestada de {reg8} {s35}.
qstr__The_village_has_bee| La aldea ha sido arrasada. Unas pocas almas se dispersan mientras pasáis por entre las casas quemadas.
qstr__The_village_is_bein| La aldea ha sido asaltada.
qstr_No_one_here_seems_to|Nadie parece estar interesado en unirse a vuestro grupo.
qstr_One_{s3}_volunteers_|Un {s3} se ofrece voluntario a seguiros.
qstr_{reg5}_{s3}_voluntee|{reg5} {s3} se ofrecen voluntarios a seguiros.
qstr_Try_as_you_might_you|Por más que lo intentasteis, no pudisteis vencer a los bandidos. Llenos de ira, arrasan la aldea para castigar a los campesinos, y luego abandonan las tierras que acaban de incendiar.
qstr_village|Aldea
qstr_town|La ciudad
qstr_castle|fortaleza
qstr_{s18}_{s0}|{s18}, {s0}
qstr_The_{s17}_has_no_imp|{s17} no tiene mejoras.
qstr_The_{s17}_has_the_fo|{s17} tiene las siguientes mejoras: {s18}.
qstr_The_assasins_beat_yo|Los asesinos os golpean hasta dejaros inconsciente en el suelo y se van creyendo haberos matado.
qstr_You_have_fallen._The|Habéis caído. Los bandidos rebuscan rápidamente en vuestro cuerpo para robaros lo que tenéis, y desaparecen en la noche. Os han dejado con vida, aunque poco les ha faltado para mataros.
qstr_Luckily_some_of_your|Por fortuna, algunos de vuestros compañeros vienen a buscaros cuando ven que no volvéis y os encuentran en el suelo junto al camino. Rápidamente os llevan a un sitio seguro y atienden vuestras heridas.
qstr_Luckily_some_passing|Por fortuna, algunos campesinos os encuentran en la cuneta y se percatan de que no sois cualquiera. Ellos os llevan a una posada cercana y atienden vuestras heridas.
qstr_You_fail_to_steal_an|Sois incapaz de robar el ganado.
qstr_You_drive_away_{reg1|Sacáis {reg17} {reg12?cabezas:cabeza} de ganado del rebaño de la aldea.
qstr_OiM_Teper_luchshe_{s|Será mejor que no os vea {s9}.
qstr_OiM_Potop_Loshad_tep|El caballo ha sido capturado. Es hora de llevarlo a su sitio.
qstr_You_are_at_{s2}.|Estáis en {s2}.
qstr__You_have_successful| Habéis sido capaz de pasar sin que os detectaran.
qstr___{reg1}_denars_per_| ({reg1} táleros por noche)
qstr_Moreover_you_earn_{r|Además, ganáis {reg8} táleros por las astutas apuestas que habéis hecho sobre vuestra persona...
qstr_Victory_is_yours!_Yo|¡La victoria es vuestra! Habéis ganado este combate, pero ahora debéis prepararos para la próxima ronda. 
qstr_You_have_been_bested|Os han vencido en este combate, pero el maestro de ceremonias reconoce vuestra habilidad y valentía, permitiéndoos participar en la siguiente ronda. 
qstr_{s11}^{s12}|{s11}^{s12}
qstr_You_were_beaten._The|Os han vencido. Los campesinos están felices de su éxito, pero la lección que intentabais inculcarles probablemente no les ha llegado...
qstr_After_beating_your_l|Tras vencer a vuestro último oponente, explicáis a los campesinos cómo defenderse contra un ataque así. Esperáis que hayan aprendido y la próxima vez puedan luchar mejor.
qstr_The_bandits_are_brok|¡Los bandidos han sido derrotados! Los pocos que quedan vivos y conscientes huyen con el rabo entre las piernas, aterrorizados de los campesinos y de su nuevo líder.
qstr_{s1}_s_Ship|Barco de {s1}
qstr_^{s3}_=_{reg1}{s1}|^{s3} = {reg1}{s1}
qstr_^{s3}_=_{reg1}{s2}|^{s3} = {reg1}{s2}
qstr_However_{reg3?You_ar|Sin embargo, {reg3?no sois:{s1} no es} capaz de encontrar mercancías de comercio que puedan procurar ganancias.
qstr_^Buying_{s4}_here_an|^Si compráis {s4} aquí y lo vendéis en {s5} os reportará una ganancia de {reg6} táleros por unidad.{s3}
qstr_{reg3?You_find:{s1}_|{reg3?Os dais:{s1} se da} cuenta que:^{s3}
qstr__Continue....|Continuar...
qstr__Ne_hvataet_money_nu|No hay suficiente dinero. Se necesitan ({reg8} táleros.
qstr__Back|Continuar...
qstr__Stoimost_{reg8}_din|Coste: {reg9} táleros.
qstr__Continue|Continuar...
qstr_{s2}^{reg1}_{s1}_ear|{s2}^{reg1} {s1} ha ganado {reg0} puntos de experiencia.
qstr_{s2}^{s1}_earned_an_|{s2}^{s1} ha ganado {reg0} puntos adicionales de experiencia.
qstr_^You_earned_{reg0}_e|^Habéis ganado {reg0} puntos de experiencia.{s2}
qstr_The_training_didn_t_|El entrenamiento no ha ido nada bien.
qstr_The_training_didn_t_g|El entrenamiento no ha ido demasiado bien.
qstr_The_training_went_qu|El entrenamiento fue bastante bien.
qstr_The_training_went_ve|El entrenamiento fue muy bien.
qstr_The_training_went_pe|El entrenamiento fue perfectamente.
qstr_{s13}_asked_you_to_r|{s13} os ha pedido que reportéis ante él con al menos {reg13} tropas.
qstr_{s13}_ordered_you_to|{s13} os ha ordenado que os unáis en el asalto a {s14}.
qstr_Find_and_speak_with_|Debéis buscar y hablar con {s3} de {s4} para ofrecerle vuestro juramento de vasallaje.
qstr_you|vos
qstr_OiM_You_ve_failed_to|No habéis conseguido proteger la aldea.
qstr_OiM_You_ve_protected|Habéis desviado al enemigo. Podéis proseguir vuestro camino.
qstr_OiM_You_ve_failed_to_|No habéis conseguido entregar el caballo.
qstr_OiM_You_ve_protected_|Habéis logrado aventajar a vuestros perseguidores. Tenéis que entregar el caballo lo antes posible, antes de que alguien decida quedárselo.
qstr_OiM_Da_takoe_bivaet_|Una oportunidad así solo se presenta una vez en la vida.
qstr_OiM_Potop_Pani_osvob|La doncella es libre. Es hora de volver.
qstr_OiM_Potop_kshetuskiy|Debéis entrar a escondidas en el establo.
qstr_OiM_You_ve_failed_to_w|No habéis logrado controlar a la resistencia enemiga; perdéis la batalla.
qstr_OiM_You_ve_got_the_h|Habéis logrado aventajar a vuestros perseguidores. Debéis entregar el caballo cuanto antes a Skrzetuski.
qstr_Kozaki_podnyali_na_n|¡Los cosacos han dado la alarma a los guardias!
qstr_OIM_getman_heroe_can|Escrito del instructor de la ciudad húngara de Berghoff al gran maestro. ^^Saludos, Monsieur! He podido saber que la legendaria Maza Negra es una reliquia de una de las familias dirigentes más importantes de Rusia. Según la leyenda familiar de la dinastía Oleg, a mediados del siglo XII, sus antepasados hicieron un pacto secreto con los sacerdotes paganos, los adivinos. En aquellos tiempos, los adivinos tenían mucho poder sobre el pueblo llano, y a través de dicha influencia, los príncipes pretendían hacerse con el poder. ^Entonces fue cuando los adivinos regalaron a los príncipes de la casa de Oleg la Maza Negra, una maza con un poder extraordinario. Los príncipes erigieron el monasterio de Kirillovskiy, cerca de Kiev, donde por lo visto se encuentra la maza. ^^Una leyenda similar corre entre los magnates de Zhmuda, los Radziwill, los cuales tienen antepasados pertenecientes al clero que se remontan hasta los tiempos de la dinastía de Rurik.
qstr_OIM_getman_heroe_nee|El libro está escrito en una lengua antigua que no comprendéis. Necesitáis a alguien que os lo traduzca.
qstr_OIM_add__pora_nayti_|Tras pasar muchas horas en los archivos, descubrís que la maza debe de estar en el panteón familiar de los Radziwill.
qstr_OiM_You_ve_failed_to_wi|Habéis perdido la batalla. Los guardias os han maniatado y os han encarcelado.
qstr_OiM_You_ve_wing_the_|El rey ha sido destronado.
qstr_OIM_add_getman__Da_z|Radziwill trató de buscar la maza con ahínco por una buena razón. Aquel que la posea obtendrá con toda probabilidad el respaldo de todas las familias importantes. Debéis intentar encontrar ese antiguo objeto...
qstr_OIM_add_getman__Knig|No se puede leer el libro sin la ayuda de un intérprete.
qstr_OIM_add_getman__Prik|Es hora de mostrar al enemigo cómo son capaces de luchar los cosacos.
qstr_OIM_add_getman__Nuzh|El hetman tiene una nueva misión para vos. Debéis reuniros con él.
qstr_OiM_dmitriy_Teper_ko|Ahora que los guardias de la prisión están muertos, solo el zar sabe qué aspecto tenéis. Necesitáis encontrar un benefactor poderoso que os proteja.
qstr_OIM_add_getman__Prika|Barabash os ordena conquistar el zarato de Moscovia.
qstr_OIM_add_getman__Bunt|La insurrección se ha ahogado con sangre. Barabash quiere veros.
qstr_you_we_lost_the_figh|Habéis perdido la batalla. Y lo que es peor, debéis pagar al enemigo {reg0} táleros.
qstr_you_won_the_fight._A|Habéis ganado {reg0} táleros. También habéis aprendido algunas tácticas de combate.
qstr_you_we_lost_the_fight|Os han derrotado, pero tenéis suerte y solo tenéis una herida superficial.
qstr_you_won_the_fight._An|Habéis ganado el combate y habéis aprendido un par de trucos nuevos.
qstr_You_ve_got_wound.._I|Os han herido. Será mejor que descanséis un poco y repongáis fuerzas.
qstr_oim_the_duel_is_over|El combate ha quedado en tablas.
qstr_oim_the_duel_is_over.|Habéis perdido. Deberíais practicar vuestro disparo.
qstr_oim_the_duel_is_over._|Vuestras largas horas de práctica con el mosquete os han sido de gran utilidad. ¡Habéis ganado!
qstr_You_sought_that_the_|Mientras cenabais en la taberna, os habéis fijado en un ciudadano rico. Veis que está algo borracho, y que no os resultaría nada difícil aligerarle un poco el pesado monedero...
qstr_There_is_gourds._It_|Después de descansar y comer en la taberna, decidís continuar vuestro viaje.
qstr_You_lost_the_fight._|Habéis perdido. Los guardias han oído la pelea y os han tumbado...
qstr_The_man_is_dead..._Y|Habéis matado a vuestro adversario. Le cogéis el arma y algo de dinero.
qstr_you_were_killed_as_c|El veredicto del tribunal es muy duro: {playername} es sentenciado a morir en la horca por asesinato y robo.
qstr_Nu_vow_vostaniye_zak|Ha terminado la rebelión. Es hora de hablar con Razin.
qstr_Razin_now_is_the_mar|Ahora Razin es el mariscal.
qstr_OiM_text_for_main_qs|El mensajero ha dicho que el rey en persona quería veros...
qstr_Viberite_nuzhnuyu_va|Elegid el servicio que necesitáis
qstr_Na_daniy_moment_eto_|El centro del poblado está vacío, y solo se oye el viento aullar en las solitarias calles.
qstr_V_vashem_otryade_net|No tenéis compañeros.
qstr_V_vashem_otryade_ime|En vuestro grupo tenéis compañeros, que pueden ser entrenados.
qstr_Prosmotret_spisok_go|Consultad la lista de ciudades que no están sitiadas, donde tenéis ayudantes.
qstr_U_vas_net_gorodov_gd|Por ahora no tenéis ningún lugar donde enviar a un ayudante.
qstr_Vam_nuzhno_poslat_go|Han capturado vuestra capital y tenéis que elegir una provisional.
qstr_Vibor_stolici_proshe|Ya tenéis una nueva capital.
qstr_Vam_nuzhno_vibrat_di|No tenéis ninguna capital, o ninguna ciudad a la que trasladar vuestra capital.
qstr_{s5}|{s5}
qstr_{s6}_^{s5}|{s6} ^{s5}
qstr_{s7}|{s7}
qstr_{s8}_^{s7}|{s8} ^{s7}
qstr_Breaking_camp...|Levantando el campamento...
qstr_{s65}|{s65}
qstr_Current_wealth:_{reg|Riqueza actual: {reg1}
qstr_Your_party_is_spotte|Vuestro grupo fue avistado por {s1}.
qstr_{reg1}_{s1}_{reg2?ha|{reg1} {s1} {reg2?se ha:se han} escapado de vuestro grupo durante la noche.
qstr_{s1}_of_{s3}_has_bee|{s1} de {s3} ha sido puesto en libertad.
qstr_Building_of_{s0}_in_|La construcción de {s0} en {s4} ha finalizado.
qstr_{s1}_is_no_longer_in|{s1} ya no está infestado de bandidos por la noche.
qstr_You_pay_for_accommod|Pagáis por el alojamiento.
qstr__Your_tactics_skill_| Vuestra habilidad de tácticas ha aumentado 1 punto.
qstr__Your_persuasion_ski| Vuestra habilidad de persuadir ha aumentado 1 punto.
qstr__Your_leadership_ski| Vuestra habilidad de liderar ha aumentado 1 punto.
qstr__Your_intelligence_h| Vuestra inteligencia ha aumentado 1 punto.
qstr__Your_trade_skill_ha| Vuestra habilidad de comerciar ha aumentado 1 punto.
qstr__Your_weapon_master_| Vuestra habilidad de maestría en armas ha aumentado 1 punto.
qstr__Your_engineer_skill| Vuestra habilidad de ingeniería ha aumentado 1 punto.
qstr_You_have_finished_re|Habéis terminado de leer {s1}.{s2}
qstr_Book_Read|Leer libro
qstr_You_must_follow_{s1}|¡Debéis seguir a {s1}!
qstr_You_must_follow_{s1}!|¡Debéis seguir a {s1}! ¡Es vuestro último aviso!
qstr_{s1}_is_scouted.|Habéis localizado {s1}.
qstr_{s1}_has_switched_fr|{s1} ha cambiado de {s2} a {s3}.
qstr_{s4}_is_in_{s5}|{s4} está en {s5}
qstr_OiM_Ne_uspeli_otoyti|Antes de que podáis alejaros de los cosacos, el prisionero trata de hablar con vos.
qstr_OiM_add_{s2}_joined_|¡{s2} se ha unido a la rebelión de Zagloba!
qstr_{s5}^_{s1}|{s5}^ {s1}
qstr_You_promised_to_help|Habéis prometido ayudar a {s13} a reclamar el trono del {s14}.
qstr_{s6}_has_joined_your_|{s6} se ha unido a vuestro grupo.
qstr_{reg65?my_Lady:my_Lo|{reg65?mi Señora:mi Señor}
qstr_{reg65?My_Lady:My_Lo|{reg65?mi Señora:mi Señor}
qstr_{reg65?madame:sir}|{reg65?dama:señor}
qstr_{reg65?Madame:Sir}|{reg65?dama:señor}
qstr_Viberite_variant.|Esto es lo que os puedo ofrecer:
qstr_Seychas_vse_dostupni|En estos momentos, todos los oficiales capacitados están ocupados entrenando a los reclutas.
qstr_U_vas_nedostatochno_|Vuestro monedero no tiene suficientes fondos ni para contratar a un miliciano.
qstr_Vot_vse_chto_dostupn|Esto es lo que os puedo ofrecer.
qstr_Vot_chto_vam_seychas|Ya está disponible:
qstr_Na_daniy_moment_net_|No hay opciones disponibles.
qstr_Ya_seychas_zaynuat_p|Perdonadme, pero aún estoy ocupado con vuestro pedido de {s1}. Terminaré dentro de {reg2} {reg1?días:horas}.
qstr_Viberite_zhelayumiy_|¿Qué queréis saber?
qstr_Zdes_esche_net_{s1}.|A este lugar aún le falta {s1}
qstr_Zdes_uzhe_est_{s1}.|Este lugar ya tiene {s1}
qstr_{reg0?Naynyat:Postro|{reg0?Contratar:Construir}.
qstr_U_vas_zdes_uzhe_post|Ya habéis construido los siguientes edificios:^
qstr_Zdes_k_tebe_loyalni_|En esta ciudad habéis designado los siguientes cargos:^
qstr_U_vas_nichego_esche_|Por el momento no ha habido suerte en ese aspecto.
qstr_It_s_your_money_or_y|La bolsa o la vida, {señor/señora}. No os mováis o lo lamentaréis.
qstr_Lucky_for_you_you_ca|Por suerte para su excelencia, estoy de buen humor. Dadnos todo el dinero y puede que os dejemos vivir.
qstr_This_a_robbery_eh?_I|Señor, esto es un asalto, ¿entendido? Sus doy la posibilidad de darme tó lo que lleváis o yo y mis amigos os matamos a tós. ¿Ha quedao claro?
qstr_we_have_made_very_li|hemos progresado muy poco hasta ahora
qstr_we_have_suceeded_in_|hemos conseguido ganar algo de terreno, pero aún nos falta bastante para llegar
qstr_we_have_become_a_sig|nos hemos convertido en una fuerza importante, y tenemos posibilidades de ganar
qstr_we_are_winning_the_w|estamos ganando la guerra, pero nuestros enemigos aún resisten
qstr_we_are_on_the_verge_|estamos a punto de alcanzar la victoria. Los enemigos que restan no son una amenaza, pero aún debemos acabar con ellos
qstr_Yes_{s5}?|¿Sí , {s5}?
qstr__no_fiefs_|(Sin feudos)
qstr__fiefs:_{s0}_|(Feudos: {s0})
qstr_{playername}_when_we|{playername}, cuando comencé mi larga andadura, poca gente tuvo el coraje de apoyarme, y mucho menos aún de arriesgar su vida por mi causa. Pero vos no os lo pensasteis dos veces y cargasteis contra mis enemigos. Hemos pasado por muchas cosas juntos, y hubo momentos en los que casi perdí la esperanza, pero con la ayuda de Dios hemos prevalecido. Ha llegado la hora de que os abandone y tome lo que es mío por derecho. De hoy en adelante asumiré la gran responsabilidad de gobernar {s3}. Sé que aún nos esperan muchos desafíos y cuento con vuestra ayuda para superarlos. Y por supuesto, no habrá mejor hombre de confianza para mí que vos.
qstr_I_am_{s4}_the_ruler_|Soy el {s4}, el regente del {s6}
qstr_I_am_{s4}_a_vassal_o|Soy el {s4}, noble del {s6}
qstr_{s9}{reg5?_and_the_l|{s9}{reg5? y el señor de {s8}.:.
qstr_Your_mission_is_comp|Habéis cumplido la misión, y {s9} quiere que volváis con su ejército hasta nuevo aviso.
qstr_{s13}_asked_you_to_g|{s13} os ha pedido que le entreguéis {reg3} cabezas de ganado.
qstr_{s9}_asked_you_to_sc|{s9} os ha pedido que exploréis {s13}, {s14} y {s15}, y que luego le informéis de lo que encontréis.
qstr_{s16}_and_{s17}|{s16} y {s17}
qstr_{s16}_{s17}|{s16}, {s17}
qstr_Very_well_I_will_acc|Muy bien, os acepto nuevamente entre mis filas, si es que volvéis a jurarme vuestra lealtad.
qstr_A_pardon_will_only_b|Solamente os perdonaré si me cedéis {s17}. ¿Estáis de acuerdo?
qstr_No._There_is_no_chan|No. No hay posibilidad de paz entre nosotros, no me interesa.
qstr_We_are_not_at_war_wi|No estamos en guerra con nadie.
qstr_We_are_at_war_with_{|Estamos en guerra con {s12}.
qstr_{s9}_asked_you_to_ta|{s9} os ha pedido que llevéis un mensaje a {s13}. {s13} supuestamente estaba en {s4} cuando se os asignó esta misión.
qstr_{s9}_asked_you_to_tak|{s9} os ha pedido que llevéis un mensaje a {s13} de {s15}. {s13} supuestamente estaba en {s4} cuando se os asignó esta misión.
qstr_{s11}_asked_you_to_e|{s11} os ha pedido que escoltéis a su {s17} {s13} a {s14}.
qstr_{s13}_asked_you_to_d|{s13} os ha pedido que os libréis de los bandidos que ocupan la aldea de {s15} y que luego regreséis para informarle.
qstr_{s9}_asked_you_to_ra|{s9} os ha pedido que le llevéis {reg1} {s14}.
qstr_{s9}_asked_you_to_co|{s9} os ha pedido que recaudéis los impuestos de {s3}. Os ha ofrecido un quinto de todo el dinero recaudado.
qstr_{s9}_asked_you_to_hu|{s9} os ha pedido que deis caza a un fugitivo llamado {s4}. Se cree que actualmente se esconde en {s3}.
qstr_{s9}_asked_you_to_as|{s9} os ha pedido que asesinéis a un mercader local de {s3}.
qstr_{s9}_has_asked_you_t|{s9} os ha pedido que os encontréis con un espía en {s13}.
qstr_{s9}_asked_you_to_ca|{s9} os ha pedido que capturéis y saqueéis las caravanas de {reg13} para provocar una guerra con {s13}.
qstr_{s9}_asked_you_to_cat|{s9} os ha pedido que atrapéis a los tres grupos de siervos fugitivos y que los llevéis a {s4} vivos. Dice que los tres grupos se dirigen hacia {s3}.
qstr_{s11}_asked_you_to_f|{s11} os ha pedido que sigáis a un espía que saldrá de {s12}. Debéis tener cuidado y no dejar que el espía os aviste, o podría sospechar y darse la vuelta. Una vez que el espía se encuentre con su contacto, deberéis capturarlos y llevarlos de regreso a {s11}.
qstr_{s11}_asked_you_to_c|{s11} os ha pedido que capturéis a un noble del {s13}, cualquiera, y que luego se lo llevéis a {s11} para custodiarlo allí.
qstr_{s9}_asked_you_to_le|{s9} os ha pedido que le prestéis a vuestro compañero, {s3}, durante una semana.
qstr_{s9}_asked_you_to_col|{s9} os ha pedido que recaudéis la deuda de {reg4} táleros que le debe {s3},el cual estaba en {s4} cuando se os asignó esta misión.
qstr_{s11}_gave_you_a_fak|{s11} os entregó una carta falsa para engañar a {s13} y que destierre a su noble, {s16}. Debéis acercaros a {s14}, darle la carta a uno de vuestros {s15} y enviarlo a la ciudad como mensajero, haciéndole creer que sus órdenes son auténticas.
qstr_{s9}_has_requested_y|{s9} os ha pedido que le llevéis {reg1} {s3} como prisioneros.
qstr_Lend_your_experience|Prestad vuestro experto cirujano, {s3}, a {s1}.
qstr_Then_take_it_with_my|Entonces tomad estos pequeños presentes junto con mi eterno agradecimiento. Sois {un noble caballero/una noble dama}. Nunca olvidaré que me ayudasteis cuando os necesité.
qstr_Forgive_me_{playerna|Perdonadme, {playername}, pero debo insistir en que aceptéis mi regalo. El dinero no significa mucho para mí, y os debo demasiado. Por favor, aceptadlo y no se hable más.
qstr_{playername}_what_a_|{playername}, qué {buen hombre/buena mujer} sois, pero no os permitiré que rechacéis esto. Os debo más de lo que puedo pagar, y tengo la seguridad de que usaréis este dinero mejor que yo.
qstr_{s11}_asked_you_to_r|{s11} os ha pedido que rescatéis a su {s17}, {s13}, de {s14} intercambiando vuestras ropas y tomando su lugar en prisión.
qstr_{s11}_asked_you_to_d|{s11} os ha pedido que entreguéis un mensaje a {s13}, que está cautivo en {s14}.
qstr_You_agreed_to_challe|Habéis accedido a desafiar a {s13} para defender el honor de {s11}.
qstr_{s5}__Persuasion_str|{s5} (Gracias a vuestra capacidad de persuasión os habéis ahorrado {reg5} táleros)
qstr_Persuasion_Attempt|Intento de persuasión
qstr_A_villager_from_{s7}|Un aldeano de {s7} os ha rogado que salvéis a su aldea de los bandidos que se han refugiado allí.
qstr_You_chose_well_{sir/|Habéis elegido bien, {señor/señora}. Mis hombres saben mantener su palabra y ganarse su sueldo.
qstr_Well_done_{sir/madam|Bien hecho, {señor/señora}. Que el dinero y el vino sigan llegando, y no tendréis enemigos a quienes temer.
qstr_We_are_at_your_servi|Estamos a vuestro servicio, {señor/señora}. Decidnos a quien hay que enseñar una lección, y nosotros haremos el resto.
qstr_You_will_not_be_diss|No os defraudarán, {señor/señora}. No encontraréis mejores soldados que estos en mil kilómetros a la redonda.
qstr_The_Guildmaster_of_{|El alcalde de {s13} os ha pedido que os encarguéis de los saqueadores que asolan sus territorios.
qstr_{s9}_of_{s3}_asked_y|{s9} de {s3} os ha pedido que entreguéis {reg5} unidades de {s6} a la taberna de {s4} a lo largo de la semana.
qstr_Escort_the_merchant_|Escoltad la caravana de mercaderes hasta la ciudad de {s8}.
qstr_Merchant_{s9}_of_{s4|El mercader {s9} de {s4} os ha pedido que deis caza a los bandidos problemáticos que merodean cerca de la ciudad.
qstr_Guildmaster_of_{s4}_|El alcalde de {s4} os ha dado {reg12} táleros para que paguéis el rescate de una doncella capturada por unos bandidos. Debéis encontraros con los bandidos cerca de {s3} y pagar el rescate. Luego, deberéis regresar con la doncella a {s4}.
qstr_Guildmaster_of_{s4}_p|El alcalde de {s4} os ha prometido {reg12} táleros si os aseguráis que {s12} y {s13} ya no suponen una amenaza para el tratado de paz entre {s15} y {s14}. Para lograrlo, debéis convencerlos o capturarlos y apresarlos hasta que se firme el tratado.
qstr_The_Guildmaster_of_{s|El alcalde de {s14} os ha pedido que os hagáis cargo de un grupo de bandidos que está sembrando el terror en las calles de {s14}. Solo salen por la noche y únicamente atacan a viandantes que van solos.
qstr_Guildmaster_of_{s10}|El alcalde de {s10} os ha pedido que llevéis una manada de reses hacia {s13}. A cambio ganaréis {reg8} táleros.
qstr_He_is_not_commanding|En estos momentos no está al mando de ningún hombre.
qstr_He_currently_command|Actualmente está al mando de {reg0} hombres{reg1?, de los cuales {reg1} están heridos:}.
qstr_The_elder_of_the_vil|El anciano de la aldea de {s3} os ha pedido que le llevéis {reg5} sacos de trigo.
qstr_The_elder_of_the_vill|El anciano de la aldea de {s13} os ha pedido que entrenéis a {reg5} paisanos para que aprendan a combatir contra los bandidos.
qstr_The_elder_of_the_villa|El anciano de la aldea de {s3} os ha pedido que le llevéis {reg5} cabezas de ganado.
qstr_As_{s9}_said_it_woun|{s9} os aconseja que visitéis a {s10}. Al parecer, el anciano del pueblo busca hombres valientes que le hagan un par de recados.
qstr_OiM_The_elder_{s9}_a|En los alrededores del pueblo de Zamoshye han acampado unos bandidos y el anciano os pide que os encarguéis de ellos.
qstr_OiM_The_elder_{s9}_as|{s9} os ha pedido que persuadáis a {s10} para que baje los impuestos.
qstr_OiM_The_elder_{s9}_ask|{s9} os ha pedido que le entreguéis 3 sacos de {s10}.
qstr_OiM_The__De_la_Gardi|Las nuevas pistas os llevan a {s10}. Quizá la gente del pueblo sepa algo...
qstr_OiM_getman_No_skazal|A pesar de vuestro fracaso, el anciano menciona que Evangelic está en {s4}.
qstr_OiM_The__{s9}_asked_|{s9} os ha pedido que entreguéis {s10} a la Sich.
qstr_OiM_nu_vot_so_shmato|Con un trozo de manteca en la boca, el tártaro apenas puede hablar.
qstr_OiM_Kozaki_zametii_4|Los cosacos han descubierto vuestra traición...
qstr_OiM_The_{s9}_asked_y|{s9} os ha pedido que lo entreguéis a {s10}.
qstr_OiM_Kozaki_zametili_|Los cosacos han descubierto que los habéis traicionado.
qstr_OiM_teper_mozhno_dal|Ahora ya podéis proseguir el viaje.
qstr_OiM_Ischi_teper_yego|Al atamán se ha dicho...
qstr_OiM_The_{s9}_need_to|{s9} ha dicho que debéis llevar un mínimo de {reg0} soldados a {s10}.
qstr_OiM_Ne_uspeli_s_cona|Antes de que hubierais podido desmontar siquiera, los cosacos llegaron a la aldea...
qstr_OiM_Jaz_budet_jarko|Al parecer la batalla es inevitable. Ahora veréis con vuestros propios ojos lo que son capaces de hacer los cosacos en combate...
qstr_OiM_{s9}_asked_you_v|{s9} os ha pedido que os dirijáis a Moscú y que entreguéis mercancías a los cosacos del Don.
qstr_OiM_Potop_nuzhno_per|Se ha recibido la mercancía. Ahora debéis llevarla a {s6}.
qstr_OiM_{s9}_asked_you_t|{s9} os ha ordenado que interceptéis una caravana llena de armas, la cual, según sus informes, ha salido de {s10} rumbo a {s11}.
qstr_OiM_{s9}_asked_you_to|{s9} os ha pedido que llevéis a Clermont ante el rey.
qstr_OiM_{s9}_asked_you_to_|{s9} irá con vosotros si lleváis un mínimo de diez soldados...
qstr_OiM_{s9}_asked_you_to_b|{s9} os ha pedido que saqueéis {s10}.
qstr_OiM_{s9}_skazal_chto|{s9} dice que hablará con el hetman en vuestro nombre.
qstr_OiM_{s9}_asked_to_br|{s9} os ha pedido que llevéis al caballo {s10}.
qstr_As_{s9}_said_to_get_|{s9} os ha pedido que recaudéis dinero de {s10} y lo llevéis a Hmelnitski.
qstr_As_{s9}_give_you_a_r|{s9} os ha dado una recomendación para {s10}.
qstr_OiM_{s9}_asked_to_lo|{s9} os ha pedido que saqueéis tres aldeas de la república de Polonia.
qstr_OIM_add_{s9}_asked_y|{s9} os aconseja que busquéis al coronel Zagloba. Lo más probable es que ese viejo oficial polaco esté en alguna taberna de su tierra.
qstr_OIM_add_{s9}_asked_yo|{s9} os ha pedido que llevéis una carta a {s10}.
qstr_OIM_add_{s9}_deliver|{s9} os ha ordenado que le entreguéis un soldado sueco prisionero.
qstr_OIM_add_You_were_ask|Un sagrado monasterio polaco está en peligro. El rey Juan Casimiro os ha ordenado {s10}, para hacer retroceder a los infieles suecos que están profanando el famoso monumento.
qstr_OIM_add_Wam_nuzhno_o|La capital polaca caído a manos de los suecos. Debéis recuperar {s10} a toda costa. No solo está en juego vuestro destino, sino que el futuro de la república de Polonia está entre las cuerdas.
qstr_OIM_add_{s9}_asked_you|{s9} os ha pedido que capturéis a un oficial sueco.
qstr_OIM_add_{s9}_asked_you_|{s9} os ha encargado una difícil misión: asegurar un tratado de paz entre la república de Polonia y el kanato de Crimea. Para ello, debéis abandonar el servicio de Juan Casimiro, buscar a {s10} y ofrecerle vuestra ayuda en la lucha por el trono. A cambio, hacedle prometer que una vez sea proclamado kan, deberá firmar la paz con la república de Polonia. Pero conseguirle el trono a quien lo reclama no es una tarea nada fácil. Tendréis que pasar a todos los mirzas tártaros a vuestro bando y coger prisionero a todo aquel que disienta, así como tomar todas las ciudades y fortalezas del kanato de Crimea.
qstr_OIM_add_{s9}_asked_you_t|A cambio de su colaboración, {s9} os ha pedido que conquistéis dos ciudades del zarato de Moscovia.
qstr_OiM_Potop_Pora_pogov|Habéis cumplido las órdenes del rey y ha llegado la hora de hablar con él.
qstr_OIM_add_As_{s9}_said|{s9} os ha prometido devolveros vuestro cargo y os restituirá vuestro título si lográis recuperar el apoyo de la pequeña nobleza. Debéis hablar con el coronel Zagloba e intentar poner de vuestro lado al menos a la mitad de la pequeña nobleza... No querréis que nadie grite "nie pozwalam!" en la reunión del Sejm.
qstr_OiM_Potop_{s3}_prosi|{s3} os ha ordenado que apreséis a {s4}.
qstr_OiM_Potop_Shveda_slo|En busca de un prisionero sueco.
qstr_OiM_Potop_Borzobagat|Habéis descubierto que Borzobogataya está en {s5}.
qstr_{s4}_{s2}|{s4}, {s2}
qstr_{s5}_{s2}|{s5}, {s2}
qstr_OIM_add_Nu_polkiy_se|El Sejm está celebrando una sesión. Ahora solo tenéis que esperar el resultado.
qstr_OIM_add_Nu_vot_teper|Ahora {s7} quiere que capturéis {s3}, {s4}, {s5} y {s6}.
qstr_OIM_add__{s2}_hochet|El rey quiere que capturéis {s3}.
qstr_OIM_add__Teper_pora_|Es hora de reunir a una milicia contra el rey para colocar a un hombre en el trono que sea digno de ocuparlo. Para empezar, deberéis aseguraros el apoyo de la pequeña nobleza...
qstr_OIM_add__Teper_kogda|Juan Casimiro ha llamado a algunos lanceros independientes a sus tierras, a los que deberéis detener antes de que saqueen todas las ciudades de la república de Polonia.
qstr_{s4}.|{s4}.
qstr_OiMP2_str_qst_potop_|Son tiempos peligrosos para la república de Polonia, ya que está siendo acosada por enemigos desde todos los flancos: los suecos, los moscovitas, los cosacos... Polonia necesita un héroe que intercepte la avalancha sueca, que haga a la nobleza rebelde replantearse las cosas y que desafíe al enemigo...
qstr_OIM_add_getman__{s4}|{s4} quiere que protejáis {s3} de un asalto.
qstr_OIM_add_getman__star|Lamentablemente, el viejo no os lo contó todo. Pero es posible que haya alguien más que sepa algo de la Maza Negra...
qstr_OiM_add_Nu_teper_por|Habéis encontrado una pista. Quizá Clermont sepa algo de la Maza Negra.
qstr_OIM_add_getman__{s5}|Clermont relató que había oído hablar de la Maza Negra a {s5}.
qstr_OIM_add__chtobi_uzna|Habéis descubierto que es posible que {s3} sepa el secreto de la Maza Negra. Debéis iniciar una insurrección contra {s4} para ayudar a {s3} a conseguir el trono.
qstr_OIM_add__{s3}_prosil_|{s3} os ha ordenado hablar con el alcalde de Kiev.
qstr_OIM_add_Kiev_{s3}_pr|Debéis devolver Kiev a {s3}.
qstr_OIM_add__Net_zolota_|Quizá el alcalde de Kiev sepa algo. Pero sin nada de plata de por medio, no esperéis reunir mucha información.
qstr_OIM_add__Nu_chto_zhe|¡El cosaco tenía razón! Radziwill está implicado en la historia de la Maza Negra. Es hora de hacerle unas cuantas preguntas al príncipe...
qstr_OIM_add__{s3}_hochet|Sin responder ni una sola pregunta,{s3} os ha pedido que cojáis prisionero a un mirza tártaro.
qstr_OIM_add__pora_iskat_|Habéis encontrado una carta escrita por el mirza que afirma que los archivos templarios contienen información sobre la Maza Negra. Convendría ir a {s20} a consultar dichos archivos. 
qstr_OIM_add_Kyazya_Olgov|Tras haber dedicado mucho tiempo a leer los archivos, descubrís que los príncipes de la dinastía de Oleg estaban directamente relacionados con la historia de la Maza Negra.
qstr_OIM_add__nuzhno_vitr|No es un tipo nada fácil. Debéis hacerle hablar de algún modo.
qstr_OIM_add_getman__Pora|Otra pista y otro misterio: ¡el Libro del cuervo!
qstr_OiM_getman_Knigu_moz|El libro no es nada fácil de descifrar. Necesitáis encontrar a un erudito, San Pafnuty de {s6}.
qstr_OiM_getman_Nuzhno_pe|Pafnuty ha accedido a traduciros el libro, pero para ello necesita acceder a los archivos de {s3}.
qstr_OiM_getman_Kniga_na_|Habéis llevado a Pafnuty a los archivos. Ahora solo debéis esperar a que os traduzca el libro...
qstr_OIM_add_getman__Koza|Dicen que el cosaco Mamai conoce muchas leyendas. Quizá deberíais hablar con él...
qstr_OIM_add_getman__Bara|Resulta que el hetman Barabash está vivo. Os podría ser de gran utilidad...
qstr_OIM_add_getman__Nu_c|Habéis urdido un plan: acercaros a Radziwill vestido de mercenario para intentar matarlo...
qstr_{s1}_s_tomb|Aquí yace {s1}
qstr_OIM_add_getman__Chto|Os habéis unido al bando de Barabash, y ahora debéis lograr que se unan a vosotros al menos la mitad de los coroneles cosacos para ganar influencia y conseguir la maza del Hetman para Barabash.
qstr_OIM_add_getman__tepe|Ahora que os habéis unido a los cosacos, Mamai intentará convencer a Hmelnitski de que os conceda el título de mariscal. Debéis esperar hasta que se decida la cuestión.
qstr_OIM_add_getman__{s5}_|{s5} dice que la caravana partió de {s3} y se dirigió a {s4}. Quizá Hmelnitski tenga razón.
qstr_OIM_add_getman_Bilo_|Habéis decidido ser franco en los asuntos diplomáticos y enviáis a un heraldo para que explique vuestras intenciones...
qstr_Velikoye_Knyazestvo_|Gran Principado de Rus
qstr_OIM_add_getman_Koron|Primero la Maza Negra y ahora la corona de Vitautas... Cada día un nuevo misterio.
qstr_Mamay|Mamai
qstr_Nu_chto_zhe_budem_tr|Al parecer, la corona está en {s3}. Tendréis que entrar a escondidas en las mazmorras del monasterio para cogerla...
qstr_OIM_add_getman_od_mo|De un mar al otro: ese es el deseo del nuevo gran príncipe...
qstr_OIM_add_getman__Nu_ch|El camino hasta el trono está lleno de peligros y obstáculos. El osado caballero que se decida a destronar a nuestro padre el zar y ocupar su puesto deberá tener una mente astuta y un valor inigualable. Debe ser lo bastante valiente como para librar terribles batallas y estar dispuesto a derramar sangre inocente.
qstr_OiM_dmitriy_Teper_kog|{s4} está ofendido por vuestra negativa a ayudarle. Ahora hay pocas esperanzas de que os cuente la historia del Período Tumultuoso.
qstr_OIM_add_getman__Nuzhn|Habéis descubierto que un tal Gerasim Evangelic os puede contar muchas cosas de Dimitry El Falso. Podéis buscarlo en {s3}.
qstr_OiM_The_elder_{s9}_s|{s9} dice que el cura está en {s10}. Intentad hablar con la gente del pueblo; a lo mejor lo han visto.
qstr_OiM_getman_Yavangeli|Habéis descubierto que Evangelic está en {s4}.
qstr_OIM_add_getman__Nuzhno|Antes de dar su última exhalación, Gerasim os ha ordenado que habléis con {s3}.
qstr_OiM_The_{s9}_prosil_|{s9} os ha pedido que recojáis a Eleanor de {s10} y la llevéis a {s11}.
qstr_OiM_The_{s9}_prosilf|{s9} os ha pedido que la llevéis a {s11}.
qstr_OiM_The_{s9}_prosilf_|{s9} os ha pedido que llevéis una carta a {s10}.
qstr_OiM_The_{s9}_prosil_v|{s9} os ha pedido que llevéis una carta a {s10}.
qstr_OiM_The_{s11}_dobriy|{s11} es un hombre serio. No le interesaban vuestras explicaciones y os ha enviado directamente a que os interroguen.
qstr_OiM_The_Nu_chto_zhe_|Ahora que habéis perdido a vuestro benefactor, no os queda más remedio que ir a {s11}.
qstr_OiM_Alevtina_v_Kafe_|Alevtina está encerrada en Kafa.
qstr_OiM_pohozhe_alevtinu|Parece que el mirza no dejará marchar a Alevtina así como así. Tendréis que utilizar la fuerza...
qstr_OiM_getman_Pohozhe_b|Al parecer Razin no bromeaba con lo del nuevo zar... Muy bien, pues que así sea.
qstr_OiM_Teper_kogda_ya_p|Ahora que reclamáis el trono, debéis persuadir a los nobles de que tenéis derecho a gobernar.
qstr_{s5}.|{s5}.
qstr_{s3}|{s3}
qstr_{s2}_{s3}|{s2}, {s3}
qstr_I_can_smell_a_fat_pu|Puedo oler un monedero abultado desde lejos. Creo que al vuestro le vendría bien aligerarse un poco, ¿no?
qstr_Why_it_be_another_tr|¡Vaya, pero si es {otro viajero/otra viajera}! ¡Qué coincidencia que nos encontremos por aquí! Os advierto que estos parajes son algo peligrosos para {un hombre/una mujer} como vos. Pero por un pequeño donativo mis chicos y yo nos aseguraremos de que lleguéis {sano y salvo/sana y salva} a vuestro destino, ¿eh?
qstr_Well_well_look_at_th|¡Vaya, vaya, fijaos en esto! Me parece que vuestro monedero pesa demasiado. Dadme alguna monedita y os dejaremos continuar en paz, ¿de acuerdo?
qstr_There_s_a_toll_for_p|Para pasar por aquí tenéis que pagar un peaje, así que si no os importa, empezad a soltar monedas o nos cobraremos la deuda nosotros mismos.
qstr_Another_fool_come_to|{Otro/Otra} idiota que quiere morir a mis manos, ¿eh? ¡Pues bien, luchemos!
qstr_We_re_not_afraid_of_|No nos asustas, {cerdo/bruja}. ¡Os partiremos la cabeza!
qstr_That_was_a_mistake._|Habéis cometido un error. Ahora tendré que daros una muerte lenta y dolorosa.
qstr_Brave_words._Let_s_s|Valientes palabras. ¡A ver cómo las demostráis con hechos, {perro/perra}!
qstr_A_{s5}?_Well..._Yes_|¿{s5}? Pues... sí, supongo que sí. Vaya pregunta más extraña.
qstr_Eh?_No_it_most_certa|¿Eh? No, a buen seguro no es un {s5}. Si yo fuera vos, empezaría a cuestionar mi vista.
qstr_This_is_the_{reg4?to|Estáis en {reg4?la ciudad:la aldea} de {s5}, {señor/señora}.
qstr_{s6}_Our_{reg4?town:|{s6} {reg4?Nuestra ciudad:Nuestra aldea} y las tierras colindantes os pertenecen, mi {señor/señora}.
qstr_{s6}_Our_{reg4?town:v|{s6} {reg4?Nuestra ciudad:Nuestra aldea} y las tierras colindantes pertenecen al {s7} del {s8}.
qstr_{s3}_and_{s5}|{s3} y {s5}
qstr_{s3}_{s5}|{s3}, {s5}
qstr_{reg20?We_mostly_pro|{reg20?Aquí producimos sobre todo {s5}:Actualmente, no producimos casi nada}. Si queréis más información, podéis hablar con {reg4?nuestro alcalde:el anciano del pueblo}. Está justo allí.
qstr__U_Vas_maximalnovozm|Me parece que ya tenéis una dotación completa, señor. ¿Algo más?
qstr__U_Vas_ne_hvataet_de|Señor, no tenéis bastantes monedas para pagar a los mercenarios. ¿Algo más?
qstr___Skolko_naemnikov_n|¿Cuántos hombres necesitáis?
qstr__U_vas_netu_etogo_ti|No hay nadie a quien podáis rearmar, señor. ¿Algo más?
qstr__Viberite_razdel|Bien, entonces elegid, señor. ¿Qué necesitan vuestros hombres?
