menu_start_game_0|亲 爱 的 冒 险 者 ！ 欢 迎 来 到 《 骑 马 与 砍 杀 ： 火 与 剑 》 的 世 界 ！ 在 你 开 始 旅 程 之 前 ， 你 必 须 建 立 你 的 人 物 并 选 择 游 戏 难 度 。 
mno_start_easy|简 单 
mno_start_normal|中 等 
mno_start_hard|困 难 
mno_go_back_dot|返 回 
menu_start_phase_2|{s10}
mno_get_deal_with|查 明 是 有 什 么 麻 烦 。 
mno_talk_to_monfore|继 续 。 
mno_camp_train_archery|开 始 练 习 。 
mno_continue|继 续 … … 
menu_reports|角 色 声 望 ： {reg5}^荣 誉 级 别 ： {reg6}^部 队 士 气 ： {reg8}^部 队 上 限 ： {reg7}^
mno_view_character_report|角 色 状 态 。 
mno_view_party_size_report|队 伍 规 模 。 
mno_view_morale_report|士 气 报 告 。 
mno_view_faction_relations_report|阵 营 关 系 。 
mno_view_banking_reports|存 款 贷 款 。 
mno_resume_travelling|继 续 旅 程 。 
menu_custom_battle_end|战 斗 结 束 。 {s1}你 的 队 伍 杀 死 了 {reg5}人 ， 敌 人 的 队 伍 杀 死 了 {reg6}人 。 你 杀 死 了 {reg7}人 。 
menu_start_game_1|选 择 你 的 性 别 。 
mno_start_male_2|男 。 
mno_start_female|女 。 
mno_go_back|返 回 … … 
menu_start_character_1|你 是 哪 国 人 ？ 你 的 家 人 是 做 什 么 的 ？ 
mno_start_noble|我 的 父 母 都 是 上 流 社 会 人 物 。 
mno_start_merchant|一 个 旅 行 商 人 。 
mno_start_guard|一 个 老 兵 。 
mno_start_forester|一 个 猎 人 。 
mno_start_nomad|一 个 游 牧 民 。 
mno_start_thief|一 个 盗 贼 。 
menu_start_character_2|{s10}^^从 你 刚 开 始 走 路 说 话 的 时 候 你 就 开 始 在 这 个 世 界 上 学 习 了 。 你 小 的 时 候 当 过 … … 
mno_page|一 个 贵 族 的 侍 从 。 
mno_apprentice|一 个 手 工 匠 的 学 徒 。 
mno_stockboy|一 个 商 人 的 助 手 。 
mno_urchin|一 个 街 头 小 流 氓 。 
mno_nomad|一 个 大 草 原 上 的 孩 子 。 
menu_start_character_3|{s11}^^世 事 难 料 。 你 长 大 之 后 ， 无 奈 地 成 为 了 … … 
mno_squire|一 个 贵 族 。 
mno_lady|一 个 待 嫁 的 小 姐 。 
mno_troubadour|一 个 吟 游 诗 人 。 
mno_student|一 个 大 学 生 。 
mno_peddler|一 个 小 商 贩 。 
mno_craftsman|一 个 铁 匠 。 
mno_poacher|一 个 偷 猎 者 。 
menu_start_character_4|{s12}^^不 过 在 一 段 时 间 以 后 ， 一 切 都 发 生 了 变 化 ， 你 决 定 孤 身 一 人 去 远 方 冒 险 。 让 你 做 出 这 个 举 动 的 原 因 是 … … 
mno_revenge|私 人 恩 怨 。 
mno_death|失 去 爱 人 的 痛 苦 。 
mno_wanderlust|对 于 探 险 的 热 爱 。 
mno_disown|被 家 里 赶 了 出 来 。 
mno_greed|对 权 力 与 财 富 的 追 求 。 
menu_choose_skill|你 看 到 远 处 有 一 个 时 刻 准 备 战 斗 的 人 。 
mno_begin_adventuring|看 看 发 生 了 什 么 事 。 
menu_past_life_explanation|{s3}
mno_view_next|{s5}
menu_auto_return|菜 单 自 动 返 回 到 … … 
menu_morale_report|{s1}
menu_faction_orders|{s9}
mno_faction_orders_next_faction|选 择 下 一 个 国 家 。 
mno_faction_orders_defend|下 令 防 守 。 
mno_faction_orders_gather|下 令 集 合 军 队 。 
mno_faction_orders_increase_time|增 加 进 攻 持 续 时 间 24小 时 。 
mno_faction_orders_rethink|重 新 下 令 。 
mno_faction_orders_rethink_all|所 有 国 家 重 新 下 令 。 
menu_character_report|{s9}
menu_party_size_report|{s1}
menu_faction_relations_report|{s1}
menu_camp|你 建 立 了 一 个 营 帐 ， 你 想 做 什 么 ？ 
mno_camp_action|行 动 。 
mno_oim_diplomacy_menu|外 交 。 
mno_wagenburg_action_on|用 马 车 建 立 一 个 堡 垒 。 
mno_wagenburg_action_off|毁 掉 马 车 堡 垒 。 
mno_camp_wait_here|在 这 里 等 一 会 儿 。 
mno_camp_cheat|作 弊 菜 单 ！ 
mno_ms_extra_adviser|给 镇 长 助 手 捎 个 信 儿 。 
menu_camp_cheat|选 择 作 弊 项 目 ： 
mno_camp_cheat_1|增 加 声 望 。 
mno_camp_action_4|返 回 营 地 菜 单 。 
menu_camp_action|选 择 你 要 做 的 事 ： 
mno_camp_recruit_prisoners|从 俘 虏 中 募 兵 。 
mno_action_read_book|选 一 本 书 读 。 
mno_action_retire|从 冒 险 中 退 出 。 
menu_camp_recruit_prisoners|你 答 应 这 些 俘 虏 ， 如 果 他 们 加 入 你 的 话 ， 你 就 给 他 们 以 自 由 。 {s18}
mno_camp_recruit_prisoners_accept|接 受 。 
mno_camp_recruit_prisoners_reject|拒 绝 。 
menu_camp_no_prisoners|你 没 有 俘 虏 可 以 招 募 。 
menu_camp_action_read_book|选 一 本 书 读 ： 
mno_action_read_book_1|{s1}。 
mno_action_read_book_2|{s1}。 
mno_action_read_book_3|{s1}。 
mno_action_read_book_4|{s1}。 
mno_action_read_book_5|{s1}。 
mno_action_read_book_6|{s1}。 
mno_action_read_book_7|{s1}。 
menu_camp_action_read_book_start|{s1}
menu_retirement_verify|你 现 在 的 时 间 是 {reg0}天 。 运 气 是 {reg1}。 你 确 实 想 要 从 这 场 冒 险 中 退 出 吗 ？ 
mno_retire_yes|是 的 。 
mno_retire_no|不 。 
menu_end_game|去 意 已 决 ， 你 决 定 放 弃 冒 险 者 的 生 活 ， 并 定 居 下 来 。 你 卖 掉 了 所 有 的 武 器 与 护 甲 ， 收 拾 起 行 囊 ， 策 马 奔 向 夕 阳 的 余 辉 之 中 … … 
mno_end_game_bye|再 会 。 
menu_pay_day|{s1}。 
menu_cattle_herd|你 遇 到 了 一 群 牛 。 
mno_cattle_drive_away|赶 走 他 们 。 
mno_cattle_stop|把 他 们 带 到 一 个 休 息 点 。 
mno_cattle_kill|屠 宰 其 中 的 一 些 。 
mno_leave|离 开 。 
menu_cattle_herd_kill|你 想 屠 宰 几 头 ？ 
mno_cattle_kill_1|一 。 
mno_cattle_kill_2|二 。 
mno_cattle_kill_3|三 。 
mno_cattle_kill_4|四 。 
mno_cattle_kill_5|五 。 
menu_cattle_herd_kill_end|你 不 会 读 到 这 个 的 … … 
menu_arena_duel_fight|你 和 你 的 对 手 准 备 好 决 斗 了 。 
menu_simple_encounter|{s2}你 将 以 {reg10}人 的 部 队 迎 战 对 手 {reg11}人 。 
mno_encounter_attack|突 入 敌 阵 ！ 
mno_encounter_attack_wagenburg_mounted|上 马 战 斗 。 
mno_encounter_attack_wagenburg_unmounted|下 马 战 斗 。 
mno_encounter_order_attack|坐 镇 指 挥 ， 让 你 的 部 队 攻 击 。 
mno_encounter_leave|离 开 。 
mno_encounter_retreat|以 留 下 少 量 部 队 掩 护 为 代 价 撤 退 。 
mno_encounter_surrender|投 降 。 
menu_encounter_retreat_confirm|队 员 中 最 高 战 术 技 能 为 {reg2}级 ， 因 此 {reg3?你 制 定 :{s3}制 定 }了 一 个 计 划 ， 来 让 你 和 你 大 部 分 的 部 队 可 以 活 着 退 出 战 斗 ， 但 是 你 必 须 牺 牲 {reg4}个 战 士 来 进 行 掩 护 。 
mno_leave_behind|实 行 计 划 。 以 牺 牲 掉 那 些 人 的 代 价 拯 救 剩 下 的 部 队 。 
mno_dont_leave_behind|不 ， 我 们 不 会 牺 牲 任 何 一 个 战 友 。 
menu_encounter_retreat|你 命 令 {reg4}名 战 士 负 责 在 大 部 队 撤 退 的 时 候 拖 住 敌 人 前 进 的 步 伐 。 
menu_order_attack_begin|你 的 部 队 已 经 做 好 了 战 斗 准 备 。 
mno_order_attack_begin|下 令 攻 击 。 
mno_call_back|让 他 们 撤 回 来 。 
menu_order_attack_2|{s4}^^我 军 人 员 伤 亡 ： {s8}^^敌 军 人 员 伤 亡 ： {s9}
mno_order_attack_continue|下 令 继 续 攻 击 。 
mno_order_retreat|让 你 的 士 兵 撤 回 来 。 
menu_battle_debrief|{s11}^^我 军 人 员 伤 亡 ： {s8}{s10}^^敌 军 人 员 伤 亡 ： {s9}
menu_total_victory|你 不 该 看 这 个 … … {s9}
menu_enemy_slipped_away|{s17}
menu_total_defeat|你 不 会 读 到 这 个 的 … … 
menu_permanent_damage|{s0}
mno_s0|{s0}
menu_pre_join|你 遇 到 {s2}正 在 攻 击 {s1}， 你 决 定 … … 
mno_pre_join_help_attackers|对 {s2}施 以 援 手 。 
mno_pre_join_help_defenders|对 {s1}施 以 援 手 。 
mno_pre_join_talk|和 攻 击 者 交 谈 。 
mno_pre_join_leave|不 卷 入 纷 争 。 
menu_join_battle|你 决 定 帮 助 {s2}对 抗 {s1}， 你 将 有 {reg10}名 士 兵 参 加 战 斗 对 抗 {reg11}个 敌 人 。 
mno_join_attack|攻 入 敌 阵 ！ 
mno_join_order_attack|坐 镇 指 挥 ， 让 你 的 部 队 攻 击 。 
mno_join_leave|离 开 。 
menu_join_order_attack|{s4}^^我 军 人 员 伤 亡 ： {s8}^^友 军 人 员 伤 亡 ： {s9}^^敌 军 人 员 伤 亡 ： {s10}
menu_zendar|你 进 入 了 禅 达 。 
mno_zendar_enter|
mno_zendar_enter_door|进 入 城 中 心 。 
mno_zendar_tavern|
mno_zendar_tavern_door|进 入 酒 馆 。 
mno_zendar_merchant|
mno_zendar_merchant_door|进 入 商 店 。 
mno_zendar_arena|
mno_zendar_arena_door|进 入 竞 技 场 。 
mno_town_1_leave|
menu_salt_mine|你 进 入 了 盐 矿 。 
mno_enter|进 入 。 
menu_four_ways_inn|你 来 到 了 四 方 客 栈 。 
menu_test_scene|你 进 入 了 测 试 场 景 。 
menu_battlefields|选 择 一 个 场 地 。 
mno_enter_f1|场 地 1 
mno_enter_f2|场 地 2 
mno_enter_f3|场 地 3 
mno_enter_f4|场 地 4 
mno_enter_f5|场 地 5 
menu_dhorak_keep|你 进 入 了 多 拉 克 要 塞 。 
menu_join_siege_outside|{s1}正 被 {s2}围 攻 。 
mno_approach_besiegers|进 入 围 城 营 地 。 
mno_pass_through_siege|穿 过 围 城 进 入 {s1}。 
menu_cut_siege_without_fight|围 城 方 放 你 进 入 了 城 堡 。 
menu_besiegers_camp_with_allies|{s1}依 然 被 围 困 中 ， 你 和 你 的 部 队 在 上 空 飞 扬 着 {s2}的 旗 帜 的 围 城 营 地 那 里 被 热 烈 的 欢 迎 了 。 
mno_talk_to_siege_commander|要 求 和 指 挥 官 会 面 。 
mno_join_siege_with_allies|加 入 下 一 轮 的 攻 城 。 
mno_join_siege_stay_back|坐 镇 指 挥 ， 让 你 的 部 队 协 助 下 一 轮 的 攻 城 。 
menu_castle_outside|你 在 {s2}的 外 面 。 {s11}{s3}{s4}
mno_approach_gates|走 近 城 门 ， 叫 守 卫 出 来 。 
mno_town_sneak|伪 装 ， 偷 偷 溜 进 城 去 。 
mno_castle_start_siege|围 攻 {reg6?城 镇 :城 堡 }。 
mno_talk_to_pafnutiy_menu|与 帕 夫 努 季 交 谈 。 
mno_talk_to_borzobogataya|与 阿 努 希 娅 交 谈 。 
mno_talk_to_borzobogataya_door|与 阿 努 希 娅 交 谈 。 
mno_talk_to_ransom_broker|与 奴 隶 贩 子 交 谈 。 
mno_talk_to_pafnutiy_dlg|与 帕 夫 努 季 交 谈 。 
mno_talk_to_pafnutiy_dlg_door|与 帕 夫 努 季 交 谈 。 
mno_castle_leave|离 开 。 
menu_castle_guard|你 走 近 了 城 门 。 城 墙 上 的 守 卫 正 紧 盯 着 你 。 
mno_request_shelter|要 求 进 入 城 堡 。 
mno_request_meeting_commander|要 求 和 城 堡 中 的 某 人 会 面 。 
mno_guard_leave|离 开 。 
menu_castle_entry_granted|简 短 的 等 待 之 后 ， 守 卫 打 开 了 城 门 ， 允 许 你 和 你 的 部 队 进 入 城 中 。 
menu_castle_entry_denied|城 堡 中 的 指 挥 官 拒 绝 了 你 的 请 求 ， 禁 止 你 走 近 城 池 一 步 ， 否 则 守 军 就 会 向 你 发 起 攻 击 。 
menu_castle_meeting|你 想 见 谁 ？ 
mno_guard_meet_s5|{s5}。 
mno_forget_it|算 了 吧 。 
menu_castle_meeting_selected|你 的 申 请 被 传 递 上 去 了 ， 最 终 {s6}出 现 在 你 面 前 与 你 进 行 交 涉 。 
menu_castle_besiege|你 已 经 在 围 攻 {s1}。 {s2}{s3}
mno_build_ladders|准 备 架 云 梯 攻 击 城 墙 。 
mno_siege_request_meeting|要 求 和 城 堡 的 指 挥 官 会 面 。 
mno_town_diversiya|切 断 城 市 的 供 水 。 
mno_town_vorvatsya|尝 试 暴 力 进 攻 城 市 。 
mno_build_podkop|用 炸 药 破 坏 城 墙 。 
mno_castle_lead_attack|带 领 部 队 进 攻 。 
mno_castle_lead_attack_podkop|动 手 进 攻 。 
mno_attack_stay_back|坐 镇 指 挥 ， 让 你 的 部 队 攻 击 。 
mno_build_siege_tower|建 造 攻 城 塔 。 
mno_wait_24_hours|等 到 明 日 。 
mno_lift_siege|放 弃 围 城 。 
menu_siege_attack_meets_sally|守 城 方 派 了 部 队 反 击 。 
menu_castle_besiege_inner_battle|{s1}
menu_construct_ladders|你 估 计 要 花 {reg4}小 时 来 建 造 云 梯 以 进 攻 。 
mno_build_ladders_cont|开 始 。 
mno_go_back_assault|考 虑 其 他 进 攻 方 式 。 
menu_construct_siege_tower|队 员 中 最 高 工 程 技 能 为 {reg2}级 ， 由 此 {reg3?你 预 期 :{s3}预 期 }需 要 {reg4}小 时 来 建 立 攻 城 塔 。 
mno_build_siege_tower_cont|开 始 建 造 。 
menu_castle_attack_walls_simulate|{s4}^^我 军 伤 亡 ： {s8}^^敌 军 伤 亡 ： {s9}
menu_castle_attack_walls_with_allies_simulate|{s4}^^我 军 伤 亡 ： {s8}^^盟 军 伤 亡 ： {s9}^^敌 军 伤 亡 ： {s10}
menu_castle_taken_by_friends|这 里 已 经 没 什 么 好 看 的 了 。 
menu_castle_taken|{s3}已 经 被 你 攻 陷 了 。 你 已 经 完 全 控 制 了 这 个 {reg2?城 镇 :城 堡 }。 {reg1?看 起 来 没 有 什 么 能 阻 止 你 将 它 据 为 己 有 了 :}
menu_castle_taken_2|{s3}已 经 被 你 攻 陷 了 。 你 已 经 完 全 控 制 了 这 个 地 方 。 你 的 部 队 欢 呼 着 庆 祝 胜 利 。 
mno_castle_taken_claim|要 求 把 {s3}封 给 你 。 
mno_castle_taken_no_claim|什 么 也 不 要 。 
mno_castle_taken_oim|将 {s3}据 为 己 有 。 
menu_requested_castle_granted_to_player|你 从 你 的 国 王 {s3}那 里 得 到 通 知 。 ^^{reg4?她 :他 }决 定 将 {s2}{reg3?和 附 近 的 {s4}村 :}封 给 你 ， 附 带 那 里 所 有 的 收 入 和 权 益 ， 条 件 是 在 这 期 间 你 要 保 持 宣 誓 效 忠 于 {reg4?她 :他 }的 名 下 。 
menu_requested_castle_granted_to_another|你 从 你 的 国 王 {s3}那 里 得 到 通 知 。 ^^我 听 说 你 很 英 勇 地 战 斗 并 把 {s2}给 攻 下 来 了 。 你 的 胜 利 极 大 的 鼓 舞 了 我 们 。 你 说 过 你 想 要 我 把 这 个 地 方 封 给 你 ， 但 恐 怕 我 并 不 能 同 意 你 的 要 求 ， 因 为 在 我 统 治 的 范 围 内 ， 你 已 经 有 了 封 地 。 所 以 我 送 你 {reg6}泰 勒 作 为 你 的 军 费 开 支 ， 而 {s2}， 我 把 它 封 给 {s5}了 。 
mno_accept_decision|接 受 这 个 决 定 。 
mno_leave_faction|你 受 到 了 不 公 正 的 对 待 ！ 你 决 定 放 弃 你 对 你 的 君 主 所 发 的 誓 言 ！ 
menu_leave_faction|放 弃 你 的 誓 言 是 一 件 很 严 重 的 事 件 。 你 的 君 主 将 宣 判 你 有 罪 ， 并 没 收 你 的 土 地 与 城 堡 。 如 果 你 自 愿 交 出 你 的 土 地 与 城 堡 ， 他 也 许 会 饶 恕 你 ， 让 你 走 。 
mno_leave_faction_give_back|放 弃 誓 言 并 放 弃 领 地 。 
mno_leave_faction_hold|放 弃 誓 言 但 是 保 留 领 地 ， 包 括 {s2}。 
mno_leave_faction_cancel|仍 然 效 忠 并 接 受 国 王 的 决 定 。 
menu_give_center_to_player|获 赐 新 封 地 ！ {s1}将 {s2}赏 赐 给 你 。 你 的 选 择 是 ？ 
mno_give_center_to_player_accept|接 受 赏 赐 。 
mno_give_center_to_player_reject|拒 绝 。 你 对 {s2}不 感 兴 趣 。 
menu_give_center_to_player_2|短 暂 的 仪 式 之 后 ， 你 已 受 封 新 封 地 。 你 现 在 是 {s2}{reg3? 和 从 属 的 {s4}村 :}的 领 主 。 你 可 以 在 这 里 横 征 暴 敛 ， 拉 壮 丁 ， 但 是 ， 你 有 责 任 捍 卫 你 封 地 的 人 民 免 受 伤 害 ， 以 及 维 持 法 治 和 秩 序 。 
menu_oath_fulfilled|你 已 经 发 誓 为 {s1}服 务 一 段 时 间 。 你 的 誓 言 已 经 完 结 了 。 你 将 准 备 怎 么 办 ？ 
mno_renew_oath|继 续 向 {s1}发 誓 ， 再 服 务 一 个 月 。 
mno_dont_renew_oath|恢 复 自 由 身 。 
menu_siege_started_defender|{s1}正 在 攻 击 {s2}的 城 墙 。 你 有 {reg10}人 可 以 参 战 对 抗 敌 人 的 {reg11}人 。 你 决 定 … … 
mno_siege_defender_join_battle|参 加 战 斗 。 
mno_siege_defender_troops_join_battle|坐 镇 指 挥 ， 让 你 的 部 队 攻 击 。 
menu_siege_join_defense|{s4}^^我 军 伤 亡 ： {s8}^^盟 军 伤 亡 ： {s9}^^敌 军 伤 亡 ： {s10}
menu_enter_your_own_castle|城 堡 的 守 卫 发 现 了 你 的 到 来 ， 他 们 打 开 大 门 欢 迎 他 们 的 {领 主 /夫 人 }。 
menu_village|{s10}{s11}{s6}{s7}{s20}{s21}
mno_village_manage|管 理 这 个 村 庄 。 
mno_village_ms|与 长 老 交 谈 。 
mno_additional_menu_ms|前 往 村 中 心 。 
mno_recruit_volunteers|征 募 志 愿 兵 。 
mno_village_center|前 往 村 中 心 。 
mno_village_center_door|村 庄 中 心 的 大 门 
mno_village_buy_food|向 村 民 购 买 给 养 。 
mno_village_attack_bandits|攻 打 强 盗 。 
mno_village_wait|在 这 里 待 一 会 儿 。 
mno_collect_taxes_qst|为 {s1}{reg5?继 续 收 税 :收 税 }。 
mno_train_peasants_against_bandits_qst|训 练 这 些 农 民 。 
mno_village_hostile_action|做 一 些 敌 对 的 事 。 
mno_oim_potop_sneak_into_village|去 牛 棚 。 
mno_village_center_nesvz|去 坟 场 。 
mno_village_center_nesvz_door|去 坟 场 。 
mno_talk_to_yavangelik|与 福 音 派 教 徒 交 谈 。 
mno_talk_to_yavangelik_door|与 福 音 派 教 徒 交 谈 。 
mno_village_leave|离 开 。 
menu_village_hostile_action|动 手 ！ 
mno_village_take_food|强 迫 农 民 向 你 提 供 给 养 。 
mno_village_steal_cattle|偷 牛 。 
mno_village_loot|抢 劫 这 个 村 子 ， 然 后 把 它 夷 为 平 地 ！ 
menu_recruit_volunteers|{s18}
mno_recruit_them|花 {reg6}泰 勒 招 募 他 们 。 
menu_village_hunt_down_fugitive_defeated|这 个 世 界 在 你 眼 前 一 暗 。 当 你 再 次 睁 开 眼 睛 的 时 候 ， 你 意 识 到 自 己 浸 泡 在 自 己 的 鲜 血 里 ， 但 幸 运 的 是 ， 你 没 有 一 处 创 伤 是 致 命 的 。 
menu_village_infest_bandits_result|{s9}
menu_village_infestation_removed|经 过 足 以 令 人 传 诵 的 英 勇 的 战 斗 ， 你 和 你 的 同 伴 打 败 了 强 盗 。 这 个 村 子 再 次 安 全 了 。 经 过 他 们 的 抢 劫 以 后 ， 村 民 几 乎 没 有 什 么 东 西 剩 余 了 ， 但 他 们 还 是 拿 出 了 任 何 他 们 有 的 东 西 。 
mno_village_bandits_defeated_accept|我 接 受 你 们 的 赠 品 。 
mno_village_bandits_defeated_cont|你 们 比 我 更 需 要 这 些 东 西 。 你 们 的 感 谢 已 经 足 够 了 。 
menu_center_manage|{s19}^{reg6?^^你 正 在 建 造 {s7}。 工 程 会 在 {reg8}天 后 完 工 。 :}
mno_center_build_manor|建 造 一 个 庄 园 。 
mno_center_build_fish_pond|建 造 一 个 磨 坊 。 
mno_center_build_watch_tower|建 造 一 个 哨 塔 。 
mno_center_build_school|建 造 一 个 学 校 。 
mno_center_build_messenger_post|建 造 一 个 驿 站 。 
mno_center_build_prisoner_tower|建 造 一 个 监 狱 。 
menu_center_improve|{s19}队 员 中 最 高 工 程 技 能 为 {reg2}级 ， 由 此 {reg3?你 预 期 :{s3}预 期 }建 造 {s4}要 花 费 {reg5}泰 勒 ， 升 级 需 要 {reg6}日 。 
mno_improve_cont|开 始 建 造 。 
mno_improve_not_enough_gold|太 贵 了 吧 … … 
menu_town_bandits_failed|{s4}{s5}
menu_town_bandits_succeeded|你 如 同 割 麦 子 一 般 干 掉 了 强 盗 ！ 你 再 次 孤 身 一 人 站 在 街 头 ， 在 你 的 周 围 散 布 着 强 盗 们 的 尸 体 ， 看 到 这 一 幕 ， 他 们 的 残 党 惊 慌 地 四 散 而 去 ， 消 失 在 街 道 深 处 。 搜 寻 尸 体 后 你 发 现 了 一 袋 钱 ， 或 者 它 属 于 前 一 个 无 辜 的 牺 牲 者 ， 或 者 是 有 人 想 要 买 你 的 命 。 
menu_village_steal_cattle_confirm|队 员 中 最 高 掠 夺 技 能 为 {reg2}级 ， 由 此 {reg3?你 预 期 :{s1}预 期 }你 最 多 可 以 偷 到 {reg4}头 牛 。 
mno_village_steal_cattle_confirm|偷 牛 。 
menu_village_steal_cattle|偷 牛 。 
menu_village_take_food_confirm|强 迫 农 民 们 准 备 好 补 给 品 需 要 花 费 至 少 一 个 小 时 。 
mno_village_take_food_confirm|继 续 。 
menu_village_take_food|从 村 民 处 盗 窃 。 
mno_take_supplies|拿 走 给 养 。 
mno_let_them_keep_it|让 他 们 好 好 收 着 吧 。 
menu_village_start_attack|一 些 愤 怒 的 村 民 拿 起 农 具 准 备 抵 抗 你 的 掠 夺 。 看 起 来 你 要 赤 手 空 拳 打 一 仗 了 。 
mno_village_raid_attack|开 打 吧 。 
mno_village_raid_leave|离 开 这 个 村 。 
menu_village_loot_no_resist|村 民 们 在 你 的 军 队 前 望 风 而 逃 ， 村 庄 由 你 控 制 了 。 
menu_village_loot_complete|在 你 的 命 令 下 ， 你 的 队 伍 洗 劫 了 这 个 村 子 ， 抢 走 了 所 有 值 钱 的 东 西 ， 将 所 有 的 房 子 付 之 一 炬 。 不 过 所 有 的 收 入 加 起 来 ， 也 才 {reg1}泰 勒 。 
menu_village_loot_defeat|村 民 们 以 极 大 的 勇 气 和 决 心 ， 团 结 一 致 ， 赶 跑 了 你 的 军 队 。 
menu_village_loot_continue|继 续 抢 劫 吗 ？ 
mno_disembark_yes|是 。 
mno_disembark_no|不 。 
menu_close|算 了 。 
menu_center_tax|你 从 这 里 收 到 的 租 税 一 共 有 {reg1}泰 勒 。 
menu_town|{s10}{s11}{s12}{s13}{s20}{s21}
mno_castle_castle|进 入 领 主 大 厅 。 
mno_castle_castle_door|进 入 领 主 大 厅 。 
mno_join_tournament|加 入 竞 技 大 会 。 
mno_town_castle|进 入 城 堡 。 
mno_town_castle_door|进 入 领 主 大 厅 。 
mno_town_center|去 街 上 转 转 。 
mno_town_center_door|去 城 中 心 。 
mno_town_tavern|去 酒 馆 。 
mno_town_tavern_door|进 入 酒 馆 。 
mno_town_merchant|与 商 人 交 谈 。 
mno_town_merchant_door|进 入 商 店 。 
mno_town_arena|进 入 竞 技 场 。 
mno_town_arena_door|进 入 竞 技 场 。 
mno_town_dungeon_door|进 入 地 牢 。 
mno_castle_inspect|视 察 城 堡 。 
mno_castle_inspect_door|去 堡 垒 内 部 。 
mno_trade_with_merchants|去 市 场 。 
mno_town_ms|与 镇 长 交 谈 。 
mno_additional_menu_town_ms|进 入 城 中 心 。 
mno_diplomatic_center|前 往 外 交 人 员 中 心 。 
mno_walled_center_manage|管 理 这 个 {reg0?城 镇 :城 堡 }。 
mno_castle_station_troops|管 理 驻 军 。 
mno_castle_wait|在 这 里 等 待 {s1}。 
mno_go_to_the_garem|潜 入 女 眷 住 处 … … 
mno_castle_tavern|去 酒 馆 。 
mno_castle_tavern_door|去 酒 馆 。 
mno_castle_trade_with_merchants|去 市 场 。 
mno_zdat_tatarina|付 钱 。 
mno_zdat_tatarina_door|付 钱 。 
mno_town_leave|离 开 。 
mno_town_leave_door|离 开 这 个 地 区 。 
mno_center_reports|作 弊 ： 显 示 报 告 。 
mno_sail_from_port|扬 帆 起 航 。 
menu_town_tournament_lost|你 在 竞 技 大 会 中 被 淘 汰 了 。 
menu_town_tournament_won|你 在 {s3}的 竞 技 大 会 中 获 得 了 优 胜 ！ 听 到 周 围 的 人 们 高 呼 着 你 的 名 字 ， 你 感 到 无 限 荣 耀 。 除 此 之 外 ， 你 还 获 得 了 {reg9}泰 勒 的 奖 金 。 {s8}
menu_town_tournament_won_by_another|作 为 当 日 最 终 的 胜 利 的 {reg3?人 :人 }， {s1}赢 得 了 该 场 竞 技 大 会 的 奖 金 以 及 荣 誉 。 
menu_town_tournament|{s1}你 现 在 处 于 竞 技 大 会 中 的 第 {reg0}轮 ， 现 在 还 剩 有 {reg1}名 参 与 者 。 下 一 轮 中 ， 将 会 有 {reg2}队 ， 其 中 每 队 有 {reg3}{reg4?人 :人 }参 加 战 斗 。 
mno_tournament_view_participants|查 看 参 与 者 。 
mno_tournament_bet|在 自 己 身 上 下 注 。 
mno_tournament_join_next_fight|进 入 下 一 轮 。 
mno_leave_tournament|从 竞 技 大 会 中 退 出 。 
menu_tournament_withdraw_verify|你 确 定 要 从 竞 技 大 会 中 退 出 吗 ？ 
mno_tournament_withdraw_yes|是 的 ， 这 只 是 无 用 的 挣 扎 。 
mno_tournament_withdraw_no|不 ， 只 要 有 一 丝 希 望 我 就 要 努 力 ！ 
menu_tournament_bet|现 在 的 比 率 是 {reg5}比 {reg6}。 {reg1?你 已 经 在 自 己 身 上 下 了 {reg1}泰 勒 的 赌 注 ， 如 果 你 获 得 优 胜 的 话 ， 你 将 会 赢 得 {reg2}泰 勒 。 :}你 还 想 再 赌 多 少 ？ 
mno_bet_100_denars|100泰 勒 。 
mno_bet_50_denars|50泰 勒 。 
mno_bet_20_denars|20泰 勒 。 
mno_bet_10_denars|10泰 勒 。 
mno_bet_5_denars|5泰 勒 。 
menu_tournament_bet_confirm|如 果 你 下 {reg1}泰 勒 的 赌 注 的 话 ， 在 你 获 得 优 胜 时 ， 你 将 会 赢 得 {reg2}泰 勒 。 这 样 可 以 吗 ？ 
mno_tournament_bet_accept|好 的 。 
mno_tournament_bet_cancel|不 。 
menu_tournament_participants|你 从 一 位 正 在 哭 泣 的 失 败 者 那 里 打 听 到 了 这 场 竞 技 大 赛 中 参 与 者 的 名 单 。 他 们 是 :^{s11}
menu_collect_taxes|队 员 中 最 高 交 易 技 能 为 {reg2}级 ， 由 此 {reg3?你 预 期 :{s1}预 期 }需 要 {reg4}天 来 完 成 征 税 … … 
mno_start_collecting|开 始 征 收 。 
mno_collect_later|等 一 等 吧 。 
menu_collect_taxes_complete|你 从 {s3}征 收 了 {reg3}泰 勒 的 税 款 。 {s19}期 待 你 把 这 些 钱 带 去 给 他 。 
menu_collect_taxes_rebels_killed|你 成 功 地 镇 压 了 反 抗 。 任 何 想 站 起 来 反 抗 的 人 将 会 惧 怕 并 再 三 考 虑 的 。 
menu_collect_taxes_failed|你 从 {s3}征 收 了 {reg3}泰 勒 的 税 款 的 时 候 ， 一 场 反 抗 爆 发 了 。 现 在 你 不 得 不 带 着 这 些 税 款 前 去 给 {s1}， 虽 然 他 可 能 会 很 失 望 ， 不 过 总 比 一 点 都 没 收 到 要 好 的 多 … … 
menu_collect_taxes_revolt_warning|{s3}的 人 们 对 你 要 求 的 高 税 款 表 示 强 烈 的 义 愤 。 如 果 你 继 续 压 迫 他 们 ， 他 们 将 准 备 起 来 反 抗 。 
mno_continue_collecting_taxes|依 然 像 以 前 那 样 征 税 。 
mno_halve_taxes|同 意 减 轻 一 半 的 税 款 。 （ {s1}也 许 会 不 满 ） 。 
menu_collect_taxes_revolt|当 你 在 {s3}收 取 税 款 的 时 候 ， 突 然 看 见 一 大 群 愤 怒 的 {reg9?农 民 :居 民 }已 经 对 你 提 出 的 高 税 款 忍 无 可 忍 ， 正 挥 舞 着 火 把 和 武 器 逐 渐 向 你 逼 近 。 这 是 要 向 你 开 战 ！ 
menu_train_peasants_against_bandits|队 员 中 最 高 训 练 技 能 为 {reg2}级 ， 由 此 {reg3?你 预 期 :{s1}预 期 }需 要 {reg4}小 时 来 进 行 理 论 讲 解 ， 使 这 些 农 民 变 成 英 勇 的 战 士 。 在 这 期 间 他 们 将 会 学 到 战 斗 的 基 本 知 识 以 及 如 何 去 沉 着 冷 静 地 应 对 一 切 战 斗 。 
mno_make_preparation|训 练 他 们 。 
mno_train_later|等 一 等 吧 。 
menu_train_peasants_against_bandits_ready|你 对 那 些 农 民 们 进 行 了 一 些 最 基 本 的 训 练 ， 你 认 为 他 们 中 的 {reg0}人 {reg1?已 经 :已 经 }完 全 地 掌 握 了 训 练 的 内 容 ， {reg1?他 们 :他 }已 经 准 备 好 进 行 实 战 演 习 了 。 
mno_peasant_start_practice|开 始 演 习 。 
menu_train_peasants_against_bandits_training_result|{s0}
menu_train_peasants_against_bandits_attack|当 你 准 备 继 续 训 练 的 时 候 ， 一 个 从 村 子 里 来 的 卫 兵 向 你 奔 来 ， 呼 喊 着 告 急 。 那 些 强 盗 已 经 出 现 在 视 野 里 ， 正 向 {s3}奔 去 。 村 长 恳 求 你 组 织 那 些 你 训 练 的 民 兵 去 抵 抗 他 们 。 
mno_peasants_against_bandits_attack_resist|准 备 开 战 吧 ！ 
menu_train_peasants_against_bandits_attack_result|{s9}
menu_train_peasants_against_bandits_success|这 些 强 盗 被 打 败 了 ！ 那 些 还 活 着 的 和 意 识 还 清 醒 的 都 夹 着 尾 巴 逃 跑 了 ， 他 们 惧 怕 这 些 农 民 和 他 们 的 新 教 官 。 经 过 他 们 的 抢 劫 以 后 ， 村 民 几 乎 没 有 什 么 东 西 剩 下 了 ， 但 他 们 还 是 拿 出 了 任 何 他 们 有 的 东 西 以 表 达 感 激 之 情 。 
menu_disembark|想 上 岸 吗 ？ 
menu_ship_reembark|想 上 船 吗 ？ 
mno_reembark_yes|是 。 
mno_reembark_no|不 。 
menu_center_reports|镇 名 ： {s1}^租 金 收 入 ： {reg1}泰 勒 ^税 收 ： {reg2}泰 勒 ^食 物 储 备 ： 供 应 {reg3}日 
mno_to_price_and_productions|报 告 价 格 与 产 品 。 
menu_price_and_production|产 品 有 ： ^（ 提 示 ： 基 础 的 /原 材 料 加 工 而 来 的 /材 料 加 工 并 加 以 修 饰 的 )^{s1}^^价 格 因 素 有 ： ^{s2}
menu_town_trade|你 向 市 场 走 去 。 
mno_assess_prices|估 价 。 
mno_trade_with_arms_merchant|与 武 器 商 人 交 易 。 
mno_trade_with_armor_merchant|与 盔 甲 商 人 交 易 。 
mno_trade_with_horse_merchant|与 马 匹 贩 子 交 易 。 
mno_trade_with_goods_merchant|与 杂 货 商 人 交 易 。 
mno_back_to_town_menu|返 回 
menu_town_trade_assessment_begin|你 偶 然 听 到 了 一 些 关 于 物 品 价 格 的 情 报 。 ^你 试 着 从 这 些 情 报 中 寻 找 到 一 些 有 用 的 东 西 。 
menu_town_trade_assessment|队 员 中 最 高 交 易 技 能 为 {reg2}级 ， {reg3?你 尝 试 算 出 利 润 最 高 的 商 品 :{s1}尝 试 算 出 利 润 最 高 的 商 品 }。 {s2}
menu_sneak_into_town_suceeded|假 装 成 穿 着 破 烂 的 朝 圣 者 ， 你 骗 过 了 守 卫 ， 顺 利 的 混 入 城 里 。 
menu_sneak_into_town_caught|在 你 尝 试 溜 进 去 时 ， 一 名 守 卫 发 现 了 你 并 发 出 了 警 报 ！ 你 必 须 在 所 有 守 卫 都 开 始 搜 捕 你 之 前 从 大 门 逃 出 去 。 
mno_sneak_caught_fight|杀 出 一 条 血 路 ！ 
mno_sneak_caught_surrender|投 降 。 
menu_sneak_into_town_caught_dispersed_guards|你 轻 易 地 甩 掉 了 守 卫 ， 消 失 在 街 道 的 深 处 。 
menu_sneak_into_town_caught_ran_away|你 杀 开 一 条 血 路 终 于 夺 关 而 走 ， 迅 速 逃 到 了 郊 外 的 安 全 地 带 。 {s11}
menu_enemy_offer_ransom_for_prisoner|{s2}想 用 {reg12}泰 勒 与 你 交 换 {s1}。 
mno_ransom_accept|接 受 这 个 提 议 。 
mno_ransom_reject|拒 绝 这 个 提 议 。 
menu_training_ground|你 到 达 了 一 个 雇 佣 兵 营 地 。 你 可 以 在 这 里 雇 佣 勇 士 并 武 装 你 的 手 下 。 
mno_camp_trainer|与 教 练 交 谈 。 
mno_camp_merch|找 佣 兵 队 长 。 
mno_camp_train_melee|混 战 。 
mno_camp_train_mounted|骑 乘 练 习 。 
menu_training_ground_selection_details_melee_1|你 想 要 同 时 面 对 几 个 对 手 ？ 
mno_camp_train_melee_num_men_1|一 。 
mno_camp_train_melee_num_men_2|二 。 
mno_camp_train_melee_num_men_3|三 。 
mno_camp_train_melee_num_men_4|四 。 
menu_training_ground_selection_details_melee_2|选 择 你 的 {reg1}号 对 手 ： 
mno_training_ground_selection_details_melee_random|随 机 选 择 。 
menu_training_ground_selection_details_mounted|你 想 要 用 哪 种 武 器 进 行 训 练 ？ 
mno_camp_train_mounted_details_1|单 手 武 器 。 
mno_camp_train_mounted_details_2|长 杆 武 器 。 
mno_camp_train_mounted_details_3|弓 箭 。 
mno_camp_train_mounted_details_4|投 掷 类 的 。 
menu_training_ground_selection_details_ranged_1|你 想 要 用 哪 种 远 程 武 器 进 行 训 练 ？ 
mno_camp_train_ranged_weapon_bow|弓 箭 。 
mno_camp_train_ranged_weapon_crossbow|弩 。 
mno_camp_train_ranged_weapon_mushket|滑 膛 枪 。 
mno_camp_train_ranged_weapon_thrown|飞 刀 。 
menu_training_ground_selection_details_ranged_2|你 想 要 在 距 标 靶 多 远 的 距 离 练 习 ？ 
mno_camp_train_ranged_details_1|10码 。 
mno_camp_train_ranged_details_2|20码 。 
mno_camp_train_ranged_details_3|30码 。 
mno_camp_train_ranged_details_4|40码 。 
mno_camp_train_ranged_details_5|50码 。 
mno_camp_train_ranged_details_6|60码 。 
mno_camp_train_ranged_details_7|70码 。 
menu_training_ground_description|{s0}
mno_s2_dot|{s2}… … 
menu_training_ground_training_result|{s7}{s2}
menu_marshall_selection_candidate_ask|{s15}马 上 要 为 {s23}选 择 一 个 元 帅 。 一 些 领 主 提 名 让 你 做 候 选 人 。 
mno_marshall_candidate_accept|以 候 选 人 身 份 前 去 。 
mno_marshall_candidate_reject|告 诉 所 有 人 这 些 天 你 太 忙 了 。 
menu_captivity_avoid_wilderness|整 个 世 界 在 你 眼 前 一 黑 。 几 个 小 时 过 后 你 恢 复 了 意 识 ， 发 现 你 自 己 躺 在 你 倒 下 的 地 方 。 你 的 敌 人 一 定 以 为 你 死 了 ， 才 把 你 留 在 原 地 。 不 论 怎 样 ， 似 乎 你 身 上 的 伤 没 有 一 处 是 致 命 的 ， 虽 然 你 感 到 很 虚 弱 ， 但 是 你 发 现 你 自 己 还 是 勉 强 可 以 坚 持 站 起 来 行 走 。 你 站 起 来 并 努 力 搜 寻 你 队 伍 里 的 幸 存 者 。 
menu_captivity_start_wilderness|完 了 。 
menu_captivity_start_wilderness_surrender|完 了 。 
menu_captivity_start_wilderness_defeat|你 被 敌 人 俘 虏 了 。 
menu_captivity_start_castle_surrender|完 了 。 
menu_captivity_start_castle_defeat|完 了 。 
menu_captivity_start_under_siege_defeat|你 被 敌 人 俘 虏 了 。 
menu_captivity_wilderness_taken_prisoner|你 被 敌 人 俘 虏 了 。 
menu_captivity_wilderness_check|完 了 。 
menu_captivity_end_wilderness_escape|经 过 了 几 天 痛 苦 的 俘 虏 生 活 。 你 找 了 个 机 会 逃 跑 了 ！ 
menu_captivity_castle_taken_prisoner|卫 兵 们 包 围 了 你 ， 夺 下 了 你 的 武 器 。 他 们 咒 骂 着 把 你 丢 进 了 地 牢 ， 接 下 来 有 你 受 的 了 。 
menu_captivity_rescue_lord_taken_prisoner|你 在 自 己 的 身 份 暴 露 之 前 一 直 伪 装 成 朝 圣 者 ， 这 激 怒 了 那 些 守 卫 。 他 们 狂 暴 而 粗 鲁 地 痛 打 你 ， 不 知 道 过 了 多 长 时 间 以 后 才 停 息 下 来 … … 
menu_captivity_castle_check|完 了 。 
menu_captivity_end_exchanged_with_prisoner|经 过 了 数 天 的 关 押 ， 抓 你 的 人 用 你 交 换 了 他 们 的 一 名 俘 虏 ， 你 自 由 了 。 
menu_captivity_end_propose_ransom|在 阴 暗 的 地 牢 中 不 知 道 过 了 多 久 以 后 ， 抓 你 的 人 给 了 你 一 个 选 择 ： 从 你 藏 钱 的 地 方 交 出 {reg5}泰 勒 ， 他 们 就 会 放 了 你 。 你 决 定 … … 
mno_captivity_end_ransom_accept|接 受 这 个 提 议 。 
mno_captivity_end_ransom_deny|拒 绝 ， 并 等 待 机 会 逃 出 去 。 
menu_captivity_castle_remain|时 光 流 逝 ， 你 在 监 牢 里 痛 苦 的 忍 受 着 被 囚 禁 的 痛 苦 ， 还 有 轻 蔑 的 笑 话 … … 
menu_kingdom_army_quest_report_to_army|{s8}邀 请 你 一 起 去 参 加 他 的 远 征 。 你 需 要 带 上 至 少 {reg13}名 战 士 ， 如 果 现 在 不 够 的 话 ， 你 需 要 尽 快 达 到 要 求 的 人 数 。 
menu_kingdom_army_quest_messenger|{s8}派 信 使 来 告 诉 你 ， 他 要 给 你 指 定 一 个 任 务 ， 并 要 求 你 尽 快 去 见 他 。 
menu_kingdom_army_quest_join_siege_order|{s8}派 信 使 来 命 令 你 加 入 对 于 {s9}的 围 攻 。 不 论 付 出 多 大 的 代 价 都 必 须 拿 下 {s9}。 
menu_kingdom_army_follow_failed|你 违 背 了 命 令 ， 没 有 在 跟 随 {s8}。 他 生 气 地 把 你 从 队 伍 中 除 名 并 且 放 话 说 ， 他 不 会 放 过 你 的 。 
menu_invite_player_to_faction_without_center|你 收 到 了 一 份 封 臣 的 邀 请 ！ ^^{s9}的 {s8}派 遣 了 一 个 皇 家 信 使 来 亲 自 递 送 这 份 邀 请 。 你 将 成 为 {s9}的 一 位 诸 侯 ， 从 此 被 人 以 {大 人 /女 士 }称 呼 ， 但 是 并 没 有 给 予 你 封 地 以 及 额 外 的 头 衔 ， 当 然 作 为 回 报 {s8}要 求 你 宣 誓 对 他 效 忠 并 与 他 一 起 加 入 他 的 远 征 。 虽 然 他 没 有 许 诺 封 地 和 头 衔 ， 如 果 你 不 同 意 这 个 请 求 的 话 他 还 是 会 被 激 怒 的 … … 
mno_faction_accept|接 受 邀 请 ！ 
mno_faction_reject|拒 绝 邀 请 。 
menu_invite_player_to_faction|你 收 到 了 一 份 封 臣 的 邀 请 ！ ^^{s9}的 {s8}派 遣 了 一 个 皇 家 信 使 来 亲 自 递 送 这 份 邀 请 。 你 将 成 为 {s9}的 一 位 诸 侯 ， 从 此 被 人 以 {大 人 /女 士 }称 呼 ， 但 是 并 没 有 给 予 你 封 地 以 及 额 外 的 头 衔 ， 当 然 作 为 回 报 {s8}要 求 你 宣 誓 对 他 效 忠 并 与 他 一 起 加 入 他 的 远 征 。 他 许 诺 给 你 {s2}的 封 地 和 头 衔 ， 如 果 你 不 同 意 这 个 请 求 的 话 他 一 定 会 被 激 怒 的 … … 
menu_invite_player_to_faction_accepted|想 成 为 封 臣 的 话 ， 你 要 亲 自 去 找 {s3}宣 誓 。 {s5}
menu_question_peace_offer|你 收 到 了 一 份 停 战 的 邀 请 ^^{s1}发 给 你 一 份 停 战 邀 请 。 你 将 如 何 回 复 ？ 
mno_peace_offer_accept|接 受 。 
mno_peace_offer_reject|拒 绝 。 
menu_notification_player_faction_active|你 现 在 拥 有 了 一 片 完 全 属 于 自 己 的 领 地 。 你 是 一 个 没 有 雇 主 的 军 阀 ， 没 有 更 高 的 权 利 。 享 受 这 自 由 吧 ！ —— 但 是 你 要 知 道 国 王 们 不 会 友 好 对 待 你 的 。 你 要 知 道 ， 没 有 统 治 权 的 日 子 是 很 难 过 的 。 
menu_notification_player_faction_deactive|你 失 去 了 所 有 领 地 。 
menu_notification_center_under_siege|{s1}被 {s3}的 {s2}围 攻 了 ！ 
menu_notification_village_raided|敌 人 袭 击 了 你 的 领 地 ^^{s1}被 {s3}的 {s2}洗 劫 了 ！ 
menu_notification_village_raid_started|你 的 村 子 正 受 到 袭 击 ！ ^^{s3}的 {s2}正 在 破 坏 {s1}。 
menu_notification_one_faction_left|整 个 东 欧 被 征 服 了 ^^{s1}击 败 所 有 对 手 ， 建 立 了 一 个 统 一 的 国 家 。 
menu_notification_oath_renounced_faction_defeated|你 从 前 属 于 的 势 力 被 击 败 了 ^^你 赢 得 了 对 于 {s1}的 战 斗 ！ 你 从 这 个 势 力 中 脱 离 了 出 去 。 
menu_notification_center_lost|领 地 失 去 ^^因 为 {s2}你 失 去 了 {s1}。 
menu_notification_troop_left_players_faction|背 叛 ！ ^^{s1}从 {s2}离 开 了 ， 并 加 入 了 {s3}。 
menu_notification_troop_joined_players_faction|好 消 息 ！ ^^{s1}从 {s2}离 开 了 ， 并 加 入 了 {s3}。 
menu_notification_war_declared|宣 战 ^^{s1}向 {s2}宣 战 ！ 
menu_notification_peace_declared|和 平 协 议 ^^{s1}和 {s2}达 成 了 和 平 协 议 ！ ^{s57}
menu_notification_faction_defeated|阵 营 灭 亡 ^^{s1}不 复 存 在 了 ！ 
menu_notification_rebels_switched_to_faction|成 功 叛 变 ^^你 的 叛 变 十 分 成 功 ！ 现 在 你 的 势 力 将 {s12}定 为 {s11}唯 一 的 领 主 。 
menu_kill_local_merchant_begin|你 探 明 你 的 猎 物 转 弯 走 进 了 一 条 背 街 的 巷 子 。 这 将 是 你 袭 击 他 的 最 好 时 机 。 
menu_auto_return_to_map|完 了 。 
menu_monfor_talk|冒 险 者 ， 欢 迎 来 到 骑 马 与 砍 杀 的 世 界 。 在 你 开 始 游 戏 之 前 你 必 须 建 立 一 个 人 物 。 首 先 ， 选 择 你 的 性 别 。 
mno_start_male|请 不 要 射 击 。 我 是 一 个 平 民 ， 你 不 能 伤 害 我 。 
menu_oim_training_ground_selection_details_ranged|你 想 要 从 多 远 的 距 离 射 击 ？ 
menu_oim_training_ground_description|{s0}
menu_oim_training_ground_training_result|{s7}{s2}
mno_hvatit|停 止 训 练 … … 
menu_oim_defeated_by_monk|你 在 战 斗 中 被 神 父 击 败 了 ， 他 命 令 守 卫 拘 留 了 你 。 
menu_oim_monk_is_killed|你 设 法 击 败 了 神 父 并 拿 到 了 圣 像 ， 逃 离 城 市 的 时 机 到 来 了 。 
menu_oim_tatarin_brought_to_perekop|你 来 到 了 皮 里 柯 普 。 
menu_oim_talk_to_tatarin|{s2}
mno_talk_to_tatarin|和 鞑 靼 人 交 谈 。 
menu_oim_fight_sem_samuraev|{s2}
mno_defend_village_|准 备 战 斗 … … 
menu_oim_sem_sameraev_battle_result|{s2}
menu_oim_talk_to_bandits_horse|{s2}
menu_oim_bandits_battle_for_horse_result|{s2}
menu_oim_invest_menu|{s2}
mno_zabrat_dengi|取 走 财 物 。 
mno_do_not_take_|Donotdosuchaburglary 
menu_oim_auto_talk_menu|{s2}
menu_oim_potop_defend_church|你 及 时 赶 到 了 ！ 瑞 典 人 还 没 有 掠 夺 修 道 院 ， 是 以 拉 脱 维 亚 人 的 方 式 再 给 他 们 上 一 课 的 时 候 了 。 
menu_oim_potop_defend_church_result|{s2}
menu_oim_auto_message_menu|{s2}
menu_oim_potop_romeo_fight|{s2}
menu_capitan_vid|你 向 营 地 的 士 兵 询 问 在 哪 里 可 以 找 到 他 们 的 指 挥 官 ， 然 后 他 们 指 向 了 他 们 的 队 长 。 
mno_merch_tatar|和 鞑 靼 队 长 谈 谈 。 
mno_merch_kozak|和 哥 萨 克 队 长 谈 谈 。 
mno_merch_polyak|和 波 兰 队 长 谈 谈 。 
mno_merch_shved|和 瑞 典 队 长 谈 谈 。 
mno_merch_moskov|和 俄 国 佣 兵 队 长 谈 谈 。 
mno_Back_1|离 开 … … 
menu_oim_potop_kshetuskiy|{s2}
mno_sneak_in|继 续 … … 
menu_podkup_neg|当 你 的 停 战 使 节 举 着 白 旗 走 进 大 门 时 ， 你 听 到 一 声 枪 响 --然 后 看 到 使 节 的 尸 体 被 挂 在 了 城 墙 上 。 ^^你 的 军 队 士 气 下 降 了 。 
mno_Back_2|继 续 … … 
menu_podkup_ataka|你 设 法 贿 赂 了 一 个 城 堡 守 卫 。 他 为 你 打 开 了 大 门 ， 现 在 你 可 以 尽 情 屠 掠 这 个 城 镇 了 。 
mno_Cont|继 续 … … 
menu_udral_otravil|你 设 法 潜 入 了 这 个 城 市 并 在 井 里 下 了 毒 。 
mno_Cont1|继 续 … … 
menu_vzvesili|失 败 ！ 你 被 发 现 并 被 抓 住 了 ！ 
mno_Cont2|继 续 … … 
menu_udral_neotravil|你 被 发 现 了 ， 但 你 设 法 逃 离 了 。 
mno_Cont3|继 续 … … 
menu_neudral_otravil|你 被 发 现 了 ， 但 你 设 法 在 井 里 下 了 毒 。 现 在 你 要 想 办 法 通 过 守 卫 的 防 线 。 
mno_Cont4|继 续 … … 
menu_neudral_neotravil|在 你 往 水 里 放 毒 之 前 你 就 被 发 现 了 。 现 在 你 得 逃 跑 ， 设 法 通 过 守 卫 的 防 线 吧 。 
menu_sneak_into_town_caught_dispersed_guards_t|你 从 守 卫 中 杀 出 了 一 条 血 路 然 后 逃 离 了 城 市 。 
menu_sneak_into_town_caught_ran_away_t|你 设 法 躲 进 了 街 道 的 深 处 并 逃 离 了 城 市 。 
menu_vorvatsya_uspeh|你 设 法 潜 入 了 城 市 ， 但 你 一 部 分 的 军 队 仍 被 留 在 了 城 墙 外 。 你 要 击 败 至 少 {reg0}%个 守 卫 才 能 打 开 大 门 。 
menu_vorvatsya_proval|潜 入 计 划 失 败 了 。 更 糟 糕 的 是 ， 你 的 先 头 部 队 被 守 军 残 忍 地 杀 害 了 ， 你 的 部 队 士 气 大 跌 。 
menu_podkop_uspih|你 预 计 你 至 少 需 要 {reg4}个 小 时 来 安 放 炸 药 。 
mno_build_podkop_min|开 始 工 作 … … 
menu_podkop_neg|你 没 法 安 放 这 些 炸 药 。 很 明 显 ， 你 高 估 了 自 己 的 学 识 。 
menu_podkop_uspih_walls|这 些 手 段 还 不 足 以 摧 毁 这 座 城 市 坚 固 的 城 墙 。 
menu_podkop_uspih_uspih|炸 药 被 引 爆 了 ， 在 城 墙 上 炸 开 了 一 个 缺 口 … … 
mno_go_next|开 始 突 击 ！ 
menu_podkop_uspih_neg|这 些 手 段 还 不 足 以 摧 毁 这 座 城 市 坚 固 的 城 墙 。 
menu_oim_last_game_menu|{s2}
menu_oim_getman_defend_village|你 及 时 赶 到 了 ！ 那 些 强 盗 还 没 有 掠 夺 村 庄 。 但 是 ， 他 们 察 觉 了 你 的 到 来 并 准 备 攻 击 了 。 
menu_oim_getman_defend_village_result|{s2}
menu_oim_getman_defend_village_result2|在 那 个 老 人 说 完 话 之 前 ， 一 个 受 伤 的 强 盗 开 了 一 枪 。 唉 ， 子 弹 打 中 了 目 标 … … 那 个 老 人 再 也 不 能 告 诉 你 什 么 了 … … 
menu_oim_getman_letter_text|给 秘 密 接 待 员 ， 要 亲 自 送 过 去 。 ^^根 据 你 的 命 令 ， 我 发 现 奥 列 格 房 子 的 墓 葬 被 立 陶 宛 亲 王 亚 努 什 ·拉 齐 维 乌 从 基 辅 手 中 偷 了 过 来 。 传 言 说 他 把 那 些 陪 葬 品 放 到 了 自 己 的 家 族 墓 穴 中 。 目 前 为 止 我 就 知 道 这 么 多 。 一 件 事 是 确 定 的 ， 不 管 怎 样 拉 齐 维 乌 是 一 个 新 教 徒 异 端 ， 甚 至 准 备 用 巫 术 ， 如 果 这 能 让 他 离 王 位 更 近 一 步 。 ^我 让 一 个 可 靠 的 间 谍 来 传 达 这 个 消 息 ， 愿 上 帝 保 佑 他 平 安 ， 我 会 前 往 里 加 ， 那 儿 有 圣 殿 骑 士 的 档 案 ， 可 能 会 有 黑 仗 的 秘 密 … … 
menu_oim_getman_tamplier_archives|{s2}
menu_oim_potop_fight_with_king_result|{s3}
menu_oim_cheats_and_solving_quests_menu|没 有 使 用 
mno_money_menu|获 得 金 钱 
mno_exp_menu|获 得 经 验 
mno_exp_renown|获 得 声 望 
mno_add_relation_to_all|改 变 关 系 
mno_add_zagloba|cheat add zagloba 
mno_fac_kingdom_4|cheat minus swedes 
mno_swedish_prisoner|cheat prisoner 
mno_exit_menu|返 回 … … 
menu_oim_getman_reading_book|{s3}
menu_getman_book_translated|{s3}
menu_oim_dmitriy_yevangelik|{s3}
menu_oim_getman_fight_in_nesvizh|{s3}
menu_oim_getman_sneack_in|{s3}
menu_oim_getman_quest_failed|{s3}
menu_oim_getman_hmel_order|{s3}
menu_oim_getman_hmel_rebelion|{s3}
menu_oim_getman_casus_beli_hmel|{s3}
menu_oim_getman_casus_beli_hmel_war|{s3}
menu_oim_korono_vitovta|{s3}
menu_oim_dmitriy_captured|{s3}
mno_edit_slot_town_walls_destroyed_door|edit slot town walls destroyed 
menu_oim_dmitriy_alevtina_hanum|{s3}
mno_oim_walk_the_streets|离 开 闺 房 去 城 市 。 
menu_oim_barabash_order_mc|{s3}
menu_oim_getman_barabash_rebelion|{s3}
menu_oim_getman_casus_beli_barabash|{s3}
menu_oim_getman_casus_beli_barabash_war|{s3}
menu_oim_tavern_simple_fight|你 向 一 个 酒 馆 的 顾 客 发 起 了 挑 战 。 你 的 对 手 已 经 准 备 好 并 等 着 你 。 
menu_oim_tavern_simple_fight_result|{s2}
menu_oim_duel_fight|一 个 糟 糕 的 玩 笑 让 你 卷 入 了 打 斗 。 这 可 是 一 个 好 时 机 让 你 唤 回 你 的 剑 术 ， 然 后 狠 狠 地 揍 对 手 一 顿 吧 。 
menu_oim_tavern_duel_fight_result|{s2}
menu_oim_tavern_ranged_fight|你 准 备 参 加 一 场 射 击 比 赛 。 想 要 胜 出 ， 你 就 要 尽 可 能 多 地 击 中 目 标 。 
menu_oim_ranged_duel_tavern_result|{s2}
menu_oim_drunken_prison|当 你 抓 起 武 器 时 ， 守 卫 包 围 了 你 并 把 你 扔 进 了 监 狱 。 
menu_oim_drunken_wound|你 醒 了 过 来 ， 不 知 自 己 身 处 何 处 ， 你 精 疲 力 竭 ， 一 文 不 名 。 你 隐 隐 地 回 忆 起 了 你 吃 的 最 后 一 块 吐 司 。 
menu_oim_alcoholic|你 沉 迷 于 酒 馆 之 中 ， 每 天 都 在 酒 杯 中 度 过 ， 但 当 你 这 么 做 的 时 候 ， 你 感 到 浑 身 无 力 ， 口 袋 里 的 钱 也 不 可 思 议 地 消 失 了 。 
menu_oim_rich_visitor|{s2}
mno_attack|追 捕 市 民 
menu_oim_rich_visitor_result|{s2}
menu_captured_enemy_menu|{s17}
mno_continue_kill|处 决 囚 犯 。 
mno_continue_spawn|释 放 囚 犯 。 
menu_capture_prisoners_as_guards|{s17}
mno_continue_guards|加 入 守 卫 部 队 。 
mno_continue_spawn_prisoners|释 放 。 
menu_charge_with_bunt|低 落 的 士 气 让 你 的 部 队 发 生 了 骚 乱 。 反 叛 者 们 需 要 你 的 血 或 者 钱 ， “ 为 了 他 们 所 付 出 的 劳 动 ” 。 
mno_continue_bunt|继 续 … … 
menu_illness_warning|{s0}的 有 学 问 的 人 说 良 好 的 膳 食 会 有 所 帮 助 。 也 许 {s1}或 {s2}可 以 治 疗 这 些 士 兵 。 无 论 如 何 ， 在 酒 馆 里 休 息 一 小 会 总 不 会 有 坏 处 。 
menu_illness_end|多 亏 那 些 可 口 的 食 物 和 良 好 的 休 整 ， 你 的 士 兵 从 {s0}恢 复 过 来 了 。 
menu_warn_taverna_morale|你 的 士 兵 咆 哮 着 向 你 抱 怨 那 持 续 的 饥 饿 。 持 续 的 行 军 让 他 们 精 疲 力 竭 。 不 满 的 情 绪 在 军 队 中 散 布 开 来 。 ^^即 使 是 你 那 些 最 坚 强 的 战 士 也 建 议 去 最 近 的 酒 馆 休 息 一 两 天 。 
menu_oim_dmitriy_razin_warn|有 谣 言 说 斯 金 卡 · 拉 辛 酋 长 已 经 再 次 掀 起 了 叛 乱 。 这 一 次 是 冲 着 你 来 的 。 
menu_oim_razin_asking_for_marshal|{s2}
menu_oim_dmitry_elected|你 说 服 了 波 耶 们 在 选 举 中 支 持 你 。 最 终 ， 你 成 为 了 沙 皇 。 
menu_oim_dmitry_election_failed|你 没 能 把 波 耶 们 拉 拢 到 你 这 边 。 波 耶 议 会 选 了 拉 辛 做 沙 皇 。 
menu_simle_text_message|{s2}
menu_oim_diplomacy_window|你 想 向 哪 个 国 家 宣 战 ？ 
mno_fac_1_continue|{s2}
mno_fac_2_continue|{s2}
mno_fac_3_continue|{s2}
mno_fac_4_continue|{s2}
mno_fac_5_continue|{s2}
menu_submit_war|你 真 的 想 和 {s2}开 战 吗 ？ 
mno_submit_war|是 
mno_reject|否 
menu_oim_auto_talk_menu2|没 有 
menu_oim_auto_message_menu2|{s2}
menu_notification_about_gold_usage_after_construct|在 {s1}{s51}。 
menu_notification_about_gold_usage_30_day|在 {s1}{s51}。 
menu_notification_party_under_siege_with_defence|在 围 城 中 ， {s3}的 {s2}在 困 境 中 失 去 了 {s50}。 
menu_notification_village_element_leave_service|{s1}的 {s2}辞 去 了 职 务 。 
menu_notification_extra_good_ready|你 在 {s1}定 制 的 {s2}已 完 成 ， 等 着 你 去 验 收 。 
menu_ms_additional_menu|{s0}
mno_ms_add_1|{s1}。 
mno_ms_add_2|{s1}。 
mno_ms_add_3|{s1}。 
mno_ms_add_4|{s1}。 
mno_ms_add_5|{s1}。 
mno_ms_add_6|{s1}。 
mno_ms_add_7|{s1}。 
mno_ms_add_8|{s1}。 
mno_ms_add_9|{s1}。 
mno_ms_add_10|{s1}。 
mno_ms_back|返 回 … … 
menu_ms_additional_school|{s2}
mno_ms_see_npc_list|查 看 同 伴 列 表 
menu_ms_additional_merchant_guild|选 择 一 个 行 动 。 
mno_ms_guild_deposit|以 月 利 率 {reg0}%存 钱 。 
mno_ms_guild_credit|以 月 利 率 {reg0}%贷 款 。 
mno_ms_guild_deposit_out|取 出 你 的 存 款 （ {reg0}泰 勒 ） 
mno_ms_guild_credit_out|还 贷 （ {reg0}泰 勒 ） 
menu_ms_guild_get_value|选 择 一 个 {s0}金 额 。 当 前 {s0}金 额 总 计 {reg5}。 
mno_ms_guild_500_minus|-500泰 勒 
mno_ms_guild_500_plus|+500泰 勒 
mno_ms_guild_1000_minus|-1000泰 勒 
mno_ms_guild_1000_plus|+1000泰 勒 
mno_ms_guild_1500_minus|-1500泰 勒 
mno_ms_guild_1500_plus|+1500泰 勒 
mno_ms_guild_2000_minus|-2000泰 勒 
mno_ms_guild_2000_plus|+2000泰 勒 
mno_ms_continue|完 成 交 易 
menu_ms_guild_get_out|你 想 执 行 这 个 交 易 吗 ？ 
mno_ms_guild_break|是 
mno_ms_guild_back|算 了 
menu_ms_guild_not_enough_money|你 没 有 足 够 的 钱 ！ 
menu_ms_credit_fight|你 没 有 按 时 还 钱 ， 所 以 银 行 这 边 决 定 强 行 征 收 了 。 
mno_ms_credit_fight_continue|继 续 … … 
menu_ms_additional_extra_goods|{s0}
mno_ms_extra_goods_next|继 续 … … 
menu_ms_additional_adviser|{s0}
mno_ms_extra_adviser_continue|继 续 … … 
menu_notification_change_diplomatic_capital|现 在 可 以 在 {s1}找 到 大 使 。 
menu_messenger_for_capital|{s0}
menu_select_ambassador|选 择 一 个 大 使 ： 
mno_ambassador_fac1|{s0}
mno_ambassador_fac2|{s0}
mno_ambassador_fac3|{s0}
mno_ambassador_fac4|{s0}
mno_ambassador_fac5|{s0}
mno_back|返 回 … … 
menu_ms_additional_officer|这 里 你 可 以 和 驻 军 指 挥 官 商 谈 招 募 士 兵 事 宜 。 
mno_ms_additional_officer_next|和 驻 军 指 挥 官 商 谈 。 
menu_oim_caravan_delivered|商 队 的 所 有 货 物 都 卖 出 去 了 ， 你 得 到 了 {reg1}泰 勒 。 除 开 你 所 有 开 支 ， 盈 亏 只 有 你 自 己 知 道 。 
menu_notification_simple_str|{s2}
menu_notification_tax_collected|{s2}
menu_banks_report|{s2}
menu_notification_about_gold_usage_7_day|在 {s1}{s51}
menu_meeting_with_thieves|{s1}
menu_oim_rich_visitor_meal|花 了 25泰 勒 享 用 美 食 之 后 ， 你 打 算 在 这 里 休 息 。 
mno_start_resting|开 始 休 息 。 
