trp_multiplayer_profile_troop_male|联 机 男 性 玩 家 角 色　
trp_multiplayer_profile_troop_male_pl|联 机 男 性 玩 家 角 色　
trp_multiplayer_profile_troop_female|联 机 女 性 玩 家 角 色　
trp_multiplayer_profile_troop_female_pl|联 机 女 性 玩 家 角 色　
trp_temp_troop|Temp Troop　
trp_temp_troop_pl|Temp Troop　
trp_find_item_cheat|find item cheat　
trp_find_item_cheat_pl|find item cheat　
trp_random_town_sequence|Random Town Sequence　
trp_random_town_sequence_pl|Random Town Sequence　
trp_tournament_participants|竞 技 场 选 手　
trp_tournament_participants_pl|竞 技 场 选 手　
trp_tutorial_maceman|锤 子 手　
trp_tutorial_maceman_pl|锤 子 手　
trp_tutorial_archer|弓 箭 手　
trp_tutorial_archer_pl|弓 箭 手　
trp_tutorial_swordsman|剑 士　
trp_tutorial_swordsman_pl|剑 士　
trp_novice_fighter|初 级 斗 士　
trp_novice_fighter_pl|初 级 斗 士　
trp_regular_fighter|正 规 斗 士　
trp_regular_fighter_pl|正 规 斗 士　
trp_veteran_fighter|资 深 斗 士　
trp_veteran_fighter_pl|资 深 斗 士　
trp_champion_fighter|精 锐 斗 士　
trp_champion_fighter_pl|精 锐 斗 士　
trp_arena_training_fighter_1|初 级 斗 士　
trp_arena_training_fighter_1_pl|初 级 斗 士　
trp_arena_training_fighter_2|初 级 斗 士　
trp_arena_training_fighter_2_pl|初 级 斗 士　
trp_arena_training_fighter_3|正 规 斗 士　
trp_arena_training_fighter_3_pl|正 规 斗 士　
trp_arena_training_fighter_4|正 规 斗 士　
trp_arena_training_fighter_4_pl|正 规 斗 士　
trp_arena_training_fighter_5|正 规 斗 士　
trp_arena_training_fighter_5_pl|正 规 斗 士　
trp_arena_training_fighter_6|资 深 斗 士　
trp_arena_training_fighter_6_pl|资 深 斗 士　
trp_arena_training_fighter_7|资 深 斗 士　
trp_arena_training_fighter_7_pl|资 深 斗 士　
trp_arena_training_fighter_8|资 深 斗 士　
trp_arena_training_fighter_8_pl|资 深 斗 士　
trp_arena_training_fighter_9|精 锐 斗 士　
trp_arena_training_fighter_9_pl|精 锐 斗 士　
trp_arena_training_fighter_10|精 锐 斗 士　
trp_arena_training_fighter_10_pl|精 锐 斗 士　
trp_cattle|牛　
trp_cattle_pl|牛　
trp_farmer|农 民　
trp_farmer_pl|农 民　
trp_townsman|民 兵　
trp_townsman_pl|民 兵　
trp_watchman|雇 佣 戟 兵　
trp_watchman_pl|雇 佣 戟 兵　
trp_caravan_guard|雇 佣 骑 手　
trp_caravan_guard_pl|雇 佣 骑 手　
trp_mercenary_swordsman|雇 佣 射 手　
trp_mercenary_swordsman_pl|雇 佣 射 手　
trp_hired_blade|雇 佣 长 枪 兵　
trp_hired_blade_pl|雇 佣 长 枪 兵　
trp_mercenary_crossbowman|雇 佣 火 枪 兵　
trp_mercenary_crossbowman_pl|雇 佣 火 枪 兵　
trp_mercenary_horseman|雇 佣 轻 骑 兵　
trp_mercenary_horseman_pl|雇 佣 轻 骑 兵　
trp_mercenaries_end|mercenaries end　
trp_mercenaries_end_pl|mercenaries end　
trp_swadian_recruit|波 兰 镰 刀 手　
trp_swadian_recruit_pl|波 兰 镰 刀 手　
trp_swadian_militia|波 兰 长 枪 民 兵　
trp_swadian_militia_pl|波 兰 长 枪 民 兵　
trp_swadian_militia_levelup|波 兰 资 深 长 枪 民 兵　
trp_swadian_militia_levelup_pl|波 兰 资 深 长 枪 民 兵　
trp_swadian_skirmisher|波 兰 火 枪 民 兵　
trp_swadian_skirmisher_pl|波 兰 火 枪 民 兵　
trp_swadian_skirmisher_levelup|波 兰 资 深 火 枪 民 兵　
trp_swadian_skirmisher_levelup_pl|波 兰 资 深 火 枪 民 兵　
trp_swadian_footman|波 兰 长 枪 兵　
trp_swadian_footman_pl|波 兰 长 枪 兵　
trp_swadian_footman_levelup|波 兰 资 深 长 枪 兵　
trp_swadian_footman_levelup_pl|波 兰 资 深 长 枪 兵　
trp_swadian_crossbowman|波 兰 勇 士　
trp_swadian_crossbowman_pl|波 兰 勇 士　
trp_swadian_crossbowman_levelup|波 兰 资 深 勇 士　
trp_swadian_crossbowman_levelup_pl|波 兰 资 深 勇 士　
trp_swadian_infantry|波 兰 日 耳 曼 长 枪 兵　
trp_swadian_infantry_pl|波 兰 日 耳 曼 长 枪 兵　
trp_swadian_infantry_levelup|波 兰 日 耳 曼 资 深 长 枪 兵　
trp_swadian_infantry_levelup_pl|波 兰 日 耳 曼 资 深 长 枪 兵　
trp_swadian_sharpshooter|波 兰 日 耳 曼 火 枪 兵　
trp_swadian_sharpshooter_pl|波 兰 日 耳 曼 火 枪 兵　
trp_swadian_sharpshooter_levelup|波 兰 日 耳 曼 资 深 火 枪 兵　
trp_swadian_sharpshooter_levelup_pl|波 兰 日 耳 曼 资 深 火 枪 兵　
trp_swadian_man_at_arms|波 兰 义 勇 骑 兵　
trp_swadian_man_at_arms_pl|波 兰 义 勇 骑 兵　
trp_swadian_man_at_arms_levelup|波 兰 资 深 义 勇 骑 兵　
trp_swadian_man_at_arms_levelup_pl|波 兰 资 深 义 勇 骑 兵　
trp_polish_dragoon|波 兰 龙 骑 兵　
trp_polish_dragoon_pl|波 兰 龙 骑 兵　
trp_polish_dragoon_levelup|波 兰 资 深 龙 骑 兵　
trp_polish_dragoon_levelup_pl|波 兰 资 深 龙 骑 兵　
trp_swadian_sergeant|波 兰 披 甲 哥 萨 克 骑 兵　
trp_swadian_sergeant_pl|波 兰 披 甲 哥 萨 克 骑 兵　
trp_swadian_sergeant_levelup|波 兰 资 深 披 甲 哥 萨 克 骑 兵　
trp_swadian_sergeant_levelup_pl|波 兰 资 深 披 甲 哥 萨 克 骑 兵　
trp_polish_reytar|波 兰 手 枪 骑 兵　
trp_polish_reytar_pl|波 兰 手 枪 骑 兵　
trp_polish_reytar_levelup|波 兰 资 深 手 枪 骑 兵　
trp_polish_reytar_levelup_pl|波 兰 资 深 手 枪 骑 兵　
trp_swadian_knight|波 兰 翼 骑 兵　
trp_swadian_knight_pl|波 兰 翼 骑 兵　
trp_swadian_knight_levelup|波 兰 资 深 翼 骑 兵　
trp_swadian_knight_levelup_pl|波 兰 资 深 翼 骑 兵　
trp_swadian_messenger|传 令 兵　
trp_swadian_messenger_pl|传 令 兵　
trp_swadian_deserter|逃 兵　
trp_swadian_deserter_pl|逃 兵　
trp_swadian_prison_guard|监 狱 守 卫　
trp_swadian_prison_guard_pl|监 狱 守 卫　
trp_swadian_castle_guard|守 卫　
trp_swadian_castle_guard_pl|守 卫　
trp_vaegir_recruit|俄 国 棍 棒 民 兵　
trp_vaegir_recruit_pl|俄 国 棍 棒 民 兵　
trp_vaegir_footman|俄 国 长 枪 民 兵　
trp_vaegir_footman_pl|俄 国 长 枪 民 兵　
trp_vaegir_footman_levelup|俄 国 资 深 长 枪 民 兵　
trp_vaegir_footman_levelup_pl|俄 国 资 深 长 枪 民 兵　
trp_vaegir_skirmisher|俄 国 市 民 射 手　
trp_vaegir_skirmisher_pl|俄 国 市 民 射 手　
trp_vaegir_skirmisher_levelup|俄 国 资 深 市 民 射 手　
trp_vaegir_skirmisher_levelup_pl|俄 国 资 深 市 民 射 手　
trp_vaegir_veteran|俄 国 辅 助 长 枪 兵　
trp_vaegir_veteran_pl|俄 国 辅 助 长 枪 兵　
trp_vaegir_veteran_levelup|俄 国 资 深 辅 助 长 枪 兵　
trp_vaegir_veteran_levelup_pl|俄 国 资 深 辅 助 长 枪 兵　
trp_vaegir_archer|俄 国 射 手　
trp_vaegir_archer_pl|俄 国 射 手　
trp_vaegir_archer_levelup|俄 国 资 深 射 手　
trp_vaegir_archer_levelup_pl|俄 国 资 深 射 手　
trp_vaegir_infantry|俄 国 新 军 长 枪 兵　
trp_vaegir_infantry_pl|俄 国 新 军 长 枪 兵　
trp_vaegir_infantry_levelup|俄 国 资 深 新 军 长 枪 兵　
trp_vaegir_infantry_levelup_pl|俄 国 资 深 新 军 长 枪 兵　
trp_vaegir_marksman|俄 国 新 军 火 枪 手　
trp_vaegir_marksman_pl|俄 国 新 军 火 枪 手　
trp_vaegir_marksman_levelup|俄 国 资 深 新 军 火 枪 手　
trp_vaegir_marksman_levelup_pl|俄 国 资 深 新 军 火 枪 手　
trp_vaegir_horseman|俄 国 农 奴 兵　
trp_vaegir_horseman_pl|俄 国 农 奴 兵　
trp_vaegir_horseman_levelup|俄 国 资 深 农 奴 兵　
trp_vaegir_horseman_levelup_pl|俄 国 资 深 农 奴 兵　
trp_moskow_dragoon|俄 国 贵 族 骑 兵　
trp_moskow_dragoon_pl|俄 国 贵 族 骑 兵　
trp_moskow_dragoon_levelup|俄 国 资 深 贵 族 骑 兵　
trp_moskow_dragoon_levelup_pl|俄 国 资 深 贵 族 骑 兵　
trp_vaegir_knight|俄 国 手 枪 骑 兵　
trp_vaegir_knight_pl|俄 国 手 枪 骑 兵　
trp_vaegir_knight_levelup|俄 国 资 深 手 枪 骑 兵　
trp_vaegir_knight_levelup_pl|俄 国 资 深 手 枪 骑 兵　
trp_vaegir_guard|俄 国 贵 族 护 卫　
trp_vaegir_guard_pl|俄 国 贵 族 护 卫　
trp_vaegir_guard_levelup|俄 国 资 深 贵 族 护 卫　
trp_vaegir_guard_levelup_pl|俄 国 资 深 贵 族 护 卫　
trp_vaegir_messenger|传 令 兵　
trp_vaegir_messenger_pl|传 令 兵　
trp_vaegir_deserter|维 吉 亚 逃 兵　
trp_vaegir_deserter_pl|维 吉 亚 逃 兵　
trp_vaegir_prison_guard|监 狱 守 卫　
trp_vaegir_prison_guard_pl|监 狱 守 卫　
trp_vaegir_castle_guard|守 卫　
trp_vaegir_castle_guard_pl|守 卫　
trp_rinda|俄 国 沙 皇 护 卫　
trp_rinda_pl|俄 国 沙 皇 护 卫　
trp_khergit_tribesman|克 里 米 亚 游 牧 民　
trp_khergit_tribesman_pl|克 里 米 亚 游 牧 民　
trp_khergit_skirmisher|克 里 米 亚 奴 隶 兵　
trp_khergit_skirmisher_pl|克 里 米 亚 奴 隶 兵　
trp_khergit_skirmisher_levelup|克 里 米 亚 资 深 奴 隶 兵　
trp_khergit_skirmisher_levelup_pl|克 里 米 亚 资 深 奴 隶 兵　
trp_khergit_horseman|克 里 米 亚 部 族 骑 兵　
trp_khergit_horseman_pl|克 里 米 亚 部 族 骑 兵　
trp_khergit_horseman_levelup|克 里 米 亚 资 深 部 族 骑 兵　
trp_khergit_horseman_levelup_pl|克 里 米 亚 资 深 部 族 骑 兵　
trp_saymen|克 里 米 亚 守 备 兵　
trp_saymen_pl|克 里 米 亚 守 备 兵　
trp_saymen_levelup|克 里 米 亚 资 深 守 备 兵　
trp_saymen_levelup_pl|克 里 米 亚 资 深 守 备 兵　
trp_khergit_horse_archer|克 里 米 亚 札 萨 克 骑 兵　
trp_khergit_horse_archer_pl|克 里 米 亚 札 萨 克 骑 兵　
trp_khergit_horse_archer_levelup|克 里 米 亚 资 深 札 萨 克 骑 兵　
trp_khergit_horse_archer_levelup_pl|克 里 米 亚 资 深 札 萨 克 骑 兵　
trp_khergit_lancer|克 里 米 亚 欧 古 兰 武 士　
trp_khergit_lancer_pl|克 里 米 亚 欧 古 兰 武 士　
trp_khergit_lancer_levelup|克 里 米 亚 资 深 欧 古 兰 武 士　
trp_khergit_lancer_levelup_pl|克 里 米 亚 资 深 欧 古 兰 武 士　
trp_khergit_veteran_horse_archer|克 里 米 亚 王 公 护 卫　
trp_khergit_veteran_horse_archer_pl|克 里 米 亚 王 公 护 卫　
trp_khergit_veteran_horse_archer_levelup|克 里 米 亚 资 深 王 公 护 卫　
trp_khergit_veteran_horse_archer_levelup_pl|克 里 米 亚 资 深 王 公 护 卫　
trp_asak_bey|克 里 米 亚 小 头 领　
trp_asak_bey_pl|克 里 米 亚 小 头 领　
trp_asak_bey_levelup|克 里 米 亚 资 深 小 头 领　
trp_asak_bey_levelup_pl|克 里 米 亚 资 深 小 头 领　
trp_zyndjirli|克 里 米 亚 可 汗 近 卫　
trp_zyndjirli_pl|克 里 米 亚 可 汗 近 卫　
trp_zyndjirli_levelup|克 里 米 亚 资 深 可 汗 近 卫　
trp_zyndjirli_levelup_pl|克 里 米 亚 资 深 可 汗 近 卫　
trp_khergit_messenger|传 令 兵　
trp_khergit_messenger_pl|传 令 兵　
trp_khergit_deserter|逃 兵　
trp_khergit_deserter_pl|逃 兵　
trp_khergit_prison_guard|监 狱 守 卫　
trp_khergit_prison_guard_pl|监 狱 守 卫　
trp_khergit_castle_guard|守 卫　
trp_khergit_castle_guard_pl|守 卫　
trp_nord_recruit|瑞 典 城 镇 民 兵　
trp_nord_recruit_pl|瑞 典 城 镇 民 兵　
trp_nord_footman|瑞 典 长 枪 民 兵　
trp_nord_footman_pl|瑞 典 长 枪 民 兵　
trp_nord_footman_levelup|瑞 典 资 深 长 枪 民 兵　
trp_nord_footman_levelup_pl|瑞 典 资 深 长 枪 民 兵　
trp_nord_huntsman|瑞 典 火 枪 民 兵　
trp_nord_huntsman_pl|瑞 典 火 枪 民 兵　
trp_nord_huntsman_levelup|瑞 典 资 深 火 枪 民 兵　
trp_nord_huntsman_levelup_pl|瑞 典 资 深 火 枪 民 兵　
trp_nord_trained_footman|瑞 典 长 枪 兵　
trp_nord_trained_footman_pl|瑞 典 长 枪 兵　
trp_nord_trained_footman_levelup|瑞 典 资 深 长 枪 兵　
trp_nord_trained_footman_levelup_pl|瑞 典 资 深 长 枪 兵　
trp_nord_archer|瑞 典 火 枪 兵　
trp_nord_archer_pl|瑞 典 火 枪 兵　
trp_nord_archer_levelup|瑞 典 资 深 火 枪 兵　
trp_nord_archer_levelup_pl|瑞 典 资 深 火 枪 兵　
trp_sved_swordmaster|瑞 典 剑 士　
trp_sved_swordmaster_pl|瑞 典 剑 士　
trp_sved_swordmaster_levelup|瑞 典 资 深 剑 士　
trp_sved_swordmaster_levelup_pl|瑞 典 资 深 剑 士　
trp_nord_veteran_archer|瑞 典 护 卫　
trp_nord_veteran_archer_pl|瑞 典 护 卫　
trp_nord_veteran_archer_levelup|瑞 典 资 深 护 卫　
trp_nord_veteran_archer_levelup_pl|瑞 典 资 深 护 卫　
trp_nord_warrior|瑞 典 龙 骑 兵　
trp_nord_warrior_pl|瑞 典 龙 骑 兵　
trp_nord_warrior_levelup|瑞 典 资 深 龙 骑 兵　
trp_nord_warrior_levelup_pl|瑞 典 资 深 龙 骑 兵　
trp_nord_champion|瑞 典 胸 甲 骑 兵　
trp_nord_champion_pl|瑞 典 胸 甲 骑 兵　
trp_nord_champion_levelup|瑞 典 资 深 胸 甲 骑 兵　
trp_nord_champion_levelup_pl|瑞 典 资 深 胸 甲 骑 兵　
trp_sved_lancers|瑞 典 胸 甲 枪 骑 兵　
trp_sved_lancers_pl|瑞 典 胸 甲 枪 骑 兵　
trp_sved_lancers_levelup|瑞 典 资 深 胸 甲 枪 骑 兵　
trp_sved_lancers_levelup_pl|瑞 典 资 深 胸 甲 枪 骑 兵　
trp_nord_veteran|瑞 典 手 枪 骑 兵　
trp_nord_veteran_pl|瑞 典 手 枪 骑 兵　
trp_nord_veteran_levelup|瑞 典 资 深 手 枪 骑 兵　
trp_nord_veteran_levelup_pl|瑞 典 资 深 手 枪 骑 兵　
trp_nord_messenger|传 令 兵　
trp_nord_messenger_pl|传 令 兵　
trp_nord_deserter|诺 德 逃 兵　
trp_nord_deserter_pl|诺 德 逃 兵　
trp_nord_prison_guard|监 狱 守 卫　
trp_nord_prison_guard_pl|监 狱 守 卫　
trp_nord_castle_guard|守 卫　
trp_nord_castle_guard_pl|守 卫　
trp_rhodok_tribesman|哥 萨 克 村 夫　
trp_rhodok_tribesman_pl|哥 萨 克 村 夫　
trp_rhodok_spearman|哥 萨 克 贫 民 长 枪 兵　
trp_rhodok_spearman_pl|哥 萨 克 贫 民 长 枪 兵　
trp_rhodok_spearman_levelup|哥 萨 克 资 深 贫 民 长 枪 兵　
trp_rhodok_spearman_levelup_pl|哥 萨 克 资 深 贫 民 长 枪 兵　
trp_ukr_golota|哥 萨 克 贫 民 骑 兵　
trp_ukr_golota_pl|哥 萨 克 贫 民 骑 兵　
trp_ukr_golota_levelup|哥 萨 克 资 深 贫 民 骑 兵　
trp_ukr_golota_levelup_pl|哥 萨 克 资 深 贫 民 骑 兵　
trp_rhodok_sergeant|扎 波 罗 热 哥 萨 克 步 兵　
trp_rhodok_sergeant_pl|扎 波 罗 热 哥 萨 克 步 兵　
trp_rhodok_sergeant_levelup|扎 波 罗 热 哥 萨 克 资 深 步 兵　
trp_rhodok_sergeant_levelup_pl|扎 波 罗 热 哥 萨 克 资 深 步 兵　
trp_rhodok_trained_crossbowman|哥 萨 克 水 兵　
trp_rhodok_trained_crossbowman_pl|哥 萨 克 水 兵　
trp_rhodok_trained_crossbowman_levelup|哥 萨 克 资 深 水 兵　
trp_rhodok_trained_crossbowman_levelup_pl|哥 萨 克 资 深 水 兵　
trp_rhodok_veteran_spearman|哥 萨 克 酋 长 护 卫　
trp_rhodok_veteran_spearman_pl|哥 萨 克 酋 长 护 卫　
trp_rhodok_veteran_spearman_levelup|哥 萨 克 资 深 酋 长 护 卫　
trp_rhodok_veteran_spearman_levelup_pl|哥 萨 克 资 深 酋 长 护 卫　
trp_rhodok_trained_spearman|哥 萨 克 勇 士　
trp_rhodok_trained_spearman_pl|哥 萨 克 勇 士　
trp_rhodok_trained_spearman_levelup|哥 萨 克 资 深 勇 士　
trp_rhodok_trained_spearman_levelup_pl|哥 萨 克 资 深 勇 士　
trp_rhodok_crossbowman|哥 萨 克 警 卫　
trp_rhodok_crossbowman_pl|哥 萨 克 警 卫　
trp_rhodok_crossbowman_levelup|哥 萨 克 资 深 警 卫　
trp_rhodok_crossbowman_levelup_pl|哥 萨 克 资 深 警 卫　
trp_ukr_storoja|哥 萨 克 长 枪 警 卫　
trp_ukr_storoja_pl|哥 萨 克 长 枪 警 卫　
trp_ukr_storoja_levelup|哥 萨 克 资 深 长 枪 警 卫　
trp_ukr_storoja_levelup_pl|哥 萨 克 资 深 长 枪 警 卫　
trp_rhodok_veteran_crossbowman|扎 波 罗 热 哥 萨 克 骑 兵　
trp_rhodok_veteran_crossbowman_pl|扎 波 罗 热 哥 萨 克 骑 兵　
trp_rhodok_veteran_crossbowman_levelup|扎 波 罗 热 哥 萨 克 资 深 骑 兵　
trp_rhodok_veteran_crossbowman_levelup_pl|扎 波 罗 热 哥 萨 克 资 深 骑 兵　
trp_rhodok_messenger|传 令 兵　
trp_rhodok_messenger_pl|传 令 兵　
trp_rhodok_deserter|罗 多 克 逃 兵　
trp_rhodok_deserter_pl|罗 多 克 逃 兵　
trp_rhodok_prison_guard|监 狱 守 卫　
trp_rhodok_prison_guard_pl|监 狱 守 卫　
trp_rhodok_castle_guard|守 卫　
trp_rhodok_castle_guard_pl|守 卫　
trp_looter|劫 匪　
trp_looter_pl|劫 匪　
trp_bandit|强 盗　
trp_bandit_pl|强 盗　
trp_brigand|土 匪　
trp_brigand_pl|土 匪　
trp_mountain_bandit|强 盗　
trp_mountain_bandit_pl|强 盗　
trp_forest_bandit|造 反 者　
trp_forest_bandit_pl|造 反 者　
trp_sea_raider|土 匪　
trp_sea_raider_pl|土 匪　
trp_steppe_bandit|鞑 靼 突 袭 者　
trp_steppe_bandit_pl|鞑 靼 突 袭 者　
trp_black_khergit_horseman|黑 旗 库 吉 特 骑 手　
trp_black_khergit_horseman_pl|黑 旗 库 吉 特 骑 手　
trp_manhunter|秘 密 神 射 手　
trp_manhunter_pl|秘 密 神 射 手　
trp_slave_driver|奴 贩 押 解　
trp_slave_driver_pl|奴 贩 押 解　
trp_slave_hunter|奴 贩 猎 手　
trp_slave_hunter_pl|奴 贩 猎 手　
trp_slave_crusher|奴 贩 打 手　
trp_slave_crusher_pl|奴 贩 打 手　
trp_slaver_chief|奴 贩 首 领　
trp_slaver_chief_pl|奴 贩 首 领　
trp_follower_woman|随 营 妇 女　
trp_follower_woman_pl|随 营 妇 女　
trp_hunter_woman|女 猎 手　
trp_hunter_woman_pl|女 猎 手　
trp_fighter_woman|女 护 卫　
trp_fighter_woman_pl|女 护 卫　
trp_sword_sister|女 剑 士　
trp_sword_sister_pl|女 剑 士　
trp_basurman_azap|奥 斯 曼 轻 步 兵　
trp_basurman_azap_pl|奥 斯 曼 轻 步 兵　
trp_basurman_azap_levelup|奥 斯 曼 资 深 轻 步 兵　
trp_basurman_azap_levelup_pl|奥 斯 曼 资 深 轻 步 兵　
trp_basurman_jebelu|奥 斯 曼 侍 从 骑 兵　
trp_basurman_jebelu_pl|奥 斯 曼 侍 从 骑 兵　
trp_basurman_jebelu_levelup|奥 斯 曼 资 深 侍 从 骑 兵　
trp_basurman_jebelu_levelup_pl|奥 斯 曼 资 深 侍 从 骑 兵　
trp_janissar|奥 斯 曼 苏 丹 亲 兵　
trp_janissar_pl|奥 斯 曼 苏 丹 亲 兵　
trp_janissar_levelup|奥 斯 曼 资 深 苏 丹 亲 兵　
trp_janissar_levelup_pl|奥 斯 曼 资 深 苏 丹 亲 兵　
trp_scott_pika|苏 格 兰 长 枪 兵　
trp_scott_pika_pl|苏 格 兰 长 枪 兵　
trp_scott_pika_levelup|苏 格 兰 资 深 长 枪 兵　
trp_scott_pika_levelup_pl|苏 格 兰 资 深 长 枪 兵　
trp_scott_musket|苏 格 兰 火 枪 兵　
trp_scott_musket_pl|苏 格 兰 火 枪 兵　
trp_scott_musket_levelup|苏 格 兰 资 深 火 枪 兵　
trp_scott_musket_levelup_pl|苏 格 兰 资 深 火 枪 兵　
trp_scott_sword|苏 格 兰 剑 士　
trp_scott_sword_pl|苏 格 兰 剑 士　
trp_scott_sword_levelup|苏 格 兰 资 深 剑 士　
trp_scott_sword_levelup_pl|苏 格 兰 资 深 剑 士　
trp_pruss_pike|日 耳 曼 长 枪 兵　
trp_pruss_pike_pl|日 耳 曼 长 枪 兵　
trp_pruss_pike_levelup|日 耳 曼 资 深 长 枪 兵　
trp_pruss_pike_levelup_pl|日 耳 曼 资 深 长 枪 兵　
trp_rundashir|奥 地 利 圆 盾 手　
trp_rundashir_pl|奥 地 利 圆 盾 手　
trp_rundashir_levelup|奥 地 利 资 深 圆 盾 手　
trp_rundashir_levelup_pl|奥 地 利 资 深 圆 盾 手　
trp_tatar_merc_peh|鞑 靼 步 兵　
trp_tatar_merc_peh_pl|鞑 靼 步 兵　
trp_tatar_merc_peh_levelup|鞑 靼 资 深 步 兵　
trp_tatar_merc_peh_levelup_pl|鞑 靼 资 深 步 兵　
trp_litva_musket|立 陶 宛 火 枪 兵　
trp_litva_musket_pl|立 陶 宛 火 枪 兵　
trp_litva_musket_levelup|立 陶 宛 资 深 火 枪 兵　
trp_litva_musket_levelup_pl|立 陶 宛 资 深 火 枪 兵　
trp_gorod_kozak|哥 萨 克 城 镇 民 兵　
trp_gorod_kozak_pl|哥 萨 克 城 镇 民 兵　
trp_gorod_kozak_levelup|哥 萨 克 资 深 城 镇 民 兵　
trp_gorod_kozak_levelup_pl|哥 萨 克 资 深 城 镇 民 兵　
trp_finn_arcebuz|芬 兰 火 绳 枪 兵　
trp_finn_arcebuz_pl|芬 兰 火 绳 枪 兵　
trp_finn_arcebuz_levelup|芬 兰 资 深 火 绳 枪 兵　
trp_finn_arcebuz_levelup_pl|芬 兰 资 深 火 绳 枪 兵　
trp_don_cossack|哥 萨 克 村 庄 民 兵　
trp_don_cossack_pl|哥 萨 克 村 庄 民 兵　
trp_don_cossack_levelup|顿 河 哥 萨 克 骑 兵　
trp_don_cossack_levelup_pl|顿 河 哥 萨 克 骑 兵　
trp_reestrovuy_kozak|哥 萨 克 正 规 骑 兵　
trp_reestrovuy_kozak_pl|哥 萨 克 正 规 骑 兵　
trp_reestrovuy_kozak_levelup|哥 萨 克 资 深 正 规 骑 兵　
trp_reestrovuy_kozak_levelup_pl|哥 萨 克 资 深 正 规 骑 兵　
trp_lisovchiki|波 兰 敢 死 骑 兵　
trp_lisovchiki_pl|波 兰 敢 死 骑 兵　
trp_lisovchiki_levelup|波 兰 资 深 敢 死 骑 兵　
trp_lisovchiki_levelup_pl|波 兰 资 深 敢 死 骑 兵　
trp_litva_lipki|立 陶 宛 鞑 靼 骑 兵　
trp_litva_lipki_pl|立 陶 宛 鞑 靼 骑 兵　
trp_litva_lipki_levelup|立 陶 宛 资 深 鞑 靼 骑 兵　
trp_litva_lipki_levelup_pl|立 陶 宛 资 深 鞑 靼 骑 兵　
trp_ttr_nogay|诺 盖 骑 兵　
trp_ttr_nogay_pl|诺 盖 骑 兵　
trp_ttr_nogay_levelup|诺 盖 资 深 骑 兵　
trp_ttr_nogay_levelup_pl|诺 盖 资 深 骑 兵　
trp_ttr_cherkes|索 卡 西 亚 骑 兵　
trp_ttr_cherkes_pl|索 卡 西 亚 骑 兵　
trp_ttr_cherkes_levelup|索 卡 西 亚 资 深 骑 兵　
trp_ttr_cherkes_levelup_pl|索 卡 西 亚 资 深 骑 兵　
trp_mosk_kalmyk|俄 国 卡 尔 梅 克 骑 兵　
trp_mosk_kalmyk_pl|俄 国 卡 尔 梅 克 骑 兵　
trp_mosk_kalmyk_levelup|俄 国 卡 尔 梅 克 资 深 骑 兵　
trp_mosk_kalmyk_levelup_pl|俄 国 卡 尔 梅 克 资 深 骑 兵　
trp_tatar_merc_cav|鞑 靼 骑 兵　
trp_tatar_merc_cav_pl|鞑 靼 骑 兵　
trp_tatar_merc_cav_levelup|鞑 靼 资 深 骑 兵　
trp_tatar_merc_cav_levelup_pl|鞑 靼 资 深 骑 兵　
trp_merc_reytar|日 耳 曼 手 枪 骑 兵　
trp_merc_reytar_pl|日 耳 曼 手 枪 骑 兵　
trp_merc_reytar_levelup|黑 衫 骑 士　
trp_merc_reytar_levelup_pl|黑 衫 骑 士　
trp_refugee|难 民　
trp_refugee_pl|难 民　
trp_peasant_woman|农 妇　
trp_peasant_woman_pl|农 妇　
trp_caravan_master|商 队 头 领　
trp_caravan_master_pl|商 队 首 领　
trp_kidnapped_girl|被 绑 架 的 女 孩　
trp_kidnapped_girl_pl|被 绑 架 的 女 孩　
trp_town_walker_1|市 民　
trp_town_walker_1_pl|市 民　
trp_town_walker_2|市 民　
trp_town_walker_2_pl|市 民　
trp_village_walker_1|村 民　
trp_village_walker_1_pl|村 民　
trp_village_walker_2|村 民　
trp_village_walker_2_pl|村 民　
trp_rich_baba_pol|平 民　
trp_rich_baba_pol_pl|平 民　
trp_pure_baba_pol|平 民　
trp_pure_baba_pol_pl|平 民　
trp_rich_mujik_pol|平 民　
trp_rich_mujik_pol_pl|平 民　
trp_pure_mujik_pol|平 民　
trp_pure_mujik_pol_pl|平 民　
trp_rich_baba_mosk|平 民　
trp_rich_baba_mosk_pl|平 民　
trp_pure_baba_mosk|平 民　
trp_pure_baba_mosk_pl|平 民　
trp_rich_mujik_mosk|平 民　
trp_rich_mujik_mosk_pl|平 民　
trp_pure_mujik_mosk|平 民　
trp_pure_mujik_mosk_pl|平 民　
trp_rich_baba_ttr|平 民　
trp_rich_baba_ttr_pl|平 民　
trp_pure_baba_ttr|平 民　
trp_pure_baba_ttr_pl|平 民　
trp_rich_mujik_ttr|平 民　
trp_rich_mujik_ttr_pl|平 民　
trp_pure_mujik_ttr|平 民　
trp_pure_mujik_ttr_pl|平 民　
trp_rich_baba_swd|平 民　
trp_rich_baba_swd_pl|平 民　
trp_pure_baba_swd|平 民　
trp_pure_baba_swd_pl|平 民　
trp_rich_mujik_swd|平 民　
trp_rich_mujik_swd_pl|平 民　
trp_pure_mujik_swd|平 民　
trp_pure_mujik_swd_pl|平 民　
trp_rich_baba_ukr|平 民　
trp_rich_baba_ukr_pl|平 民　
trp_pure_baba_ukr|平 民　
trp_pure_baba_ukr_pl|平 民　
trp_rich_mujik_ukr|平 民　
trp_rich_mujik_ukr_pl|平 民　
trp_pure_mujik_ukr|平 民　
trp_pure_mujik_ukr_pl|平 民　
trp_spy_walker_1|市 民　
trp_spy_walker_1_pl|市 民　
trp_spy_walker_2|市 民　
trp_spy_walker_2_pl|市 民　
trp_tournament_master|竞 技 场 老 板　
trp_tournament_master_pl|竞 技 场 老 板　
trp_trainer|教 练　
trp_trainer_pl|教 练　
trp_constable_hareck|治 安 官 哈 瑞 克　
trp_constable_hareck_pl|治 安 官 哈 瑞 克　
trp_ramun_the_slave_trader|奴 隶 贩 子 拉 蒙　
trp_ramun_the_slave_trader_pl|奴 隶 贩 子 拉 蒙　
trp_guide|机 灵 鬼 吉 米　
trp_guide_pl|机 灵 鬼 吉 米　
trp_xerina|谢 瑞 娜　
trp_xerina_pl|谢 瑞 娜　
trp_dranton|德 朗 顿　
trp_dranton_pl|德 朗 顿　
trp_kradus|喀 拉 杜 斯　
trp_kradus_pl|喀 拉 杜 斯　
trp_tutorial_trainer|训 练 场 教 练　
trp_tutorial_trainer_pl|训 练 场 教 练　
trp_galeas|盖 里 阿 斯　
trp_galeas_pl|盖 里 阿 斯　
trp_farmer_from_bandit_village|农 民　
trp_farmer_from_bandit_village_pl|农 民　
trp_trainer_1|教 练　
trp_trainer_1_pl|教 练　
trp_trainer_2|教 练　
trp_trainer_2_pl|教 练　
trp_trainer_3|教 练　
trp_trainer_3_pl|教 练　
trp_trainer_4|教 练　
trp_trainer_4_pl|教 练　
trp_trainer_5|教 练　
trp_trainer_5_pl|教 练　
trp_ransom_broker_1|奴 隶 贩 子　
trp_ransom_broker_1_pl|奴 隶 贩 子　
trp_ransom_broker_2|奴 隶 贩 子　
trp_ransom_broker_2_pl|奴 隶 贩 子　
trp_ransom_broker_3|奴 隶 贩 子　
trp_ransom_broker_3_pl|奴 隶 贩 子　
trp_ransom_broker_4|奴 隶 贩 子　
trp_ransom_broker_4_pl|奴 隶 贩 子　
trp_ransom_broker_5|奴 隶 贩 子　
trp_ransom_broker_5_pl|奴 隶 贩 子　
trp_ransom_broker_6|奴 隶 贩 子　
trp_ransom_broker_6_pl|奴 隶 贩 子　
trp_ransom_broker_7|奴 隶 贩 子　
trp_ransom_broker_7_pl|奴 隶 贩 子　
trp_ransom_broker_8|奴 隶 贩 子　
trp_ransom_broker_8_pl|奴 隶 贩 子　
trp_ransom_broker_9|奴 隶 贩 子　
trp_ransom_broker_9_pl|奴 隶 贩 子　
trp_ransom_broker_10|奴 隶 贩 子　
trp_ransom_broker_10_pl|奴 隶 贩 子　
trp_tavern_traveler_1|旅 行 者　
trp_tavern_traveler_1_pl|旅 行 者　
trp_tavern_traveler_2|旅 行 者　
trp_tavern_traveler_2_pl|旅 行 者　
trp_tavern_traveler_3|旅 行 者　
trp_tavern_traveler_3_pl|旅 行 者　
trp_tavern_traveler_4|旅 行 者　
trp_tavern_traveler_4_pl|旅 行 者　
trp_tavern_traveler_5|旅 行 者　
trp_tavern_traveler_5_pl|旅 行 者　
trp_tavern_traveler_6|旅 行 者　
trp_tavern_traveler_6_pl|旅 行 者　
trp_tavern_traveler_7|旅 行 者　
trp_tavern_traveler_7_pl|旅 行 者　
trp_tavern_traveler_8|旅 行 者　
trp_tavern_traveler_8_pl|旅 行 者　
trp_tavern_traveler_9|旅 行 者　
trp_tavern_traveler_9_pl|旅 行 者　
trp_tavern_traveler_10|旅 行 者　
trp_tavern_traveler_10_pl|旅 行 者　
trp_tavern_bookseller_1|书 籍 商 人　
trp_tavern_bookseller_1_pl|书 籍 商 人　
trp_tavern_bookseller_2|书 籍 商 人　
trp_tavern_bookseller_2_pl|书 籍 商 人　
trp_tavern_minstrel_1|游 吟 诗 人　
trp_tavern_minstrel_1_pl|游 吟 诗 人　
trp_npc1|扎 格 沃 巴 上 校　
trp_npc1_pl|扎 格 沃 巴 上 校　
trp_npc2|采 佩 什　
trp_npc2_pl|采 佩 什　
trp_npc3|斯 帕 索 库 科 茨 基 神 父　
trp_npc3_pl|斯 帕 索 库 科 茨 基 神 父　
trp_npc4|马 麦　
trp_npc4_pl|马 麦　
trp_npc5|卡 尔 松　
trp_npc5_pl|卡 尔 松　
trp_npc6|费 多 特　
trp_npc6_pl|费 多 特　
trp_npc7|叶 利 谢 伊　
trp_npc7_pl|叶 利 谢 伊　
trp_npc8|巴 希 特　
trp_npc8_pl|巴 希 特　
trp_npc9|阿 尔 吉 尔 达 斯　
trp_npc9_pl|阿 尔 吉 尔 达 斯　
trp_npc10|维 克 多 · 德 · 拉 布 斯 卡 多　
trp_npc10_pl|维 克 多 · 德 · 拉 布 斯 卡 多　
trp_npc11|那 海　
trp_npc11_pl|那 海　
trp_npc12|萨 拉 本　
trp_npc12_pl|萨 拉 本　
trp_npc13|奥 克 萨 娜　
trp_npc13_pl|奥 克 萨 娜　
trp_npc14|英 格 丽　
trp_npc14_pl|英 格 丽　
trp_npc15|瓦 尔 瓦 拉　
trp_npc15_pl|瓦 尔 瓦 拉　
trp_npc16|法 蒂 玛　
trp_npc16_pl|法 蒂 玛　
trp_kingdom_heroes_including_player_begin|list heroes, including the player　
trp_kingdom_heroes_including_player_begin_pl|list heroes, including players　
trp_kingdom_1_lord|扬 · 卡 齐 米 日 国 王　
trp_kingdom_1_lord_pl|扬 · 卡 齐 米 日 国 王　
trp_kingdom_2_lord|沙 皇 阿 列 克 谢 · 米 哈 伊 洛 维 奇　
trp_kingdom_2_lord_pl|沙 皇 阿 列 克 谢 · 米 哈 伊 洛 维 奇　
trp_kingdom_3_lord|伊 斯 兰 · 格 莱 伊 可 汗　
trp_kingdom_3_lord_pl|伊 斯 兰 · 格 莱 伊 可 汗　
trp_kingdom_4_lord|卡 尔 · 古 斯 塔 夫 国 王　
trp_kingdom_4_lord_pl|卡 尔 · 古 斯 塔 夫 国 王　
trp_kingdom_5_lord|波 格 丹 · 赫 梅 利 尼 茨 基 酋 长　
trp_kingdom_5_lord_pl|波 格 丹 · 赫 梅 利 尼 茨 基 酋 长　
trp_knight_1_1|安 杰 伊 · 克 米 齐 茨 上 校　
trp_knight_1_1_pl|安 杰 伊 · 克 米 齐 茨 上 校　
trp_knight_1_2|米 哈 乌 · 沃 洛 德 耶 夫 斯 基 上 校　
trp_knight_1_2_pl|米 哈 乌 · 沃 洛 德 耶 夫 斯 基 上 校　
trp_knight_1_3|扬 · 斯 克 热 杜 斯 基 上 校　
trp_knight_1_3_pl|扬 · 斯 克 热 杜 斯 基 上 校　
trp_knight_1_4|亚 历 山 大 · 奥 金 斯 基 将 军　
trp_knight_1_4_pl|亚 历 山 大 · 奥 金 斯 基 将 军　
trp_knight_1_5|斯 坦 尼 斯 瓦 夫 · 利 安 茨 科 隆 斯 基 将 军　
trp_knight_1_5_pl|斯 坦 尼 斯 瓦 夫 · 利 安 茨 科 隆 斯 基 将 军　
trp_knight_1_6|费 奥 多 · 奥 布 霍 维 奇 将 军　
trp_knight_1_6_pl|费 奥 多 · 奥 布 霍 维 奇 将 军　
trp_knight_1_7|卡 西 米 尔 · 特 什 克 维 奇 伯 爵　
trp_knight_1_7_pl|卡 西 米 尔 · 特 什 克 维 奇 伯 爵　
trp_knight_1_8|亚 努 什 · 基 什 卡 将 军　
trp_knight_1_8_pl|亚 努 什 · 基 什 卡 将 军　
trp_knight_1_9|帕 维 尔 · 萨 佩 加 将 军　
trp_knight_1_9_pl|帕 维 尔 · 萨 佩 加 将 军　
trp_knight_1_10|耶 日 · 哈 列 茨 基 上 校　
trp_knight_1_10_pl|耶 日 · 哈 列 茨 基 上 校　
trp_knight_1_11|扬 · 泽 诺 维 奇 上 校　
trp_knight_1_11_pl|扬 · 泽 诺 维 奇 上 校　
trp_knight_1_12|扬 · 扎 莫 伊 斯 基 将 军　
trp_knight_1_12_pl|扬 · 扎 莫 伊 斯 基 将 军　
trp_knight_1_13|西 格 蒙 德 · 斯 鲁 什 卡 少 尉　
trp_knight_1_13_pl|西 格 蒙 德 · 斯 鲁 什 卡 少 尉　
trp_knight_1_14|扬 · 索 别 斯 基 将 军　
trp_knight_1_14_pl|扬 · 索 别 斯 基 将 军　
trp_knight_1_15|斯 坦 尼 斯 瓦 夫 · 波 托 茨 基 将 军　
trp_knight_1_15_pl|斯 坦 尼 斯 瓦 夫 · 波 托 茨 基 将 军　
trp_knight_1_16|斯 特 凡 · 恰 尔 涅 茨 基 将 军　
trp_knight_1_16_pl|斯 特 凡 · 恰 尔 涅 茨 基 将 军　
trp_knight_1_17|克 日 什 托 夫 · 格 日 穆 托 夫 斯 基 将 军　
trp_knight_1_17_pl|克 日 什 托 夫 · 格 日 穆 托 夫 斯 基 将 军　
trp_knight_1_18|亚 历 山 大 · 卡 西 米 尔 上 校　
trp_knight_1_18_pl|亚 历 山 大 · 卡 西 米 尔 上 校　
trp_knight_1_19|博 古 斯 拉 夫 · 涅 斯 维 日 斯 基 亲 王　
trp_knight_1_19_pl|博 古 斯 拉 夫 · 涅 斯 维 日 斯 基 亲 王　
trp_knight_1_20|米 哈 乌 · 维 什 涅 夫 茨 基 亲 王　
trp_knight_1_20_pl|米 哈 乌 · 维 什 涅 夫 茨 基 亲 王　
trp_knight_2_1|尤 里 · 布 伊 诺 索 夫 -罗 斯 托 夫 斯 基 将 军　
trp_knight_2_1_pl|尤 里 · 布 伊 诺 索 夫 -罗 斯 托 夫 斯 基 将 军　
trp_knight_2_2|伊 凡 · 松 佐 夫 -扎 谢 金 亲 王　
trp_knight_2_2_pl|伊 凡 · 松 佐 夫 -扎 谢 金 亲 王　
trp_knight_2_3|谢 苗 · 普 罗 佐 罗 夫 斯 基 亲 王　
trp_knight_2_3_pl|谢 苗 · 普 罗 佐 罗 夫 斯 基 亲 王　
trp_knight_2_4|谢 苗 · 拉 赫 曼 宁 将 军　
trp_knight_2_4_pl|谢 苗 · 拉 赫 曼 宁 将 军　
trp_knight_2_5|鲍 里 斯 · 列 普 宁 -奥 博 莱 夫 斯 基 将 军　
trp_knight_2_5_pl|鲍 里 斯 · 列 普 宁 -奥 博 莱 夫 斯 基 将 军　
trp_knight_2_6|费 奥 多 · 沃 尔 孔 斯 基 将 军　
trp_knight_2_6_pl|费 奥 多 · 沃 尔 孔 斯 基 将 军　
trp_knight_2_7|瑙 姆 · 瓦 西 里 耶 夫 首 领　
trp_knight_2_7_pl|瑙 姆 · 瓦 西 里 耶 夫 首 领　
trp_knight_2_8|阿 里 克 谢 · 沃 罗 滕 斯 基 波 耶　
trp_knight_2_8_pl|阿 里 克 谢 · 沃 罗 滕 斯 基 波 耶　
trp_knight_2_9|雅 科 夫 · 切 尔 卡 斯 基 亲 王　
trp_knight_2_9_pl|雅 科 夫 · 切 尔 卡 斯 基 亲 王　
trp_knight_2_10|阿 里 克 谢 · 特 鲁 别 茨 科 伊 亲 王　
trp_knight_2_10_pl|阿 里 克 谢 · 特 鲁 别 茨 科 伊 亲 王　
trp_knight_2_11|瓦 西 里 · 布 图 尔 林 将 军　
trp_knight_2_11_pl|瓦 西 里 · 布 图 尔 林 将 军　
trp_knight_2_12|瓦 西 里 · 舍 烈 梅 捷 夫 波 耶　
trp_knight_2_12_pl|瓦 西 里 · 舍 烈 梅 捷 夫 波 耶　
trp_knight_2_13|谢 苗 · 乌 鲁 索 夫 亲 王　
trp_knight_2_13_pl|谢 苗 · 乌 鲁 索 夫 亲 王　
trp_knight_2_14|尤 里 · 鲍 里 亚 金 斯 基 亲 王　
trp_knight_2_14_pl|尤 里 · 鲍 里 亚 金 斯 基 亲 王　
trp_knight_2_15|费 奥 多 · 赫 沃 罗 斯 季 宁 将 军　
trp_knight_2_15_pl|费 奥 多 · 赫 沃 罗 斯 季 宁 将 军　
trp_knight_2_16|安 德 烈 · 霍 万 斯 基 亲 王　
trp_knight_2_16_pl|安 德 烈 · 霍 万 斯 基 亲 王　
trp_knight_2_17|尼 基 塔 · 奥 陀 耶 夫 斯 基 将 军　
trp_knight_2_17_pl|尼 基 塔 · 奥 陀 耶 夫 斯 基 将 军　
trp_knight_2_18|帕 维 尔 · 涅 斯 卡 奇 金 统 领　
trp_knight_2_18_pl|帕 维 尔 · 涅 斯 卡 奇 金 统 领　
trp_knight_2_19|鲍 里 斯 · 普 希 金 将 军　
trp_knight_2_19_pl|鲍 里 斯 · 普 希 金 将 军　
trp_knight_2_20|阿 法 纳 西 · 奥 尔 金 -纳 晓 金 将 军　
trp_knight_2_20_pl|阿 法 纳 西 · 奥 尔 金 -纳 晓 金 将 军　
trp_knight_3_1|巴 耶 济 德 汗　
trp_knight_3_1_pl|巴 耶 济 德 汗　
trp_knight_3_2|艾 哈 迈 德 帕 夏　
trp_knight_3_2_pl|艾 哈 迈 德 帕 夏　
trp_knight_3_3|伊 马 德 帕 夏　
trp_knight_3_3_pl|伊 马 德 帕 夏　
trp_knight_3_4|艾 尼 凯 伊 米 儿 咱　
trp_knight_3_4_pl|艾 尼 凯 伊 米 儿 咱　
trp_knight_3_5|扬 马 迈 德 米 儿 咱　
trp_knight_3_5_pl|扬 马 迈 德 米 儿 咱　
trp_knight_3_6|希 林 贝 伊　
trp_knight_3_6_pl|希 林 贝 伊　
trp_knight_3_7|达 夫 来 施 米 儿 咱　
trp_knight_3_7_pl|达 夫 来 施 米 儿 咱　
trp_knight_3_8|布 克 伦 贝 伊　
trp_knight_3_8_pl|布 克 伦 贝 伊　
trp_knight_3_9|巴 伦 贝 伊　
trp_knight_3_9_pl|巴 伦 贝 伊　
trp_knight_3_10|阿 鲁 浑 贝 伊　
trp_knight_3_10_pl|阿 鲁 浑 贝 伊　
trp_knight_3_11|赛 杰 特 贝 伊　
trp_knight_3_11_pl|赛 杰 特 贝 伊　
trp_knight_3_12|曼 苏 尔 贝 伊　
trp_knight_3_12_pl|曼 苏 尔 贝 伊　
trp_knight_3_13|亚 什 拉 夫 贝 伊　
trp_knight_3_13_pl|亚 什 拉 夫 贝 伊　
trp_knight_3_14|阿 儿 浑 米 儿 咱　
trp_knight_3_14_pl|阿 儿 浑 米 儿 咱　
trp_knight_3_15|阿 吉 什 米 儿 咱　
trp_knight_3_15_pl|阿 吉 什 米 儿 咱　
trp_knight_3_16|迪 维 伊 米 儿 咱　
trp_knight_3_16_pl|迪 维 伊 米 儿 咱　
trp_knight_3_17|阿 帕 克 米 儿 咱　
trp_knight_3_17_pl|阿 帕 克 米 儿 咱　
trp_knight_3_18|卡 拉 齐 米 儿 咱　
trp_knight_3_18_pl|卡 拉 齐 米 儿 咱　
trp_knight_3_19|叶 尔 奇 米 儿 咱　
trp_knight_3_19_pl|叶 尔 奇 米 儿 咱　
trp_knight_3_20|乌 曾 贝 伊　
trp_knight_3_20_pl|乌 曾 贝 伊　
trp_knight_4_1|布 拉 厄 · 威 兴 斯 堡 将 军　
trp_knight_4_1_pl|布 拉 厄 · 威 兴 斯 堡 将 军　
trp_knight_4_2|马 格 努 斯 · 德 · 拉 盖 迪 总 督　
trp_knight_4_2_pl|马 格 努 斯 · 德 · 拉 盖 迪 总 督　
trp_knight_4_3|奥 瓦 尔 · 冯 · 戈 雅 伯 爵　
trp_knight_4_3_pl|奥 瓦 尔 · 冯 · 戈 雅 伯 爵　
trp_knight_4_4|安 德 斯 · 埃 里 克 松 总 督　
trp_knight_4_4_pl|安 德 斯 · 埃 里 克 松 总 督　
trp_knight_4_5|弗 雷 德 里 克 · 威 廉 选 帝 侯　
trp_knight_4_5_pl|弗 雷 德 里 克 · 威 廉 选 帝 侯　
trp_knight_4_6|迪 里 奇 · 维 内 肯 议 员　
trp_knight_4_6_pl|迪 里 奇 · 维 内 肯 议 员　
trp_knight_4_7|阿 尔 维 德 · 维 登 贝 格 将 军　
trp_knight_4_7_pl|阿 尔 维 德 · 维 登 贝 格 将 军　
trp_knight_4_8|古 斯 塔 夫 · 埃 弗 茨 松 · 霍 恩 将 军　
trp_knight_4_8_pl|古 斯 塔 夫 · 埃 弗 茨 松 · 霍 恩 将 军　
trp_knight_4_9|亚 历 山 大 · 莱 斯 利 议 员　
trp_knight_4_9_pl|亚 历 山 大 · 莱 斯 利 议 员　
trp_knight_4_10|古 斯 塔 夫 · 弗 兰 格 尔 男 爵　
trp_knight_4_10_pl|古 斯 塔 夫 · 弗 兰 格 尔 男 爵　
trp_knight_4_11|克 里 斯 托 弗 · 比 约 尔 克 男 爵　
trp_knight_4_11_pl|克 里 斯 托 弗 · 比 约 尔 克 男 爵　
trp_knight_4_12|伦 纳 特 · 托 尔 斯 滕 松 议 员　
trp_knight_4_12_pl|伦 纳 特 · 托 尔 斯 滕 松 议 员　
trp_knight_4_13|奥 托 · 斯 坦 德 博 克 议 员　
trp_knight_4_13_pl|奥 托 · 斯 坦 德 博 克 议 员　
trp_knight_4_14|西 蒙 · 格 伦 德 尔 -赫 姆 菲 特 将 军　
trp_knight_4_14_pl|西 蒙 · 格 伦 德 尔 -赫 姆 菲 特 将 军　
trp_knight_4_15|康 拉 德 · 马 伦 菲 尔 德 议 员　
trp_knight_4_15_pl|康 拉 德 · 马 伦 菲 尔 德 议 员　
trp_knight_4_16|费 比 恩 · 冯 · 威 尔 森 议 员　
trp_knight_4_16_pl|费 比 恩 · 冯 · 威 尔 森 议 员　
trp_knight_4_17|汉 斯 · 冯 · 柯 尼 斯 马 克 议 员　
trp_knight_4_17_pl|汉 斯 · 冯 · 柯 尼 斯 马 克 议 员　
trp_knight_4_18|尼 尔 森 · 卡 格 议 员　
trp_knight_4_18_pl|尼 尔 森 · 卡 格 议 员　
trp_knight_4_19|罗 伯 特 · 道 格 拉 斯 将 军　
trp_knight_4_19_pl|罗 伯 特 · 道 格 拉 斯 将 军　
trp_knight_4_20|卡 尔 · 莱 本 豪 普 特 议 员　
trp_knight_4_20_pl|卡 尔 · 莱 本 豪 普 特 议 员　
trp_knight_5_1|安 东 · 日 丹 诺 维 奇 上 校　
trp_knight_5_1_pl|安 东 · 日 丹 诺 维 奇 上 校　
trp_knight_5_2|波 格 丹 · 波 波 维 奇 上 校　
trp_knight_5_2_pl|波 格 丹 · 波 波 维 奇 上 校　
trp_knight_5_3|帕 夫 洛 · 戈 蒙 长 官　
trp_knight_5_3_pl|帕 夫 洛 · 戈 蒙 长 官　
trp_knight_5_4|伊 凡 · 费 多 伦 科 上 校　
trp_knight_5_4_pl|伊 凡 · 费 多 伦 科 上 校　
trp_knight_5_5|伊 凡 · 博 贡 上 校　
trp_knight_5_5_pl|伊 凡 · 博 贡 上 校　
trp_knight_5_6|彼 得 · 多 罗 申 科 上 校　
trp_knight_5_6_pl|彼 得 · 多 罗 申 科 上 校　
trp_knight_5_7|卢 基 扬 · 默 日 拉 上 校　
trp_knight_5_7_pl|卢 基 扬 · 默 日 拉 上 校　
trp_knight_5_8|书 记 官 伊 凡 · 维 戈 夫 斯 基　
trp_knight_5_8_pl|书 记 官 伊 凡 · 维 戈 夫 斯 基　
trp_knight_5_9|瓦 西 里 · 佐 洛 塔 连 科 上 校　
trp_knight_5_9_pl|瓦 西 里 · 佐 洛 塔 连 科 上 校　
trp_knight_5_10|马 克 西 姆 · 涅 斯 捷 连 科 上 校　
trp_knight_5_10_pl|马 克 西 姆 · 涅 斯 捷 连 科 上 校　
trp_knight_5_11|普 罗 科 普 · 舒 梅 科 上 校　
trp_knight_5_11_pl|普 罗 科 普 · 舒 梅 科 上 校　
trp_knight_5_12|伊 凡 · 希 尔 科 上 校　
trp_knight_5_12_pl|伊 凡 · 希 尔 科 上 校　
trp_knight_5_13|费 奥 多 · 洛 博 达 上 校　
trp_knight_5_13_pl|费 奥 多 · 洛 博 达 上 校　
trp_knight_5_14|季 莫 菲 · 诺 萨 奇 上 校　
trp_knight_5_14_pl|季 莫 菲 · 诺 萨 奇 上 校　
trp_knight_5_15|马 特 维 · 格 拉 德 基 上 校　
trp_knight_5_15_pl|马 特 维 · 格 拉 德 基 上 校　
trp_knight_5_16|马 丁 · 普 什 卡 连 科 上 校　
trp_knight_5_16_pl|马 丁 · 普 什 卡 连 科 上 校　
trp_knight_5_17|菲 隆 · 雅 拉 里 上 校　
trp_knight_5_17_pl|菲 隆 · 雅 拉 里 上 校　
trp_knight_5_18|伊 凡 · 赫 马 拉 连 长　
trp_knight_5_18_pl|伊 凡 · 赫 马 拉 连 长　
trp_knight_5_19|拉 夫 林 · 西 诺 诺 斯 连 长　
trp_knight_5_19_pl|拉 夫 林 · 西 诺 诺 斯 连 长　
trp_knight_5_20|莱 什 · 格 里 岑 科 连 长　
trp_knight_5_20_pl|莱 什 · 格 里 岑 科 连 长　
trp_kingdom_1_pretender|亚 努 什 · 拉 齐 维 乌　
trp_kingdom_1_pretender_pl|亚 努 什 · 拉 齐 维 乌　
trp_kingdom_2_pretender|斯 捷 潘 · 拉 辛　
trp_kingdom_2_pretender_pl|斯 捷 潘 · 拉 辛　
trp_kingdom_3_pretender|穆 罕 默 德 · 格 莱 伊　
trp_kingdom_3_pretender_pl|穆 罕 默 德 · 格 莱 伊　
trp_kingdom_4_pretender|前 女 王 克 丽 丝 蒂 娜　
trp_kingdom_4_pretender_pl|前 女 王 克 丽 丝 蒂 娜　
trp_kingdom_5_pretender|伊 凡 · 巴 拉 巴 什　
trp_kingdom_5_pretender_pl|伊 凡 · 巴 拉 巴 什　
trp_knight_1_1_wife|奥 丽 娜 · 比 尔 勒 维 奇 夫 人　
trp_knight_1_1_wife_pl|奥 丽 娜 · 比 尔 勒 维 奇 夫 人　
trp_knight_2_1_wife|阿 琳 娜 夫 人　
trp_knight_2_1_wife_pl|阿 琳 娜 夫 人　
trp_knight_3_1_wife|阿 丽 苏　
trp_knight_3_1_wife_pl|阿 丽 苏　
trp_knight_4_1_wife|阿 格 尼 丝 女 士　
trp_knight_4_1_wife_pl|阿 格 尼 丝 女 士　
trp_knight_5_1_wife|玛 丽 娜 太 太　
trp_knight_5_1_wife_pl|玛 丽 娜 太 太　
trp_knight_1_2_wife|阿 努 希 娅 · 波 佐 波 加 塔 娅 夫 人　
trp_knight_1_2_wife_pl|阿 努 希 娅 · 波 佐 波 加 塔 娅 夫 人　
trp_knight_2_2_wife|玛 尔 法 夫 人　
trp_knight_2_2_wife_pl|玛 尔 法 夫 人　
trp_knight_3_2_wife|巴 丽 娅　
trp_knight_3_2_wife_pl|巴 丽 娅　
trp_knight_4_2_wife|安 妮 尔 女 士　
trp_knight_4_2_wife_pl|安 妮 尔 女 士　
trp_knight_5_2_wife|加 林 娜 太 太　
trp_knight_5_2_wife_pl|加 林 娜 太 太　
trp_knight_1_1_daughter|阿 格 妮 什 卡 夫 人　
trp_knight_1_1_daughter_pl|阿 格 妮 什 卡 夫 人　
trp_knight_2_1_daughter|阿 里 娜 夫 人　
trp_knight_2_1_daughter_pl|阿 里 娜 夫 人　
trp_knight_3_1_daughter|娜 迪 拉　
trp_knight_3_1_daughter_pl|娜 迪 拉　
trp_knight_4_1_daughter|塞 西 丽 亚 夫 人　
trp_knight_4_1_daughter_pl|塞 西 丽 亚 夫 人　
trp_knight_5_1_daughter|汉 娜 太 太　
trp_knight_5_1_daughter_pl|汉 娜 太 太　
trp_knight_1_2_daughter|安 吉 拉 夫 人　
trp_knight_1_2_daughter_pl|安 吉 拉 夫 人　
trp_knight_2_2_daughter|玛 利 亚 夫 人　
trp_knight_2_2_daughter_pl|玛 利 亚 夫 人　
trp_knight_3_2_daughter|古 丽 努 尔　
trp_knight_3_2_daughter_pl|古 丽 努 尔　
trp_knight_4_2_daughter|弗 莱 娅 女 士　
trp_knight_4_2_daughter_pl|弗 莱 娅 女 士　
trp_knight_5_2_daughter|艾 丽 娜 太 太　
trp_knight_5_2_daughter_pl|艾 丽 娜 太 太　
trp_town_1_seneschal|城 镇 1 总 管　
trp_town_1_seneschal_pl|城 镇 1 总 管　
trp_town_2_seneschal|城 镇 2 总 管　
trp_town_2_seneschal_pl|城 镇 2 总 管　
trp_town_3_seneschal|城 镇 3 总 管　
trp_town_3_seneschal_pl|城 镇 3 总 管　
trp_town_4_seneschal|城 镇 4 总 管　
trp_town_4_seneschal_pl|城 镇 4 总 管　
trp_town_5_seneschal|城 镇 5 总 管　
trp_town_5_seneschal_pl|城 镇 5 总 管　
trp_town_6_seneschal|城 镇 6 总 管　
trp_town_6_seneschal_pl|城 镇 6 总 管　
trp_town_7_seneschal|城 镇 7 总 管　
trp_town_7_seneschal_pl|城 镇 7 总 管　
trp_town_8_seneschal|城 镇 8 总 管　
trp_town_8_seneschal_pl|城 镇 8 总 管　
trp_town_9_seneschal|城 镇 9 总 管　
trp_town_9_seneschal_pl|城 镇 9 总 管　
trp_town_10_seneschal|城 镇 10 总 管　
trp_town_10_seneschal_pl|城 镇 10 总 管　
trp_town_11_seneschal|城 镇 11 总 管　
trp_town_11_seneschal_pl|城 镇 11 总 管　
trp_town_12_seneschal|城 镇 12 总 管　
trp_town_12_seneschal_pl|城 镇 12 总 管　
trp_town_13_seneschal|城 镇 13 总 管　
trp_town_13_seneschal_pl|城 镇 13 总 管　
trp_town_14_seneschal|城 镇 14 总 管　
trp_town_14_seneschal_pl|城 镇 14 总 管　
trp_town_15_seneschal|城 镇 15 总 管　
trp_town_15_seneschal_pl|城 镇 14 总 管　
trp_town_16_seneschal|城 镇 16 总 管　
trp_town_16_seneschal_pl|城 镇 14 总 管　
trp_town_17_seneschal|城 镇 17 总 管　
trp_town_17_seneschal_pl|城 镇 14 总 管　
trp_town_18_seneschal|城 镇 18 总 管　
trp_town_18_seneschal_pl|城 镇 14 总 管　
trp_castle_1_seneschal|城 堡 1 总 管　
trp_castle_1_seneschal_pl|城 堡 1 总 管　
trp_castle_2_seneschal|城 堡 2 总 管　
trp_castle_2_seneschal_pl|城 堡 2 总 管　
trp_castle_3_seneschal|城 堡 3 总 管　
trp_castle_3_seneschal_pl|城 堡 3 总 管　
trp_castle_4_seneschal|城 堡 4 总 管　
trp_castle_4_seneschal_pl|城 堡 4 总 管　
trp_castle_5_seneschal|城 堡 5 总 管　
trp_castle_5_seneschal_pl|城 堡 5 总 管　
trp_castle_6_seneschal|城 堡 6 总 管　
trp_castle_6_seneschal_pl|城 堡 6 总 管　
trp_castle_7_seneschal|城 堡 7 总 管　
trp_castle_7_seneschal_pl|城 堡 7 总 管　
trp_castle_8_seneschal|城 堡 8 总 管　
trp_castle_8_seneschal_pl|城 堡 8 总 管　
trp_castle_9_seneschal|城 堡 9 总 管　
trp_castle_9_seneschal_pl|城 堡 9 总 管　
trp_castle_10_seneschal|城 堡 10 总 管　
trp_castle_10_seneschal_pl|城 堡 10 总 管　
trp_castle_11_seneschal|城 堡 11 总 管　
trp_castle_11_seneschal_pl|城 堡 11 总 管　
trp_castle_12_seneschal|城 堡 2 总 管　
trp_castle_12_seneschal_pl|城 堡 2 总 管　
trp_castle_13_seneschal|城 堡 3 总 管　
trp_castle_13_seneschal_pl|城 堡 3 总 管　
trp_castle_14_seneschal|城 堡 4 总 管　
trp_castle_14_seneschal_pl|城 堡 4 总 管　
trp_castle_15_seneschal|城 堡 5 总 管　
trp_castle_15_seneschal_pl|城 堡 5 总 管　
trp_castle_16_seneschal|城 堡 6 总 管　
trp_castle_16_seneschal_pl|城 堡 6 总 管　
trp_castle_17_seneschal|城 堡 7 总 管　
trp_castle_17_seneschal_pl|城 堡 7 总 管　
trp_castle_18_seneschal|城 堡 8 总 管　
trp_castle_18_seneschal_pl|城 堡 8 总 管　
trp_castle_19_seneschal|城 堡 9 总 管　
trp_castle_19_seneschal_pl|城 堡 9 总 管　
trp_castle_20_seneschal|城 堡 20 总 管　
trp_castle_20_seneschal_pl|城 堡 20 总 管　
trp_castle_21_seneschal|城 堡 11 总 管　
trp_castle_21_seneschal_pl|城 堡 11 总 管　
trp_castle_22_seneschal|城 堡 2 总 管　
trp_castle_22_seneschal_pl|城 堡 2 总 管　
trp_castle_23_seneschal|城 堡 3 总 管　
trp_castle_23_seneschal_pl|城 堡 3 总 管　
trp_castle_24_seneschal|城 堡 4 总 管　
trp_castle_24_seneschal_pl|城 堡 4 总 管　
trp_castle_25_seneschal|城 堡 5 总 管　
trp_castle_25_seneschal_pl|城 堡 5 总 管　
trp_castle_26_seneschal|城 堡 6 总 管　
trp_castle_26_seneschal_pl|城 堡 6 总 管　
trp_castle_27_seneschal|城 堡 7 总 管　
trp_castle_27_seneschal_pl|城 堡 7 总 管　
trp_castle_28_seneschal|城 堡 8 总 管　
trp_castle_28_seneschal_pl|城 堡 8 总 管　
trp_castle_29_seneschal|城 堡 9 总 管　
trp_castle_29_seneschal_pl|城 堡 9 总 管　
trp_castle_30_seneschal|城 堡 20 总 管　
trp_castle_30_seneschal_pl|城 堡 20 总 管　
trp_castle_31_seneschal|城 堡 11 总 管　
trp_castle_31_seneschal_pl|城 堡 11 总 管　
trp_castle_32_seneschal|城 堡 2 总 管　
trp_castle_32_seneschal_pl|城 堡 2 总 管　
trp_castle_33_seneschal|城 堡 3 总 管　
trp_castle_33_seneschal_pl|城 堡 3 总 管　
trp_castle_34_seneschal|城 堡 4 总 管　
trp_castle_34_seneschal_pl|城 堡 4 总 管　
trp_castle_35_seneschal|城 堡 5 总 管　
trp_castle_35_seneschal_pl|城 堡 5 总 管　
trp_castle_36_seneschal|城 堡 6 总 管　
trp_castle_36_seneschal_pl|城 堡 6 总 管　
trp_castle_37_seneschal|城 堡 7 总 管　
trp_castle_37_seneschal_pl|城 堡 7 总 管　
trp_castle_38_seneschal|城 堡 8 总 管　
trp_castle_38_seneschal_pl|城 堡 8 总 管　
trp_castle_39_seneschal|城 堡 9 总 管　
trp_castle_39_seneschal_pl|城 堡 9 总 管　
trp_castle_40_seneschal|城 堡 20 总 管　
trp_castle_40_seneschal_pl|城 堡 20 总 管　
trp_town_1_arena_master|竞 技 场 老 板　
trp_town_1_arena_master_pl|竞 技 场 老 板　
trp_town_2_arena_master|竞 技 场 老 板　
trp_town_2_arena_master_pl|竞 技 场 老 板　
trp_town_3_arena_master|竞 技 场 老 板　
trp_town_3_arena_master_pl|竞 技 场 老 板　
trp_town_4_arena_master|竞 技 场 老 板　
trp_town_4_arena_master_pl|竞 技 场 老 板　
trp_town_5_arena_master|竞 技 场 老 板　
trp_town_5_arena_master_pl|竞 技 场 老 板　
trp_town_6_arena_master|竞 技 场 老 板　
trp_town_6_arena_master_pl|竞 技 场 老 板　
trp_town_7_arena_master|竞 技 场 老 板　
trp_town_7_arena_master_pl|竞 技 场 老 板　
trp_town_8_arena_master|竞 技 场 老 板　
trp_town_8_arena_master_pl|竞 技 场 老 板　
trp_town_9_arena_master|竞 技 场 老 板　
trp_town_9_arena_master_pl|竞 技 场 老 板　
trp_town_10_arena_master|竞 技 场 老 板　
trp_town_10_arena_master_pl|竞 技 场 老 板　
trp_town_11_arena_master|竞 技 场 老 板　
trp_town_11_arena_master_pl|竞 技 场 老 板　
trp_town_12_arena_master|竞 技 场 老 板　
trp_town_12_arena_master_pl|竞 技 场 老 板　
trp_town_13_arena_master|竞 技 场 老 板　
trp_town_13_arena_master_pl|竞 技 场 老 板　
trp_town_14_arena_master|竞 技 场 老 板　
trp_town_14_arena_master_pl|竞 技 场 老 板　
trp_town_15_arena_master|竞 技 场 老 板　
trp_town_15_arena_master_pl|竞 技 场 老 板　
trp_town_16_arena_master|竞 技 场 老 板　
trp_town_16_arena_master_pl|竞 技 场 老 板　
trp_town_17_arena_master|竞 技 场 老 板　
trp_town_17_arena_master_pl|竞 技 场 老 板　
trp_town_18_arena_master|竞 技 场 老 板　
trp_town_18_arena_master_pl|竞 技 场 老 板　
trp_town_1_armorer|防 具 商 人　
trp_town_1_armorer_pl|防 具 商 人　
trp_town_2_armorer|防 具 商 人　
trp_town_2_armorer_pl|防 具 商 人　
trp_town_3_armorer|防 具 商 人　
trp_town_3_armorer_pl|防 具 商 人　
trp_town_4_armorer|防 具 商 人　
trp_town_4_armorer_pl|防 具 商 人　
trp_town_5_armorer|防 具 商 人　
trp_town_5_armorer_pl|防 具 商 人　
trp_town_6_armorer|防 具 商 人　
trp_town_6_armorer_pl|防 具 商 人　
trp_town_7_armorer|防 具 商 人　
trp_town_7_armorer_pl|防 具 商 人　
trp_town_8_armorer|防 具 商 人　
trp_town_8_armorer_pl|防 具 商 人　
trp_town_9_armorer|防 具 商 人　
trp_town_9_armorer_pl|防 具 商 人　
trp_town_10_armorer|防 具 商 人　
trp_town_10_armorer_pl|防 具 商 人　
trp_town_11_armorer|防 具 商 人　
trp_town_11_armorer_pl|防 具 商 人　
trp_town_12_armorer|防 具 商 人　
trp_town_12_armorer_pl|防 具 商 人　
trp_town_13_armorer|防 具 商 人　
trp_town_13_armorer_pl|防 具 商 人　
trp_town_14_armorer|防 具 商 人　
trp_town_14_armorer_pl|防 具 商 人　
trp_town_15_armorer|防 具 商 人　
trp_town_15_armorer_pl|防 具 商 人　
trp_town_16_armorer|防 具 商 人　
trp_town_16_armorer_pl|防 具 商 人　
trp_town_17_armorer|防 具 商 人　
trp_town_17_armorer_pl|防 具 商 人　
trp_town_18_armorer|防 具 商 人　
trp_town_18_armorer_pl|防 具 商 人　
trp_town_1_weaponsmith|武 器 商 人　
trp_town_1_weaponsmith_pl|武 器 商 人　
trp_town_2_weaponsmith|武 器 商 人　
trp_town_2_weaponsmith_pl|武 器 商 人　
trp_town_3_weaponsmith|武 器 商 人　
trp_town_3_weaponsmith_pl|武 器 商 人　
trp_town_4_weaponsmith|武 器 商 人　
trp_town_4_weaponsmith_pl|武 器 商 人　
trp_town_5_weaponsmith|武 器 商 人　
trp_town_5_weaponsmith_pl|武 器 商 人　
trp_town_6_weaponsmith|武 器 商 人　
trp_town_6_weaponsmith_pl|武 器 商 人　
trp_town_7_weaponsmith|武 器 商 人　
trp_town_7_weaponsmith_pl|武 器 商 人　
trp_town_8_weaponsmith|武 器 商 人　
trp_town_8_weaponsmith_pl|武 器 商 人　
trp_town_9_weaponsmith|武 器 商 人　
trp_town_9_weaponsmith_pl|武 器 商 人　
trp_town_10_weaponsmith|武 器 商 人　
trp_town_10_weaponsmith_pl|武 器 商 人　
trp_town_11_weaponsmith|武 器 商 人　
trp_town_11_weaponsmith_pl|武 器 商 人　
trp_town_12_weaponsmith|武 器 商 人　
trp_town_12_weaponsmith_pl|武 器 商 人　
trp_town_13_weaponsmith|武 器 商 人　
trp_town_13_weaponsmith_pl|武 器 商 人　
trp_town_14_weaponsmith|武 器 商 人　
trp_town_14_weaponsmith_pl|武 器 商 人　
trp_town_15_weaponsmith|武 器 商 人　
trp_town_15_weaponsmith_pl|武 器 商 人　
trp_town_16_weaponsmith|武 器 商 人　
trp_town_16_weaponsmith_pl|武 器 商 人　
trp_town_17_weaponsmith|武 器 商 人　
trp_town_17_weaponsmith_pl|武 器 商 人　
trp_town_18_weaponsmith|武 器 商 人　
trp_town_18_weaponsmith_pl|武 器 商 人　
trp_town_1_tavernkeeper|酒 馆 老 板　
trp_town_1_tavernkeeper_pl|酒 馆 老 板　
trp_town_2_tavernkeeper|酒 馆 老 板　
trp_town_2_tavernkeeper_pl|酒 馆 老 板　
trp_town_3_tavernkeeper|酒 馆 老 板　
trp_town_3_tavernkeeper_pl|酒 馆 老 板　
trp_town_4_tavernkeeper|酒 馆 老 板　
trp_town_4_tavernkeeper_pl|酒 馆 老 板　
trp_town_5_tavernkeeper|酒 馆 老 板　
trp_town_5_tavernkeeper_pl|酒 馆 老 板　
trp_town_6_tavernkeeper|酒 馆 老 板　
trp_town_6_tavernkeeper_pl|酒 馆 老 板　
trp_town_7_tavernkeeper|酒 馆 老 板　
trp_town_7_tavernkeeper_pl|酒 馆 老 板　
trp_town_8_tavernkeeper|酒 馆 老 板　
trp_town_8_tavernkeeper_pl|酒 馆 老 板　
trp_town_9_tavernkeeper|酒 馆 老 板　
trp_town_9_tavernkeeper_pl|酒 馆 老 板　
trp_town_10_tavernkeeper|酒 馆 老 板　
trp_town_10_tavernkeeper_pl|酒 馆 老 板　
trp_town_11_tavernkeeper|酒 馆 老 板　
trp_town_11_tavernkeeper_pl|酒 馆 老 板　
trp_town_12_tavernkeeper|酒 馆 老 板　
trp_town_12_tavernkeeper_pl|酒 馆 老 板　
trp_town_13_tavernkeeper|酒 馆 老 板　
trp_town_13_tavernkeeper_pl|酒 馆 老 板　
trp_town_14_tavernkeeper|酒 馆 老 板　
trp_town_14_tavernkeeper_pl|酒 馆 老 板　
trp_town_15_tavernkeeper|酒 馆 老 板　
trp_town_15_tavernkeeper_pl|酒 馆 老 板　
trp_town_16_tavernkeeper|酒 馆 老 板　
trp_town_16_tavernkeeper_pl|酒 馆 老 板　
trp_town_17_tavernkeeper|酒 馆 老 板　
trp_town_17_tavernkeeper_pl|酒 馆 老 板　
trp_town_18_tavernkeeper|酒 馆 老 板　
trp_town_18_tavernkeeper_pl|酒 馆 老 板　
trp_town_1_merchant|杂 货 商 人　
trp_town_1_merchant_pl|杂 货 商 人　
trp_town_2_merchant|杂 货 商 人　
trp_town_2_merchant_pl|杂 货 商 人　
trp_town_3_merchant|杂 货 商 人　
trp_town_3_merchant_pl|杂 货 商 人　
trp_town_4_merchant|杂 货 商 人　
trp_town_4_merchant_pl|杂 货 商 人　
trp_town_5_merchant|杂 货 商 人　
trp_town_5_merchant_pl|杂 货 商 人　
trp_town_6_merchant|杂 货 商 人　
trp_town_6_merchant_pl|杂 货 商 人　
trp_town_7_merchant|杂 货 商 人　
trp_town_7_merchant_pl|杂 货 商 人　
trp_town_8_merchant|杂 货 商 人　
trp_town_8_merchant_pl|杂 货 商 人　
trp_town_9_merchant|杂 货 商 人　
trp_town_9_merchant_pl|杂 货 商 人　
trp_town_10_merchant|杂 货 商 人　
trp_town_10_merchant_pl|杂 货 商 人　
trp_town_11_merchant|杂 货 商 人　
trp_town_11_merchant_pl|杂 货 商 人　
trp_town_12_merchant|杂 货 商 人　
trp_town_12_merchant_pl|杂 货 商 人　
trp_town_13_merchant|杂 货 商 人　
trp_town_13_merchant_pl|杂 货 商 人　
trp_town_14_merchant|杂 货 商 人　
trp_town_14_merchant_pl|杂 货 商 人　
trp_town_15_merchant|杂 货 商 人　
trp_town_15_merchant_pl|杂 货 商 人　
trp_town_16_merchant|杂 货 商 人　
trp_town_16_merchant_pl|杂 货 商 人　
trp_town_17_merchant|杂 货 商 人　
trp_town_17_merchant_pl|杂 货 商 人　
trp_town_18_merchant|杂 货 商 人　
trp_town_18_merchant_pl|杂 货 商 人　
trp_salt_mine_merchant|巴 瑞 赞　
trp_salt_mine_merchant_pl|巴 瑞 赞　
trp_town_1_horse_merchant|马 匹 商 人　
trp_town_1_horse_merchant_pl|马 匹 商 人　
trp_town_2_horse_merchant|马 匹 商 人　
trp_town_2_horse_merchant_pl|马 匹 商 人　
trp_town_3_horse_merchant|马 匹 商 人　
trp_town_3_horse_merchant_pl|马 匹 商 人　
trp_town_4_horse_merchant|马 匹 商 人　
trp_town_4_horse_merchant_pl|马 匹 商 人　
trp_town_5_horse_merchant|马 匹 商 人　
trp_town_5_horse_merchant_pl|马 匹 商 人　
trp_town_6_horse_merchant|马 匹 商 人　
trp_town_6_horse_merchant_pl|马 匹 商 人　
trp_town_7_horse_merchant|马 匹 商 人　
trp_town_7_horse_merchant_pl|马 匹 商 人　
trp_town_8_horse_merchant|马 匹 商 人　
trp_town_8_horse_merchant_pl|马 匹 商 人　
trp_town_9_horse_merchant|马 匹 商 人　
trp_town_9_horse_merchant_pl|马 匹 商 人　
trp_town_10_horse_merchant|马 匹 商 人　
trp_town_10_horse_merchant_pl|马 匹 商 人　
trp_town_11_horse_merchant|马 匹 商 人　
trp_town_11_horse_merchant_pl|马 匹 商 人　
trp_town_12_horse_merchant|马 匹 商 人　
trp_town_12_horse_merchant_pl|马 匹 商 人　
trp_town_13_horse_merchant|马 匹 商 人　
trp_town_13_horse_merchant_pl|马 匹 商 人　
trp_town_14_horse_merchant|马 匹 商 人　
trp_town_14_horse_merchant_pl|马 匹 商 人　
trp_town_15_horse_merchant|马 匹 商 人　
trp_town_15_horse_merchant_pl|马 匹 商 人　
trp_town_16_horse_merchant|马 匹 商 人　
trp_town_16_horse_merchant_pl|马 匹 商 人　
trp_town_17_horse_merchant|马 匹 商 人　
trp_town_17_horse_merchant_pl|马 匹 商 人　
trp_town_18_horse_merchant|马 匹 商 人　
trp_town_18_horse_merchant_pl|马 匹 商 人　
trp_town_1_mayor|镇 长　
trp_town_1_mayor_pl|镇 长　
trp_town_2_mayor|镇 长　
trp_town_2_mayor_pl|镇 长　
trp_town_3_mayor|镇 长　
trp_town_3_mayor_pl|镇 长　
trp_town_4_mayor|镇 长　
trp_town_4_mayor_pl|镇 长　
trp_town_5_mayor|镇 长　
trp_town_5_mayor_pl|镇 长　
trp_town_6_mayor|镇 长　
trp_town_6_mayor_pl|镇 长　
trp_town_7_mayor|镇 长　
trp_town_7_mayor_pl|镇 长　
trp_town_8_mayor|镇 长　
trp_town_8_mayor_pl|镇 长　
trp_town_9_mayor|镇 长　
trp_town_9_mayor_pl|镇 长　
trp_town_10_mayor|镇 长　
trp_town_10_mayor_pl|镇 长　
trp_town_11_mayor|镇 长　
trp_town_11_mayor_pl|镇 长　
trp_town_12_mayor|镇 长　
trp_town_12_mayor_pl|镇 长　
trp_town_13_mayor|镇 长　
trp_town_13_mayor_pl|镇 长　
trp_town_14_mayor|镇 长　
trp_town_14_mayor_pl|镇 长　
trp_town_15_mayor|镇 长　
trp_town_15_mayor_pl|镇 长　
trp_town_16_mayor|镇 长　
trp_town_16_mayor_pl|镇 长　
trp_town_17_mayor|镇 长　
trp_town_17_mayor_pl|镇 长　
trp_town_18_mayor|镇 长　
trp_town_18_mayor_pl|镇 长　
trp_castle_1_elder|镇 长　
trp_castle_1_elder_pl|镇 长　
trp_castle_2_elder|镇 长　
trp_castle_2_elder_pl|镇 长　
trp_castle_3_elder|镇 长　
trp_castle_3_elder_pl|镇 长　
trp_castle_4_elder|镇 长　
trp_castle_4_elder_pl|镇 长　
trp_castle_5_elder|镇 长　
trp_castle_5_elder_pl|镇 长　
trp_castle_6_elder|镇 长　
trp_castle_6_elder_pl|镇 长　
trp_castle_7_elder|镇 长　
trp_castle_7_elder_pl|镇 长　
trp_castle_8_elder|镇 长　
trp_castle_8_elder_pl|镇 长　
trp_castle_9_elder|镇 长　
trp_castle_9_elder_pl|镇 长　
trp_castle_10_elder|镇 长　
trp_castle_10_elder_pl|镇 长　
trp_castle_11_elder|镇 长　
trp_castle_11_elder_pl|镇 长　
trp_castle_12_elder|镇 长　
trp_castle_12_elder_pl|镇 长　
trp_castle_13_elder|镇 长　
trp_castle_13_elder_pl|镇 长　
trp_castle_14_elder|镇 长　
trp_castle_14_elder_pl|镇 长　
trp_castle_15_elder|镇 长　
trp_castle_15_elder_pl|镇 长　
trp_castle_16_elder|镇 长　
trp_castle_16_elder_pl|镇 长　
trp_castle_17_elder|镇 长　
trp_castle_17_elder_pl|镇 长　
trp_castle_18_elder|镇 长　
trp_castle_18_elder_pl|镇 长　
trp_castle_19_elder|镇 长　
trp_castle_19_elder_pl|镇 长　
trp_castle_20_elder|镇 长　
trp_castle_20_elder_pl|镇 长　
trp_castle_21_elder|镇 长　
trp_castle_21_elder_pl|镇 长　
trp_castle_22_elder|镇 长　
trp_castle_22_elder_pl|镇 长　
trp_castle_23_elder|镇 长　
trp_castle_23_elder_pl|镇 长　
trp_castle_24_elder|镇 长　
trp_castle_24_elder_pl|镇 长　
trp_castle_25_elder|镇 长　
trp_castle_25_elder_pl|镇 长　
trp_castle_26_elder|镇 长　
trp_castle_26_elder_pl|镇 长　
trp_castle_27_elder|镇 长　
trp_castle_27_elder_pl|镇 长　
trp_castle_28_elder|镇 长　
trp_castle_28_elder_pl|镇 长　
trp_castle_29_elder|镇 长　
trp_castle_29_elder_pl|镇 长　
trp_castle_30_elder|镇 长　
trp_castle_30_elder_pl|镇 长　
trp_castle_31_elder|镇 长　
trp_castle_31_elder_pl|镇 长　
trp_castle_32_elder|镇 长　
trp_castle_32_elder_pl|镇 长　
trp_castle_33_elder|镇 长　
trp_castle_33_elder_pl|镇 长　
trp_castle_34_elder|镇 长　
trp_castle_34_elder_pl|镇 长　
trp_castle_35_elder|镇 长　
trp_castle_35_elder_pl|镇 长　
trp_castle_36_elder|镇 长　
trp_castle_36_elder_pl|镇 长　
trp_castle_37_elder|镇 长　
trp_castle_37_elder_pl|镇 长　
trp_castle_38_elder|镇 长　
trp_castle_38_elder_pl|镇 长　
trp_castle_39_elder|镇 长　
trp_castle_39_elder_pl|镇 长　
trp_castle_40_elder|镇 长　
trp_castle_40_elder_pl|镇 长　
trp_town_1_trade_guild_master|贸 易 商 会 会 长　
trp_town_1_trade_guild_master_pl|贸 易 商 会 会 长　
trp_town_2_trade_guild_master|贸 易 商 会 会 长　
trp_town_2_trade_guild_master_pl|贸 易 商 会 会 长　
trp_town_3_trade_guild_master|贸 易 商 会 会 长　
trp_town_3_trade_guild_master_pl|贸 易 商 会 会 长　
trp_town_4_trade_guild_master|贸 易 商 会 会 长　
trp_town_4_trade_guild_master_pl|贸 易 商 会 会 长　
trp_town_5_trade_guild_master|贸 易 商 会 会 长　
trp_town_5_trade_guild_master_pl|贸 易 商 会 会 长　
trp_town_6_trade_guild_master|贸 易 商 会 会 长　
trp_town_6_trade_guild_master_pl|贸 易 商 会 会 长　
trp_town_7_trade_guild_master|贸 易 商 会 会 长　
trp_town_7_trade_guild_master_pl|贸 易 商 会 会 长　
trp_town_8_trade_guild_master|贸 易 商 会 会 长　
trp_town_8_trade_guild_master_pl|贸 易 商 会 会 长　
trp_town_9_trade_guild_master|贸 易 商 会 会 长　
trp_town_9_trade_guild_master_pl|贸 易 商 会 会 长　
trp_town_10_trade_guild_master|贸 易 商 会 会 长　
trp_town_10_trade_guild_master_pl|贸 易 商 会 会 长　
trp_town_11_trade_guild_master|贸 易 商 会 会 长　
trp_town_11_trade_guild_master_pl|贸 易 商 会 会 长　
trp_town_12_trade_guild_master|贸 易 商 会 会 长　
trp_town_12_trade_guild_master_pl|贸 易 商 会 会 长　
trp_town_13_trade_guild_master|贸 易 商 会 会 长　
trp_town_13_trade_guild_master_pl|贸 易 商 会 会 长　
trp_town_14_trade_guild_master|贸 易 商 会 会 长　
trp_town_14_trade_guild_master_pl|贸 易 商 会 会 长　
trp_town_15_trade_guild_master|贸 易 商 会 会 长　
trp_town_15_trade_guild_master_pl|贸 易 商 会 会 长　
trp_town_16_trade_guild_master|贸 易 商 会 会 长　
trp_town_16_trade_guild_master_pl|贸 易 商 会 会 长　
trp_town_17_trade_guild_master|贸 易 商 会 会 长　
trp_town_17_trade_guild_master_pl|贸 易 商 会 会 长　
trp_town_18_trade_guild_master|贸 易 商 会 会 长　
trp_town_18_trade_guild_master_pl|贸 易 商 会 会 长　
trp_castle_1_trade_guild_master|贸 易 商 会 会 长　
trp_castle_1_trade_guild_master_pl|贸 易 商 会 会 长　
trp_castle_2_trade_guild_master|贸 易 商 会 会 长　
trp_castle_2_trade_guild_master_pl|贸 易 商 会 会 长　
trp_castle_3_trade_guild_master|贸 易 商 会 会 长　
trp_castle_3_trade_guild_master_pl|贸 易 商 会 会 长　
trp_castle_4_trade_guild_master|贸 易 商 会 会 长　
trp_castle_4_trade_guild_master_pl|贸 易 商 会 会 长　
trp_castle_5_trade_guild_master|贸 易 商 会 会 长　
trp_castle_5_trade_guild_master_pl|贸 易 商 会 会 长　
trp_castle_6_trade_guild_master|贸 易 商 会 会 长　
trp_castle_6_trade_guild_master_pl|贸 易 商 会 会 长　
trp_castle_7_trade_guild_master|贸 易 商 会 会 长　
trp_castle_7_trade_guild_master_pl|贸 易 商 会 会 长　
trp_castle_8_trade_guild_master|贸 易 商 会 会 长　
trp_castle_8_trade_guild_master_pl|贸 易 商 会 会 长　
trp_castle_9_trade_guild_master|贸 易 商 会 会 长　
trp_castle_9_trade_guild_master_pl|贸 易 商 会 会 长　
trp_castle_10_trade_guild_master|贸 易 商 会 会 长　
trp_castle_10_trade_guild_master_pl|贸 易 商 会 会 长　
trp_castle_11_trade_guild_master|贸 易 商 会 会 长　
trp_castle_11_trade_guild_master_pl|贸 易 商 会 会 长　
trp_castle_12_trade_guild_master|贸 易 商 会 会 长　
trp_castle_12_trade_guild_master_pl|贸 易 商 会 会 长　
trp_castle_13_trade_guild_master|贸 易 商 会 会 长　
trp_castle_13_trade_guild_master_pl|贸 易 商 会 会 长　
trp_castle_14_trade_guild_master|贸 易 商 会 会 长　
trp_castle_14_trade_guild_master_pl|贸 易 商 会 会 长　
trp_castle_15_trade_guild_master|贸 易 商 会 会 长　
trp_castle_15_trade_guild_master_pl|贸 易 商 会 会 长　
trp_castle_16_trade_guild_master|贸 易 商 会 会 长　
trp_castle_16_trade_guild_master_pl|贸 易 商 会 会 长　
trp_castle_17_trade_guild_master|贸 易 商 会 会 长　
trp_castle_17_trade_guild_master_pl|贸 易 商 会 会 长　
trp_castle_18_trade_guild_master|贸 易 商 会 会 长　
trp_castle_18_trade_guild_master_pl|贸 易 商 会 会 长　
trp_castle_19_trade_guild_master|贸 易 商 会 会 长　
trp_castle_19_trade_guild_master_pl|贸 易 商 会 会 长　
trp_castle_20_trade_guild_master|贸 易 商 会 会 长　
trp_castle_20_trade_guild_master_pl|贸 易 商 会 会 长　
trp_castle_21_trade_guild_master|贸 易 商 会 会 长　
trp_castle_21_trade_guild_master_pl|贸 易 商 会 会 长　
trp_castle_22_trade_guild_master|贸 易 商 会 会 长　
trp_castle_22_trade_guild_master_pl|贸 易 商 会 会 长　
trp_castle_23_trade_guild_master|贸 易 商 会 会 长　
trp_castle_23_trade_guild_master_pl|贸 易 商 会 会 长　
trp_castle_24_trade_guild_master|贸 易 商 会 会 长　
trp_castle_24_trade_guild_master_pl|贸 易 商 会 会 长　
trp_castle_25_trade_guild_master|贸 易 商 会 会 长　
trp_castle_25_trade_guild_master_pl|贸 易 商 会 会 长　
trp_castle_26_trade_guild_master|贸 易 商 会 会 长　
trp_castle_26_trade_guild_master_pl|贸 易 商 会 会 长　
trp_castle_27_trade_guild_master|贸 易 商 会 会 长　
trp_castle_27_trade_guild_master_pl|贸 易 商 会 会 长　
trp_castle_28_trade_guild_master|贸 易 商 会 会 长　
trp_castle_28_trade_guild_master_pl|贸 易 商 会 会 长　
trp_castle_29_trade_guild_master|贸 易 商 会 会 长　
trp_castle_29_trade_guild_master_pl|贸 易 商 会 会 长　
trp_castle_30_trade_guild_master|贸 易 商 会 会 长　
trp_castle_30_trade_guild_master_pl|贸 易 商 会 会 长　
trp_castle_31_trade_guild_master|贸 易 商 会 会 长　
trp_castle_31_trade_guild_master_pl|贸 易 商 会 会 长　
trp_castle_32_trade_guild_master|贸 易 商 会 会 长　
trp_castle_32_trade_guild_master_pl|贸 易 商 会 会 长　
trp_castle_33_trade_guild_master|贸 易 商 会 会 长　
trp_castle_33_trade_guild_master_pl|贸 易 商 会 会 长　
trp_castle_34_trade_guild_master|贸 易 商 会 会 长　
trp_castle_34_trade_guild_master_pl|贸 易 商 会 会 长　
trp_castle_35_trade_guild_master|贸 易 商 会 会 长　
trp_castle_35_trade_guild_master_pl|贸 易 商 会 会 长　
trp_castle_36_trade_guild_master|贸 易 商 会 会 长　
trp_castle_36_trade_guild_master_pl|贸 易 商 会 会 长　
trp_castle_37_trade_guild_master|贸 易 商 会 会 长　
trp_castle_37_trade_guild_master_pl|贸 易 商 会 会 长　
trp_castle_38_trade_guild_master|贸 易 商 会 会 长　
trp_castle_38_trade_guild_master_pl|贸 易 商 会 会 长　
trp_castle_39_trade_guild_master|贸 易 商 会 会 长　
trp_castle_39_trade_guild_master_pl|贸 易 商 会 会 长　
trp_castle_40_trade_guild_master|贸 易 商 会 会 长　
trp_castle_40_trade_guild_master_pl|贸 易 商 会 会 长　
trp_town_1_garrison_officer|驻 军 指 挥 官　
trp_town_1_garrison_officer_pl|驻 军 指 挥 官　
trp_town_2_garrison_officer|驻 军 指 挥 官　
trp_town_2_garrison_officer_pl|驻 军 指 挥 官　
trp_town_3_garrison_officer|驻 军 指 挥 官　
trp_town_3_garrison_officer_pl|驻 军 指 挥 官　
trp_town_4_garrison_officer|驻 军 指 挥 官　
trp_town_4_garrison_officer_pl|驻 军 指 挥 官　
trp_town_5_garrison_officer|驻 军 指 挥 官　
trp_town_5_garrison_officer_pl|驻 军 指 挥 官　
trp_town_6_garrison_officer|驻 军 指 挥 官　
trp_town_6_garrison_officer_pl|驻 军 指 挥 官　
trp_town_7_garrison_officer|驻 军 指 挥 官　
trp_town_7_garrison_officer_pl|驻 军 指 挥 官　
trp_town_8_garrison_officer|驻 军 指 挥 官　
trp_town_8_garrison_officer_pl|驻 军 指 挥 官　
trp_town_9_garrison_officer|驻 军 指 挥 官　
trp_town_9_garrison_officer_pl|驻 军 指 挥 官　
trp_town_10_garrison_officer|驻 军 指 挥 官　
trp_town_10_garrison_officer_pl|驻 军 指 挥 官　
trp_town_11_garrison_officer|驻 军 指 挥 官　
trp_town_11_garrison_officer_pl|驻 军 指 挥 官　
trp_town_12_garrison_officer|驻 军 指 挥 官　
trp_town_12_garrison_officer_pl|驻 军 指 挥 官　
trp_town_13_garrison_officer|驻 军 指 挥 官　
trp_town_13_garrison_officer_pl|驻 军 指 挥 官　
trp_town_14_garrison_officer|驻 军 指 挥 官　
trp_town_14_garrison_officer_pl|驻 军 指 挥 官　
trp_town_15_garrison_officer|驻 军 指 挥 官　
trp_town_15_garrison_officer_pl|驻 军 指 挥 官　
trp_town_16_garrison_officer|驻 军 指 挥 官　
trp_town_16_garrison_officer_pl|驻 军 指 挥 官　
trp_town_17_garrison_officer|驻 军 指 挥 官　
trp_town_17_garrison_officer_pl|驻 军 指 挥 官　
trp_town_18_garrison_officer|驻 军 指 挥 官　
trp_town_18_garrison_officer_pl|驻 军 指 挥 官　
trp_castle_1_garrison_officer|驻 军 指 挥 官　
trp_castle_1_garrison_officer_pl|驻 军 指 挥 官　
trp_castle_2_garrison_officer|驻 军 指 挥 官　
trp_castle_2_garrison_officer_pl|驻 军 指 挥 官　
trp_castle_3_garrison_officer|驻 军 指 挥 官　
trp_castle_3_garrison_officer_pl|驻 军 指 挥 官　
trp_castle_4_garrison_officer|驻 军 指 挥 官　
trp_castle_4_garrison_officer_pl|驻 军 指 挥 官　
trp_castle_5_garrison_officer|驻 军 指 挥 官　
trp_castle_5_garrison_officer_pl|驻 军 指 挥 官　
trp_castle_6_garrison_officer|驻 军 指 挥 官　
trp_castle_6_garrison_officer_pl|驻 军 指 挥 官　
trp_castle_7_garrison_officer|驻 军 指 挥 官　
trp_castle_7_garrison_officer_pl|驻 军 指 挥 官　
trp_castle_8_garrison_officer|驻 军 指 挥 官　
trp_castle_8_garrison_officer_pl|驻 军 指 挥 官　
trp_castle_9_garrison_officer|驻 军 指 挥 官　
trp_castle_9_garrison_officer_pl|驻 军 指 挥 官　
trp_castle_10_garrison_officer|驻 军 指 挥 官　
trp_castle_10_garrison_officer_pl|驻 军 指 挥 官　
trp_castle_11_garrison_officer|驻 军 指 挥 官　
trp_castle_11_garrison_officer_pl|驻 军 指 挥 官　
trp_castle_12_garrison_officer|驻 军 指 挥 官　
trp_castle_12_garrison_officer_pl|驻 军 指 挥 官　
trp_castle_13_garrison_officer|驻 军 指 挥 官　
trp_castle_13_garrison_officer_pl|驻 军 指 挥 官　
trp_castle_14_garrison_officer|驻 军 指 挥 官　
trp_castle_14_garrison_officer_pl|驻 军 指 挥 官　
trp_castle_15_garrison_officer|驻 军 指 挥 官　
trp_castle_15_garrison_officer_pl|驻 军 指 挥 官　
trp_castle_16_garrison_officer|驻 军 指 挥 官　
trp_castle_16_garrison_officer_pl|驻 军 指 挥 官　
trp_castle_17_garrison_officer|驻 军 指 挥 官　
trp_castle_17_garrison_officer_pl|驻 军 指 挥 官　
trp_castle_18_garrison_officer|驻 军 指 挥 官　
trp_castle_18_garrison_officer_pl|驻 军 指 挥 官　
trp_castle_19_garrison_officer|驻 军 指 挥 官　
trp_castle_19_garrison_officer_pl|驻 军 指 挥 官　
trp_castle_20_garrison_officer|驻 军 指 挥 官　
trp_castle_20_garrison_officer_pl|驻 军 指 挥 官　
trp_castle_21_garrison_officer|驻 军 指 挥 官　
trp_castle_21_garrison_officer_pl|驻 军 指 挥 官　
trp_castle_22_garrison_officer|驻 军 指 挥 官　
trp_castle_22_garrison_officer_pl|驻 军 指 挥 官　
trp_castle_23_garrison_officer|驻 军 指 挥 官　
trp_castle_23_garrison_officer_pl|驻 军 指 挥 官　
trp_castle_24_garrison_officer|驻 军 指 挥 官　
trp_castle_24_garrison_officer_pl|驻 军 指 挥 官　
trp_castle_25_garrison_officer|驻 军 指 挥 官　
trp_castle_25_garrison_officer_pl|驻 军 指 挥 官　
trp_castle_26_garrison_officer|驻 军 指 挥 官　
trp_castle_26_garrison_officer_pl|驻 军 指 挥 官　
trp_castle_27_garrison_officer|驻 军 指 挥 官　
trp_castle_27_garrison_officer_pl|驻 军 指 挥 官　
trp_castle_28_garrison_officer|驻 军 指 挥 官　
trp_castle_28_garrison_officer_pl|驻 军 指 挥 官　
trp_castle_29_garrison_officer|驻 军 指 挥 官　
trp_castle_29_garrison_officer_pl|驻 军 指 挥 官　
trp_castle_30_garrison_officer|驻 军 指 挥 官　
trp_castle_30_garrison_officer_pl|驻 军 指 挥 官　
trp_castle_31_garrison_officer|驻 军 指 挥 官　
trp_castle_31_garrison_officer_pl|驻 军 指 挥 官　
trp_castle_32_garrison_officer|驻 军 指 挥 官　
trp_castle_32_garrison_officer_pl|驻 军 指 挥 官　
trp_castle_33_garrison_officer|驻 军 指 挥 官　
trp_castle_33_garrison_officer_pl|驻 军 指 挥 官　
trp_castle_34_garrison_officer|驻 军 指 挥 官　
trp_castle_34_garrison_officer_pl|驻 军 指 挥 官　
trp_castle_35_garrison_officer|驻 军 指 挥 官　
trp_castle_35_garrison_officer_pl|驻 军 指 挥 官　
trp_castle_36_garrison_officer|驻 军 指 挥 官　
trp_castle_36_garrison_officer_pl|驻 军 指 挥 官　
trp_castle_37_garrison_officer|驻 军 指 挥 官　
trp_castle_37_garrison_officer_pl|驻 军 指 挥 官　
trp_castle_38_garrison_officer|驻 军 指 挥 官　
trp_castle_38_garrison_officer_pl|驻 军 指 挥 官　
trp_castle_39_garrison_officer|驻 军 指 挥 官　
trp_castle_39_garrison_officer_pl|驻 军 指 挥 官　
trp_castle_40_garrison_officer|驻 军 指 挥 官　
trp_castle_40_garrison_officer_pl|驻 军 指 挥 官　
trp_village_1_elder|村 庄 长 老　
trp_village_1_elder_pl|村 庄 长 老　
trp_village_2_elder|村 庄 长 老　
trp_village_2_elder_pl|村 庄 长 老　
trp_village_3_elder|村 庄 长 老　
trp_village_3_elder_pl|村 庄 长 老　
trp_village_4_elder|村 庄 长 老　
trp_village_4_elder_pl|村 庄 长 老　
trp_village_5_elder|村 庄 长 老　
trp_village_5_elder_pl|村 庄 长 老　
trp_village_6_elder|村 庄 长 老　
trp_village_6_elder_pl|村 庄 长 老　
trp_village_7_elder|村 庄 长 老　
trp_village_7_elder_pl|村 庄 长 老　
trp_village_8_elder|村 庄 长 老　
trp_village_8_elder_pl|村 庄 长 老　
trp_village_9_elder|村 庄 长 老　
trp_village_9_elder_pl|村 庄 长 老　
trp_village_10_elder|村 庄 长 老　
trp_village_10_elder_pl|村 庄 长 老　
trp_village_11_elder|村 庄 长 老　
trp_village_11_elder_pl|村 庄 长 老　
trp_village_12_elder|村 庄 长 老　
trp_village_12_elder_pl|村 庄 长 老　
trp_village_13_elder|村 庄 长 老　
trp_village_13_elder_pl|村 庄 长 老　
trp_village_14_elder|村 庄 长 老　
trp_village_14_elder_pl|村 庄 长 老　
trp_village_15_elder|村 庄 长 老　
trp_village_15_elder_pl|村 庄 长 老　
trp_village_16_elder|村 庄 长 老　
trp_village_16_elder_pl|村 庄 长 老　
trp_village_17_elder|村 庄 长 老　
trp_village_17_elder_pl|村 庄 长 老　
trp_village_18_elder|村 庄 长 老　
trp_village_18_elder_pl|村 庄 长 老　
trp_village_19_elder|村 庄 长 老　
trp_village_19_elder_pl|村 庄 长 老　
trp_village_20_elder|村 庄 长 老　
trp_village_20_elder_pl|村 庄 长 老　
trp_village_21_elder|村 庄 长 老　
trp_village_21_elder_pl|村 庄 长 老　
trp_village_22_elder|村 庄 长 老　
trp_village_22_elder_pl|村 庄 长 老　
trp_village_23_elder|村 庄 长 老　
trp_village_23_elder_pl|村 庄 长 老　
trp_village_24_elder|村 庄 长 老　
trp_village_24_elder_pl|村 庄 长 老　
trp_village_25_elder|村 庄 长 老　
trp_village_25_elder_pl|村 庄 长 老　
trp_village_26_elder|村 庄 长 老　
trp_village_26_elder_pl|村 庄 长 老　
trp_village_27_elder|村 庄 长 老　
trp_village_27_elder_pl|村 庄 长 老　
trp_village_28_elder|村 庄 长 老　
trp_village_28_elder_pl|村 庄 长 老　
trp_village_29_elder|村 庄 长 老　
trp_village_29_elder_pl|村 庄 长 老　
trp_village_30_elder|村 庄 长 老　
trp_village_30_elder_pl|村 庄 长 老　
trp_village_31_elder|村 庄 长 老　
trp_village_31_elder_pl|村 庄 长 老　
trp_village_32_elder|村 庄 长 老　
trp_village_32_elder_pl|村 庄 长 老　
trp_village_33_elder|村 庄 长 老　
trp_village_33_elder_pl|村 庄 长 老　
trp_village_34_elder|村 庄 长 老　
trp_village_34_elder_pl|村 庄 长 老　
trp_village_35_elder|村 庄 长 老　
trp_village_35_elder_pl|村 庄 长 老　
trp_village_36_elder|村 庄 长 老　
trp_village_36_elder_pl|村 庄 长 老　
trp_village_37_elder|村 庄 长 老　
trp_village_37_elder_pl|村 庄 长 老　
trp_village_38_elder|村 庄 长 老　
trp_village_38_elder_pl|村 庄 长 老　
trp_village_39_elder|村 庄 长 老　
trp_village_39_elder_pl|村 庄 长 老　
trp_village_40_elder|村 庄 长 老　
trp_village_40_elder_pl|村 庄 长 老　
trp_village_41_elder|村 庄 长 老　
trp_village_41_elder_pl|村 庄 长 老　
trp_village_42_elder|村 庄 长 老　
trp_village_42_elder_pl|村 庄 长 老　
trp_village_43_elder|村 庄 长 老　
trp_village_43_elder_pl|村 庄 长 老　
trp_village_44_elder|村 庄 长 老　
trp_village_44_elder_pl|村 庄 长 老　
trp_village_45_elder|村 庄 长 老　
trp_village_45_elder_pl|村 庄 长 老　
trp_village_46_elder|村 庄 长 老　
trp_village_46_elder_pl|村 庄 长 老　
trp_village_47_elder|村 庄 长 老　
trp_village_47_elder_pl|村 庄 长 老　
trp_village_48_elder|村 庄 长 老　
trp_village_48_elder_pl|村 庄 长 老　
trp_village_49_elder|村 庄 长 老　
trp_village_49_elder_pl|村 庄 长 老　
trp_village_50_elder|村 庄 长 老　
trp_village_50_elder_pl|村 庄 长 老　
trp_village_51_elder|村 庄 长 老　
trp_village_51_elder_pl|村 庄 长 老　
trp_village_52_elder|村 庄 长 老　
trp_village_52_elder_pl|村 庄 长 老　
trp_village_53_elder|村 庄 长 老　
trp_village_53_elder_pl|村 庄 长 老　
trp_village_54_elder|村 庄 长 老　
trp_village_54_elder_pl|村 庄 长 老　
trp_village_55_elder|村 庄 长 老　
trp_village_55_elder_pl|村 庄 长 老　
trp_village_56_elder|村 庄 长 老　
trp_village_56_elder_pl|村 庄 长 老　
trp_village_57_elder|村 庄 长 老　
trp_village_57_elder_pl|村 庄 长 老　
trp_village_58_elder|村 庄 长 老　
trp_village_58_elder_pl|村 庄 长 老　
trp_village_59_elder|村 庄 长 老　
trp_village_59_elder_pl|村 庄 长 老　
trp_village_60_elder|村 庄 长 老　
trp_village_60_elder_pl|村 庄 长 老　
trp_village_61_elder|村 庄 长 老　
trp_village_61_elder_pl|村 庄 长 老　
trp_village_62_elder|村 庄 长 老　
trp_village_62_elder_pl|村 庄 长 老　
trp_village_63_elder|村 庄 长 老　
trp_village_63_elder_pl|村 庄 长 老　
trp_village_64_elder|村 庄 长 老　
trp_village_64_elder_pl|村 庄 长 老　
trp_village_65_elder|村 庄 长 老　
trp_village_65_elder_pl|村 庄 长 老　
trp_village_66_elder|扎 莫 什 耶 村 长 老　
trp_village_66_elder_pl|村 庄 长 老　
trp_village_67_elder|村 庄 长 老　
trp_village_67_elder_pl|村 庄 长 老　
trp_village_68_elder|村 庄 长 老　
trp_village_68_elder_pl|村 庄 长 老　
trp_village_69_elder|村 庄 长 老　
trp_village_69_elder_pl|村 庄 长 老　
trp_village_70_elder|村 庄 长 老　
trp_village_70_elder_pl|村 庄 长 老　
trp_village_71_elder|村 庄 长 老　
trp_village_71_elder_pl|村 庄 长 老　
trp_village_72_elder|村 庄 长 老　
trp_village_72_elder_pl|村 庄 长 老　
trp_village_73_elder|村 庄 长 老　
trp_village_73_elder_pl|村 庄 长 老　
trp_village_74_elder|村 庄 长 老　
trp_village_74_elder_pl|村 庄 长 老　
trp_village_75_elder|村 庄 长 老　
trp_village_75_elder_pl|村 庄 长 老　
trp_village_76_elder|村 庄 长 老　
trp_village_76_elder_pl|村 庄 长 老　
trp_village_77_elder|村 庄 长 老　
trp_village_77_elder_pl|村 庄 长 老　
trp_village_78_elder|村 庄 长 老　
trp_village_78_elder_pl|村 庄 长 老　
trp_village_79_elder|村 庄 长 老　
trp_village_79_elder_pl|村 庄 长 老　
trp_village_80_elder|村 庄 长 老　
trp_village_80_elder_pl|村 庄 长 老　
trp_village_81_elder|村 庄 长 老　
trp_village_81_elder_pl|村 庄 长 老　
trp_village_82_elder|村 庄 长 老　
trp_village_82_elder_pl|村 庄 长 老　
trp_village_83_elder|村 庄 长 老　
trp_village_83_elder_pl|村 庄 长 老　
trp_village_84_elder|村 庄 长 老　
trp_village_84_elder_pl|村 庄 长 老　
trp_village_85_elder|村 庄 长 老　
trp_village_85_elder_pl|村 庄 长 老　
trp_village_86_elder|村 庄 长 老　
trp_village_86_elder_pl|村 庄 长 老　
trp_village_87_elder|村 庄 长 老　
trp_village_87_elder_pl|村 庄 长 老　
trp_village_88_elder|村 庄 长 老　
trp_village_88_elder_pl|村 庄 长 老　
trp_village_89_elder|村 庄 长 老　
trp_village_89_elder_pl|村 庄 长 老　
trp_village_90_elder|村 庄 长 老　
trp_village_90_elder_pl|村 庄 长 老　
trp_merchants_end|merchants_end　
trp_merchants_end_pl|merchants_end　
trp_temp_array_a|temp array a　
trp_temp_array_a_pl|temp array a　
trp_temp_array_b|temp array b　
trp_temp_array_b_pl|temp array b　
trp_temp_array_c|temp array c　
trp_temp_array_c_pl|temp array c　
trp_stack_selection_amounts|stack selection amounts　
trp_stack_selection_amounts_pl|stack selection amounts　
trp_stack_selection_ids|stack selection ids　
trp_stack_selection_ids_pl|stack selection ids　
trp_notification_menu_types|notification menu types　
trp_notification_menu_types_pl|notification menu types　
trp_notification_menu_var1|notification menu var1　
trp_notification_menu_var1_pl|notification menu var1　
trp_notification_menu_var2|notification menu var2　
trp_notification_menu_var2_pl|notification menu var2　
trp_local_merchant|本 地 商 人　
trp_local_merchant_pl|本 地 商 人　
trp_tax_rebel|造 反 的 农 民　
trp_tax_rebel_pl|造 反 的 农 民　
trp_trainee_peasant|农 民　
trp_trainee_peasant_pl|农 民　
trp_fugitive|紧 张 不 安 的 人　
trp_fugitive_pl|紧 张 不 安 的 人　
trp_spy|普 通 的 市 民　
trp_spy_pl|普 通 的 市 民　
trp_oim_monfor|雅 克 · 德 · 克 莱 蒙　
trp_oim_monfor_pl|雅 克 · 德 · 克 莱 蒙　
trp_oim_trakai_ksendz|神 父　
trp_oim_trakai_ksendz_pl|神 父　
trp_oim_polish_taver_visitor|酒 馆 常 客　
trp_oim_polish_taver_visitor_pl|酒 馆 常 客　
trp_oim_tatarin_zolotarenko|鞑 靼 人　
trp_oim_tatarin_zolotarenko_pl|鞑 靼 人　
trp_oim_polish_lord|瑞 典 军 官　
trp_oim_zagloba_qst|奥 努 夫 里 · 扎 格 沃 巴　
trp_oim_old_man_qst|老 人　
trp_oim_killer_qst|绅 士　
trp_oim_getman_pafnutiy|帕 夫 努 季　
trp_oim_dmitriy_yevangelik|福 音 传 教 士 格 拉 西 姆　
trp_volhv|占 卜 者　
trp_volhv_pl|占 卜 者　
trp_halberdier|戟 兵　
trp_halberdier_pl|戟 兵　
trp_moskov_straj|护 卫　
trp_moskov_straj_pl|护 卫　
trp_oim_tavern_visitor_rp|酒 客　
trp_oim_tavern_visitor_rp_pl|酒 客　
trp_oim_tavern_visitor_mc|酒 客　
trp_oim_tavern_visitor_mc_pl|酒 客　
trp_oim_tavern_visitor_swed|酒 客　
trp_oim_tavern_visitor_swed_pl|酒 客　
trp_oim_tavern_visitor_tatar|酒 客　
trp_oim_tavern_visitor_tatar_pl|酒 客　
trp_oim_tavern_visitor_cossack|酒 客　
trp_oim_tavern_visitor_cossack_pl|酒 客　
trp_eleonora|艾 丽 诺　
trp_eleonora_pl|艾 丽 诺　
trp_alevtina|阿 列 夫 京 娜　
trp_alevtina_pl|阿 列 夫 京 娜　
trp_oim_caravan_master|商 队 赶 车 人　
trp_oim_caravan_master_pl|商 队 赶 车 人　
trp_oim_rich_visitor|富 裕 的 市 民　
trp_oim_rich_visitor_pl|富 裕 的 市 民　
trp_spy_partner|不 起 眼 的 市 民　
trp_spy_partner_pl|不 起 眼 的 市 民　
trp_mercanary_captain_tatars|佣 兵 队 长　
trp_mercanary_captain_tatars_pl|佣 兵 队 长　
trp_mercanary_captain_kozaks|哥 萨 克 统 领　
trp_mercanary_captain_kozaks_pl|哥 萨 克 统 领　
trp_mercanary_captain_polyak|佣 兵 队 长　
trp_mercanary_captain_polyak_pl|佣 兵 队 长　
trp_mercanary_captain_shved|佣 兵 队 长　
trp_mercanary_captain_shved_pl|佣 兵 队 长　
trp_mercanary_captain_moskov|佣 兵 队 长　
trp_mercanary_captain_moskov_pl|佣 兵 队 长　
trp_tatar_merch_novice_infantry|鞑 靼 新 征 雇 佣 步 兵　
trp_tatar_merch_novice_infantry_pl|鞑 靼 新 征 雇 佣 步 兵　
trp_tatar_merch_regular_infantry|鞑 靼 老 练 雇 佣 步 兵　
trp_tatar_merch_regular_infantry_pl|鞑 靼 老 练 雇 佣 步 兵　
trp_tatar_merch_veteran_infantry|鞑 靼 资 深 雇 佣 步 兵　
trp_tatar_merch_veteran_infantry_pl|鞑 靼 资 深 雇 佣 步 兵　
trp_tatar_merch_champion_infantry|鞑 靼 精 锐 雇 佣 步 兵　
trp_tatar_merch_champion_infantry_pl|鞑 靼 精 锐 雇 佣 步 兵　
trp_tatar_merch_novice_archer|鞑 靼 新 征 雇 佣 射 手　
trp_tatar_merch_novice_archer_pl|鞑 靼 新 征 雇 佣 射 手　
trp_tatar_merch_regular_archer|鞑 靼 老 练 雇 佣 射 手　
trp_tatar_merch_regular_archer_pl|鞑 靼 老 练 雇 佣 射 手　
trp_tatar_merch_veteran_archer|鞑 靼 资 深 雇 佣 射 手　
trp_tatar_merch_veteran_archer_pl|鞑 靼 资 深 雇 佣 射 手　
trp_tatar_merch_champion_archer|鞑 靼 精 锐 雇 佣 射 手　
trp_tatar_merch_champion_archer_pl|鞑 靼 精 锐 雇 佣 射 手　
trp_tatar_merch_novice_horse|鞑 靼 新 征 雇 佣 骑 兵　
trp_tatar_merch_novice_horse_pl|鞑 靼 新 征 雇 佣 骑 兵　
trp_tatar_merch_regular_horse|鞑 靼 老 练 雇 佣 骑 兵　
trp_tatar_merch_regular_horse_pl|鞑 靼 老 练 雇 佣 骑 兵　
trp_tatar_merch_veteran_horse|鞑 靼 资 深 雇 佣 骑 兵　
trp_tatar_merch_veteran_horse_pl|鞑 靼 资 深 雇 佣 骑 兵　
trp_tatar_merch_champion_horse|鞑 靼 精 锐 雇 佣 骑 兵　
trp_tatar_merch_champion_horse_pl|鞑 靼 精 锐 雇 佣 骑 兵　
trp_kazak_merch_novice_infantry|哥 萨 克 新 征 雇 佣 步 兵　
trp_kazak_merch_novice_infantry_pl|哥 萨 克 新 征 雇 佣 步 兵　
trp_kazak_merch_regular_infantry|哥 萨 克 老 练 雇 佣 步 兵　
trp_kazak_merch_regular_infantry_pl|哥 萨 克 老 练 雇 佣 步 兵　
trp_kazak_merch_veteran_infantry|哥 萨 克 资 深 雇 佣 步 兵　
trp_kazak_merch_veteran_infantry_pl|哥 萨 克 资 深 雇 佣 步 兵　
trp_kazak_merch_champion_infantry|哥 萨 克 精 锐 雇 佣 步 兵　
trp_kazak_merch_champion_infantry_pl|哥 萨 克 精 锐 雇 佣 步 兵　
trp_kazak_merch_novice_archer|哥 萨 克 新 征 雇 佣 射 手　
trp_kazak_merch_novice_archer_pl|哥 萨 克 新 征 雇 佣 射 手　
trp_kazak_merch_regular_archer|哥 萨 克 老 练 雇 佣 射 手　
trp_kazak_merch_regular_archer_pl|哥 萨 克 老 练 雇 佣 射 手　
trp_kazak_merch_veteran_archer|哥 萨 克 资 深 雇 佣 射 手　
trp_kazak_merch_veteran_archer_pl|哥 萨 克 资 深 雇 佣 射 手　
trp_kazak_merch_champion_archer|哥 萨 克 精 锐 雇 佣 射 手　
trp_kazak_merch_champion_archer_pl|哥 萨 克 精 锐 雇 佣 射 手　
trp_kazak_merch_novice_horse|哥 萨 克 新 征 雇 佣 骑 兵　
trp_kazak_merch_novice_horse_pl|哥 萨 克 新 征 雇 佣 骑 兵　
trp_kazak_merch_regular_horse|哥 萨 克 老 练 雇 佣 骑 兵　
trp_kazak_merch_regular_horse_pl|哥 萨 克 老 练 雇 佣 骑 兵　
trp_kazak_merch_veteran_horse|哥 萨 克 资 深 雇 佣 骑 兵　
trp_kazak_merch_veteran_horse_pl|哥 萨 克 资 深 雇 佣 骑 兵　
trp_kazak_merch_champion_horse|哥 萨 克 精 锐 雇 佣 骑 兵　
trp_kazak_merch_champion_horse_pl|哥 萨 克 精 锐 雇 佣 骑 兵　
trp_polyak_merch_novice_infantry|波 兰 新 征 雇 佣 步 兵　
trp_polyak_merch_novice_infantry_pl|波 兰 新 征 雇 佣 步 兵　
trp_polyak_merch_regular_infantry|波 兰 老 练 雇 佣 步 兵　
trp_polyak_merch_regular_infantry_pl|波 兰 老 练 雇 佣 步 兵　
trp_polyak_merch_veteran_infantry|波 兰 资 深 雇 佣 步 兵　
trp_polyak_merch_veteran_infantry_pl|波 兰 资 深 雇 佣 步 兵　
trp_polyak_merch_champion_infantry|波 兰 精 锐 雇 佣 步 兵　
trp_polyak_merch_champion_infantry_pl|波 兰 精 锐 雇 佣 步 兵　
trp_polyak_merch_novice_archer|波 兰 新 征 雇 佣 射 手　
trp_polyak_merch_novice_archer_pl|波 兰 新 征 雇 佣 射 手　
trp_polyak_merch_regular_archer|波 兰 老 练 雇 佣 射 手　
trp_polyak_merch_regular_archer_pl|波 兰 老 练 雇 佣 射 手　
trp_polyak_merch_veteran_archer|波 兰 资 深 雇 佣 射 手　
trp_polyak_merch_veteran_archer_pl|波 兰 资 深 雇 佣 射 手　
trp_polyak_merch_champion_archer|波 兰 精 锐 雇 佣 射 手　
trp_polyak_merch_champion_archer_pl|波 兰 精 锐 雇 佣 射 手　
trp_polyak_merch_novice_horse|波 兰 新 征 雇 佣 骑 兵　
trp_polyak_merch_novice_horse_pl|波 兰 新 征 雇 佣 骑 兵　
trp_polyak_merch_regular_horse|波 兰 老 练 雇 佣 骑 兵　
trp_polyak_merch_regular_horse_pl|波 兰 老 练 雇 佣 骑 兵　
trp_polyak_merch_veteran_horse|波 兰 资 深 雇 佣 骑 兵　
trp_polyak_merch_veteran_horse_pl|波 兰 资 深 雇 佣 骑 兵　
trp_polyak_merch_champion_horse|波 兰 精 锐 雇 佣 骑 兵　
trp_polyak_merch_champion_horse_pl|波 兰 精 锐 雇 佣 骑 兵　
trp_shved_merch_novice_infantry|欧 洲 新 征 雇 佣 步 兵　
trp_shved_merch_novice_infantry_pl|欧 洲 新 征 雇 佣 步 兵　
trp_shved_merch_regular_infantry|欧 洲 老 练 雇 佣 步 兵　
trp_shved_merch_regular_infantry_pl|欧 洲 老 练 雇 佣 步 兵　
trp_shved_merch_veteran_infantry|欧 洲 资 深 雇 佣 步 兵　
trp_shved_merch_veteran_infantry_pl|欧 洲 资 深 雇 佣 步 兵　
trp_shved_merch_champion_infantry|欧 洲 精 锐 雇 佣 步 兵　
trp_shved_merch_champion_infantry_pl|欧 洲 精 锐 雇 佣 步 兵　
trp_shved_merch_novice_archer|欧 洲 新 征 雇 佣 射 手　
trp_shved_merch_novice_archer_pl|欧 洲 新 征 雇 佣 射 手　
trp_shved_merch_regular_archer|欧 洲 老 练 雇 佣 射 手　
trp_shved_merch_regular_archer_pl|E 欧 洲 老 练 雇 佣 射 手　
trp_shved_merch_veteran_archer|欧 洲 资 深 雇 佣 射 手　
trp_shved_merch_veteran_archer_pl|欧 洲 资 深 雇 佣 射 手　
trp_shved_merch_champion_archer|欧 洲 精 锐 雇 佣 射 手　
trp_shved_merch_champion_archer_pl|欧 洲 精 锐 雇 佣 射 手　
trp_shved_merch_novice_horse|欧 洲 新 征 雇 佣 骑 兵　
trp_shved_merch_novice_horse_pl|欧 洲 新 征 雇 佣 骑 兵　
trp_shved_merch_regular_horse|欧 洲 老 练 雇 佣 骑 兵　
trp_shved_merch_regular_horse_pl|欧 洲 老 练 雇 佣 骑 兵　
trp_shved_merch_veteran_horse|欧 洲 资 深 雇 佣 骑 兵　
trp_shved_merch_veteran_horse_pl|欧 洲 资 深 雇 佣 骑 兵　
trp_shved_merch_champion_horse|欧 洲 精 锐 雇 佣 骑 兵　
trp_shved_merch_champion_horse_pl|欧 洲 精 锐 雇 佣 骑 兵　
trp_moskov_merch_novice_infantry|俄 国 新 征 雇 佣 步 兵　
trp_moskov_merch_novice_infantry_pl|俄 国 新 征 雇 佣 步 兵　
trp_moskov_merch_regular_infantry|俄 国 老 练 雇 佣 步 兵　
trp_moskov_merch_regular_infantry_pl|俄 国 老 练 雇 佣 步 兵　
trp_moskov_merch_veteran_infantry|俄 国 资 深 雇 佣 步 兵　
trp_moskov_merch_veteran_infantry_pl|俄 国 资 深 雇 佣 步 兵　
trp_moskov_merch_champion_infantry|俄 国 精 锐 雇 佣 步 兵　
trp_moskov_merch_champion_infantry_pl|俄 国 精 锐 雇 佣 步 兵　
trp_moskov_merch_novice_archer|俄 国 新 征 雇 佣 射 手　
trp_moskov_merch_novice_archer_pl|俄 国 新 征 雇 佣 射 手　
trp_moskov_merch_regular_archer|俄 国 老 练 雇 佣 射 手　
trp_moskov_merch_regular_archer_pl|俄 国 老 练 雇 佣 射 手　
trp_moskov_merch_veteran_archer|俄 国 资 深 雇 佣 射 手　
trp_moskov_merch_veteran_archer_pl|俄 国 资 深 雇 佣 射 手　
trp_moskov_merch_champion_archer|俄 国 精 锐 雇 佣 射 手　
trp_moskov_merch_champion_archer_pl|俄 国 精 锐 雇 佣 射 手　
trp_moskov_merch_novice_horse|俄 国 新 征 雇 佣 骑 兵　
trp_moskov_merch_novice_horse_pl|俄 国 新 征 雇 佣 骑 兵　
trp_moskov_merch_regular_horse|俄 国 老 练 雇 佣 骑 兵　
trp_moskov_merch_regular_horse_pl|俄 国 老 练 雇 佣 骑 兵　
trp_moskov_merch_veteran_horse|俄 国 资 深 雇 佣 骑 兵　
trp_moskov_merch_veteran_horse_pl|俄 国 资 深 雇 佣 骑 兵　
trp_moskov_merch_champion_horse|俄 国 精 锐 雇 佣 骑 兵　
trp_moskov_merch_champion_horse_pl|俄 国 精 锐 雇 佣 骑 兵　
trp_castle_tavernkeeper|酒 馆 老 板　
trp_castle_tavernkeeper_pl|酒 馆 老 板　
trp_town_upgrade_armourer|武 器 商 人　
trp_town_upgrade_armourer_pl|武 器 商 人　
trp_town_upgrade_protection|防 具 商 人　
trp_town_upgrade_protection_pl|防 具 商 人　
trp_militiaman|民 兵　
trp_militiaman_pl|民 兵　
trp_polsk_ambassador|波 兰 共 和 国 大 使　
trp_polsk_ambassador_pl|波 兰 共 和 国 大 使　
trp_moskov_ambassador|沙 皇 俄 国 大 使　
trp_moskov_ambassador_pl|沙 皇 俄 国 大 使　
trp_tatar_ambassador|克 里 米 亚 汗 国 大 使　
trp_tatar_ambassador_pl|克 里 米 亚 汗 国 大 使　
trp_shved_ambassador|瑞 典 王 国 大 使　
trp_shved_ambassador_pl|瑞 典 王 国 大 使　
trp_kozak_ambassador|扎 波 罗 热 哥 萨 克 大 使　
trp_kozak_ambassador_pl|扎 波 罗 热 哥 萨 克 大 使　
trp_armor_smith_pol|防 具 商 人　
trp_armor_smith_pol_pl|防 具 商 人　
trp_armor_smith_rus|防 具 商 人　
trp_armor_smith_rus_pl|防 具 商 人　
trp_armor_smith_tatar|防 具 商 人　
trp_armor_smith_tatar_pl|防 具 商 人　
trp_armor_smith_swed|防 具 商 人　
trp_armor_smith_swed_pl|防 具 商 人　
trp_armor_smith_ukr|防 具 商 人　
trp_armor_smith_ukr_pl|防 具 商 人　
trp_weapon_smith_pol|武 器 商 人　
trp_weapon_smith_pol_pl|武 器 商 人　
trp_weapon_smith_rus|武 器 商 人　
trp_weapon_smith_rus_pl|武 器 商 人　
trp_weapon_smith_tatar|武 器 商 人　
trp_weapon_smith_tatar_pl|武 器 商 人　
trp_weapon_smith_swed|武 器 商 人　
trp_weapon_smith_swed_pl|武 器 商 人　
trp_weapon_smith_ukr|武 器 商 人　
trp_weapon_smith_ukr_pl|武 器 商 人　
trp_castle_cmd_pol|指 挥 官　
trp_castle_cmd_pol_pl|指 挥 官　
trp_castle_cmd_rus|指 挥 官　
trp_castle_cmd_rus_pl|指 挥 官　
trp_castle_cmd_tatar|指 挥 官　
trp_castle_cmd_tatar_pl|指 挥 官　
trp_castle_cmd_swed|指 挥 官　
trp_castle_cmd_swed_pl|指 挥 官　
trp_castle_cmd_ukr|指 挥 官　
trp_castle_cmd_ukr_pl|指 挥 官　
trp_swadian_crossbowman_multiplayer_ai|波 兰 火 枪 兵　
trp_swadian_crossbowman_multiplayer_ai_pl|波 兰 火 枪 兵　
trp_swadian_infantry_multiplayer_ai|波 兰 步 兵　
trp_swadian_infantry_multiplayer_ai_pl|波 兰 步 兵　
trp_swadian_man_at_arms_multiplayer_ai|波 兰 骑 兵　
trp_swadian_man_at_arms_multiplayer_ai_pl|波 兰 骑 兵　
trp_vaegir_archer_multiplayer_ai|俄 国 步 枪 兵　
trp_vaegir_archer_multiplayer_ai_pl|俄 国 步 枪 兵　
trp_vaegir_spearman_multiplayer_ai|俄 国 步 兵　
trp_vaegir_spearman_multiplayer_ai_pl|俄 国 步 兵　
trp_vaegir_horseman_multiplayer_ai|俄 国 骑 兵　
trp_vaegir_horseman_multiplayer_ai_pl|俄 国 骑 兵　
trp_khergit_dismounted_lancer_multiplayer_ai|鞑 靼 步 兵　
trp_khergit_dismounted_lancer_multiplayer_ai_pl|鞑 靼 步 兵　
trp_khergit_veteran_horse_archer_multiplayer_ai|鞑 靼 步 枪 骑 兵　
trp_khergit_veteran_horse_archer_multiplayer_ai_pl|鞑 靼 步 枪 骑 兵　
trp_khergit_lancer_multiplayer_ai|鞑 靼 骑 兵　
trp_khergit_lancer_multiplayer_ai_pl|鞑 靼 骑 兵　
trp_nord_veteran_multiplayer_ai|瑞 典 步 兵　
trp_nord_veteran_multiplayer_ai_pl|瑞 典 步 兵　
trp_nord_scout_multiplayer_ai|瑞 典 骑 兵　
trp_nord_scout_multiplayer_ai_pl|瑞 典 骑 兵　
trp_nord_archer_multiplayer_ai|瑞 典 火 枪 兵　
trp_nord_archer_multiplayer_ai_pl|瑞 典 火 枪 兵　
trp_rhodok_veteran_crossbowman_multiplayer_ai|扎 波 罗 热 哥 萨 克 步 枪 兵　
trp_rhodok_veteran_crossbowman_multiplayer_ai_pl|扎 波 罗 哥 萨 克 热 步 枪 兵　
trp_rhodok_veteran_spearman_multiplayer_ai|扎 波 罗 热 哥 萨 克 步 兵　
trp_rhodok_veteran_spearman_multiplayer_ai_pl|扎 波 罗 热 哥 萨 克 步 兵　
trp_rhodok_scout_multiplayer_ai|扎 波 罗 热 哥 萨 克 骑 兵　
trp_rhodok_scout_multiplayer_ai_pl|扎 波 罗 热 哥 萨 克 骑 兵　
trp_sarranid_infantry_multiplayer_ai|萨 兰 德 步 兵　
trp_sarranid_infantry_multiplayer_ai_pl|萨 兰 德 步 兵　
trp_sarranid_archer_multiplayer_ai|萨 兰 德 弓 箭 手　
trp_sarranid_archer_multiplayer_ai_pl|萨 兰 德 弓 箭 手　
trp_sarranid_horseman_multiplayer_ai|萨 兰 德 骑 手　
trp_sarranid_horseman_multiplayer_ai_pl|萨 兰 德 骑 手　
trp_swadian_crossbowman_multiplayer|火 枪 兵　
trp_swadian_crossbowman_multiplayer_pl|火 枪 兵　
trp_swadian_infantry_multiplayer|步 兵　
trp_swadian_infantry_multiplayer_pl|步 兵　
trp_swadian_man_at_arms_multiplayer|骑 兵　
trp_swadian_man_at_arms_multiplayer_pl|骑 兵　
trp_vaegir_archer_multiplayer|射 手　
trp_vaegir_archer_multiplayer_pl|射 手　
trp_vaegir_spearman_multiplayer|步 兵　
trp_vaegir_spearman_multiplayer_pl|步 兵　
trp_vaegir_horseman_multiplayer|骑 兵　
trp_vaegir_horseman_multiplayer_pl|骑 兵　
trp_khergit_veteran_footman_multiplayer|鞑 靼 步 兵　
trp_khergit_veteran_footman_multiplayer_pl|鞑 靼 步 兵　
trp_khergit_veteran_horse_archer_multiplayer|骑 射 手　
trp_khergit_veteran_horse_archer_multiplayer_pl|骑 射 手　
trp_khergit_lancer_multiplayer|枪 骑 兵　
trp_khergit_lancer_multiplayer_pl|枪 骑 兵　
trp_nord_archer_multiplayer|火 枪 兵　
trp_nord_archer_multiplayer_pl|火 枪 兵　
trp_nord_veteran_multiplayer|步 兵　
trp_nord_veteran_multiplayer_pl|步 兵　
trp_nord_scout_multiplayer|骑 兵　
trp_nord_scout_multiplayer_pl|骑 兵　
trp_rhodok_veteran_crossbowman_multiplayer|步 兵　
trp_rhodok_veteran_crossbowman_multiplayer_pl|步 兵　
trp_rhodok_sergeant_multiplayer|步 兵　
trp_rhodok_sergeant_multiplayer_pl|步 兵　
trp_rhodok_horseman_multiplayer|骑 兵　
trp_rhodok_horseman_multiplayer_pl|骑 兵　
trp_mp_swadian_militia|波 兰 长 枪 民 兵　
trp_mp_swadian_militia_pl|波 兰 长 枪 民 兵　
trp_mp_swadian_footman|波 兰 长 枪 兵　
trp_mp_swadian_footman_pl|波 兰 长 枪 兵　
trp_mp_swadian_footman_levelup|波 兰 资 深 长 枪 兵　
trp_mp_swadian_footman_levelup_pl|波 兰 资 深 长 枪 兵　
trp_mp_swadian_infantry|波 兰 日 耳 曼 长 枪 步 兵　
trp_mp_swadian_infantry_pl|波 兰 日 耳 曼 长 枪 步 兵　
trp_mp_swadian_skirmisher|波 兰 火 枪 民 兵　
trp_mp_swadian_skirmisher_pl|波 兰 火 枪 民 兵　
trp_mp_swadian_crossbowman|波 兰 勇 士　
trp_mp_swadian_crossbowman_pl|波 兰 勇 士　
trp_mp_swadian_crossbowman_levelup|波 兰 勇 士　
trp_mp_swadian_crossbowman_levelup_pl|波 兰 勇 士　
trp_mp_swadian_sharpshooter|波 兰 日 耳 曼 火 枪 步 兵　
trp_mp_swadian_sharpshooter_pl|波 兰 日 耳 曼 火 枪 步 兵　
trp_mp_swadian_man_at_arms|波 兰 义 勇 骑 兵　
trp_mp_swadian_man_at_arms_pl|波 兰 义 勇 骑 兵　
trp_mp_polish_dragoon|波 兰 龙 骑 兵　
trp_mp_polish_dragoon_pl|波 兰 龙 骑 兵　
trp_mp_swadian_sergeant|波 兰 披 甲 哥 萨 克 骑 兵　
trp_mp_swadian_sergeant_pl|波 兰 披 甲 哥 萨 克 骑 兵　
trp_mp_swadian_knight|波 兰 翼 骑 兵　
trp_mp_swadian_knight_pl|波 兰 翼 骑 兵　
trp_mp_vaegir_footman|俄 国 长 枪 民 兵　
trp_mp_vaegir_footman_pl|俄 国 长 枪 民 兵　
trp_mp_vaegir_veteran|俄 国 辅 助 射 手　
trp_mp_vaegir_veteran_pl|俄 国 辅 助 射 手　
trp_mp_vaegir_veteran_levelup|俄 国 资 深 辅 助 射 手　
trp_mp_vaegir_veteran_levelup_pl|俄 国 资 深 辅 助 射 手　
trp_mp_vaegir_infantry|俄 国 新 式 长 枪 兵　
trp_mp_vaegir_infantry_pl|俄 国 新 式 长 枪 兵　
trp_mp_vaegir_skirmisher|俄 国 市 民 射 手　
trp_mp_vaegir_skirmisher_pl|俄 国 市 民 射 手　
trp_mp_vaegir_archer|俄 国 射 手　
trp_mp_vaegir_archer_pl|俄 国 射 手　
trp_mp_vaegir_archer_levelup|俄 国 资 深 射 手　
trp_mp_vaegir_archer_levelup_pl|俄 国 资 深 射 手　
trp_mp_vaegir_marksman|俄 国 新 式 射 手　
trp_mp_vaegir_marksman_pl|俄 国 新 式 射 手　
trp_mp_vaegir_horseman|俄 国 农 奴 兵　
trp_mp_vaegir_horseman_pl|俄 国 农 奴 兵　
trp_mp_moskow_dragoon|俄 国 贵 族 骑 兵　
trp_mp_moskow_dragoon_pl|俄 国 贵 族 骑 兵　
trp_mp_vaegir_knight|俄 国 手 枪 骑 兵　
trp_mp_vaegir_knight_pl|俄 国 手 枪 骑 兵　
trp_mp_vaegir_guard|俄 国 波 耶 护 卫　
trp_mp_vaegir_guard_pl|俄 国 波 耶 护 卫　
trp_mp_khergit_skirmisher|克 里 米 亚 奴 隶 兵　
trp_mp_khergit_skirmisher_pl|克 里 米 亚 奴 隶 兵　
trp_mp_khergit_skirmisher_levelup|克 里 米 亚 资 深 奴 隶 兵　
trp_mp_khergit_skirmisher_levelup_pl|克 里 米 亚 资 深 奴 隶 兵　
trp_mp_saymen|克 里 米 亚 守 备 兵　
trp_mp_saymen_pl|克 里 米 亚 守 备 兵　
trp_mp_janissar|奥 斯 曼 苏 丹 亲 兵　
trp_mp_janissar_pl|奥 斯 曼 苏 丹 亲 兵　
trp_mp_khergit_horseman|克 里 米 亚 部 族 骑 兵　
trp_mp_khergit_horseman_pl|克 里 米 亚 部 族 骑 兵　
trp_mp_khergit_horse_archer|克 里 米 亚 札 萨 克 骑 兵　
trp_mp_khergit_horse_archer_pl|克 里 米 亚 札 萨 克 骑 兵　
trp_mp_khergit_veteran_horse_archer|克 里 米 亚 资 深 王 公 护 卫　
trp_mp_khergit_veteran_horse_archer_pl|克 里 米 亚 资 深 王 公 护 卫　
trp_mp_zyndjirli|克 里 米 亚 可 汗 近 卫　
trp_mp_zyndjirli_pl|克 里 米 亚 可 汗 近 卫　
trp_mp_nord_footman|瑞 典 长 枪 民 兵　
trp_mp_nord_footman_pl|瑞 典 长 枪 民 兵　
trp_mp_nord_trained_footman|瑞 典 长 枪 兵　
trp_mp_nord_trained_footman_pl|瑞 典 长 枪 兵　
trp_mp_nord_trained_footman_levelup|瑞 典 资 深 长 枪 兵　
trp_mp_nord_trained_footman_levelup_pl|瑞 典 资 深 长 枪 兵　
trp_mp_sved_swordmaster|瑞 典 剑 士　
trp_mp_sved_swordmaster_pl|瑞 典 剑 士　
trp_mp_nord_huntsman|瑞 典 火 枪 民 兵　
trp_mp_nord_huntsman_pl|瑞 典 火 枪 民 兵　
trp_mp_nord_archer|瑞 典 火 枪 兵　
trp_mp_nord_archer_pl|瑞 典 火 枪 兵　
trp_mp_nord_archer_levelup|瑞 典 资 深 火 枪 兵　
trp_mp_nord_archer_levelup_pl|瑞 典 资 深 火 枪 兵　
trp_mp_nord_veteran_archer|瑞 典 手 枪 骑 兵　
trp_mp_nord_veteran_archer_pl|瑞 典 手 枪 骑 兵　
trp_mp_nord_warrior|瑞 典 龙 骑 兵　
trp_mp_nord_warrior_pl|瑞 典 龙 骑 兵　
trp_mp_sved_lancers|瑞 典 枪 骑 兵　
trp_mp_sved_lancers_pl|瑞 典 枪 骑 兵　
trp_mp_nord_champion|瑞 典 胸 甲 骑 兵　
trp_mp_nord_champion_pl|瑞 典 胸 甲 骑 兵　
trp_mp_nord_veteran|瑞 典 手 枪 骑 兵　
trp_mp_nord_veteran_pl|瑞 典 手 枪 骑 兵　
trp_mp_n_rhodok_spearman|哥 萨 克 贫 民 手 枪 兵　
trp_mp_n_rhodok_spearman_pl|哥 萨 克 贫 民 手 枪 兵　
trp_mp_n_rhodok_sergeant|扎 波 罗 热 哥 萨 克 手 枪 兵　
trp_mp_n_rhodok_sergeant_pl|扎 波 罗 热 哥 萨 克 手 枪 兵　
trp_mp_n_rhodok_trained_crossbowman|哥 萨 克 手 枪 水 兵　
trp_mp_n_rhodok_trained_crossbowman_pl|哥 萨 克 手 枪 水 兵　
trp_mp_n_rhodok_veteran_spearman|哥 萨 克 酋 长 手 枪 护 卫　
trp_mp_n_rhodok_veteran_spearman_pl|哥 萨 克 酋 长 手 枪 护 卫　
trp_mp_rhodok_spearman|哥 萨 克 贫 民 长 枪 兵　
trp_mp_rhodok_spearman_pl|哥 萨 克 贫 民 长 枪 兵　
trp_mp_rhodok_sergeant|扎 波 罗 热 哥 萨 克 步 兵　
trp_mp_rhodok_sergeant_pl|扎 波 罗 热 哥 萨 克 步 兵　
trp_mp_rhodok_trained_crossbowman|哥 萨 克 水 兵　
trp_mp_rhodok_trained_crossbowman_pl|哥 萨 克 水 兵　
trp_mp_rhodok_veteran_spearman|哥 萨 克 酋 长 护 卫　
trp_mp_rhodok_veteran_spearman_pl|哥 萨 克 酋 长 护 卫　
trp_quick_battle_troop_1|手 枪 骑 兵　
trp_quick_battle_troop_1_pl|手 枪 骑 兵　
trp_quick_battle_troop_2|翼 骑 兵　
trp_quick_battle_troop_2_pl|翼 骑 兵　
trp_quick_battle_troop_3|波 耶 骑 兵　
trp_quick_battle_troop_3_pl|波 耶 骑 兵　
trp_quick_battle_troop_4|胸 甲 骑 兵　
trp_quick_battle_troop_4_pl|胸 甲 骑 兵　
trp_quick_battle_troop_5|札 萨 克 骑 兵　
trp_quick_battle_troop_5_pl|札 萨 克 骑 兵　
trp_quick_battle_troop_6|火 枪 兵　
trp_quick_battle_troop_6_pl|火 枪 兵　
trp_quick_battle_troop_7|哥 萨 克 水 兵　
trp_quick_battle_troop_7_pl|哥 萨 克 水 兵　
trp_quick_battle_troop_8|剑 士　
trp_quick_battle_troop_8_pl|剑 士　
trp_quick_battle_troop_9|奥 地 利 圆 盾 手　
trp_quick_battle_troop_9_pl|奥 地 利 圆 盾 手　
trp_quick_battle_troop_10|长 枪 兵　
trp_quick_battle_troop_10_pl|长 枪 兵　
trp_quick_battle_troop_11|戟 兵　
trp_quick_battle_troop_11_pl|戟 兵　
trp_tutorial_fighter_1|初 级 斗 士　
trp_tutorial_fighter_1_pl|初 级 斗 士　
trp_tutorial_fighter_2|初 级 斗 士　
trp_tutorial_fighter_2_pl|初 级 斗 士　
trp_tutorial_fighter_3|正 规 斗 士　
trp_tutorial_fighter_3_pl|初 级 斗 士　
trp_tutorial_fighter_4|资 深 斗 士　
trp_tutorial_fighter_4_pl|初 级 斗 士　
trp_tutorial_archer_1|弓 箭 手　
trp_tutorial_archer_1_pl|弓 箭 手　
trp_tutorial_master_archer|弓 箭 教 练　
trp_tutorial_master_archer_pl|弓 箭 教 练　
trp_tutorial_rider_1|骑 手　
trp_tutorial_rider_2|骑 射 手　
trp_tutorial_master_horseman|骑 术 教 练　
trp_tutorial_master_horseman_pl|骑 术 教 练　
trp_swadian_merchant|帕 拉 汶 商 人　
trp_vaegir_merchant|日 瓦 丁 商 人　
trp_khergit_merchant|图 尔 加 商 人　
trp_nord_merchant|萨 哥 斯 商 人　
trp_rhodok_merchant|杰 尔 喀 拉 商 人　
trp_sarranid_merchant|沙 瑞 兹 商 人　
trp_startup_merchants_end|startup merchants end　
trp_startup_merchants_end_pl|startup merchants end　
trp_sea_raider_leader|海 寇 队 长　
trp_sea_raider_leader_pl|海 寇　
trp_looter_leader|盗 贼　
trp_looter_leader_pl|劫 匪　
trp_bandit_leaders_end|bandit leaders end　
trp_bandit_leaders_end_pl|bandit leaders end　
trp_relative_of_merchant|商 人 的 兄 弟　
trp_relative_of_merchants_end|relative of merchants end　
trp_relative_of_merchants_end_pl|relative of merchants end　
trp_horse_smith_pol|波 兰 防 具 锻 造 师　
trp_horse_smith_pol_pl|波 兰 防 具 锻 造 师　
trp_horse_smith_rus|俄 国 防 具 锻 造 师　
trp_horse_smith_rus_pl|俄 国 防 具 锻 造 师　
trp_horse_smith_tatar|鞑 靼 防 具 锻 造 师　
trp_horse_smith_tatar_pl|鞑 靼 防 具 锻 造 师　
trp_horse_smith_swed|瑞 典 防 具 锻 造 师　
trp_horse_smith_swed_pl|瑞 典 防 具 锻 造 师　
trp_horse_smith_ukr|哥 萨 克 防 具 锻 造 师　
trp_horse_smith_ukr_pl|哥 萨 克 防 具 锻 造 师　
trp_castle_1_armorer|防 具 商 人　
trp_castle_2_armorer|防 具 商 人　
trp_castle_3_armorer|防 具 商 人　
trp_castle_4_armorer|防 具 商 人　
trp_castle_5_armorer|防 具 商 人　
trp_castle_6_armorer|防 具 商 人　
trp_castle_7_armorer|防 具 商 人　
trp_castle_8_armorer|防 具 商 人　
trp_castle_9_armorer|防 具 商 人　
trp_castle_10_armorer|防 具 商 人　
trp_castle_11_armorer|防 具 商 人　
trp_castle_12_armorer|防 具 商 人　
trp_castle_13_armorer|防 具 商 人　
trp_castle_14_armorer|防 具 商 人　
trp_castle_15_armorer|防 具 商 人　
trp_castle_16_armorer|防 具 商 人　
trp_castle_17_armorer|防 具 商 人　
trp_castle_18_armorer|防 具 商 人　
trp_castle_19_armorer|防 具 商 人　
trp_castle_20_armorer|防 具 商 人　
trp_castle_21_armorer|防 具 商 人　
trp_castle_22_armorer|防 具 商 人　
trp_castle_23_armorer|防 具 商 人　
trp_castle_24_armorer|防 具 商 人　
trp_castle_25_armorer|防 具 商 人　
trp_castle_26_armorer|防 具 商 人　
trp_castle_27_armorer|防 具 商 人　
trp_castle_28_armorer|防 具 商 人　
trp_castle_29_armorer|防 具 商 人　
trp_castle_30_armorer|防 具 商 人　
trp_castle_31_armorer|防 具 商 人　
trp_castle_32_armorer|防 具 商 人　
trp_castle_33_armorer|防 具 商 人　
trp_castle_34_armorer|防 具 商 人　
trp_castle_35_armorer|防 具 商 人　
trp_castle_36_armorer|防 具 商 人　
trp_castle_37_armorer|防 具 商 人　
trp_castle_38_armorer|防 具 商 人　
trp_castle_39_armorer|防 具 商 人　
trp_castle_40_armorer|防 具 商 人　
trp_castle_1_weaponsmith|武 器 商 人　
trp_castle_2_weaponsmith|武 器 商 人　
trp_castle_3_weaponsmith|武 器 商 人　
trp_castle_4_weaponsmith|武 器 商 人　
trp_castle_5_weaponsmith|武 器 商 人　
trp_castle_6_weaponsmith|武 器 商 人　
trp_castle_7_weaponsmith|武 器 商 人　
trp_castle_8_weaponsmith|武 器 商 人　
trp_castle_9_weaponsmith|武 器 商 人　
trp_castle_10_weaponsmith|武 器 商 人　
trp_castle_11_weaponsmith|武 器 商 人　
trp_castle_12_weaponsmith|武 器 商 人　
trp_castle_13_weaponsmith|武 器 商 人　
trp_castle_14_weaponsmith|武 器 商 人　
trp_castle_15_weaponsmith|武 器 商 人　
trp_castle_16_weaponsmith|武 器 商 人　
trp_castle_17_weaponsmith|武 器 商 人　
trp_castle_18_weaponsmith|武 器 商 人　
trp_castle_19_weaponsmith|武 器 商 人　
trp_castle_20_weaponsmith|武 器 商 人　
trp_castle_21_weaponsmith|武 器 商 人　
trp_castle_22_weaponsmith|武 器 商 人　
trp_castle_23_weaponsmith|武 器 商 人　
trp_castle_24_weaponsmith|武 器 商 人　
trp_castle_25_weaponsmith|武 器 商 人　
trp_castle_26_weaponsmith|武 器 商 人　
trp_castle_27_weaponsmith|武 器 商 人　
trp_castle_28_weaponsmith|武 器 商 人　
trp_castle_29_weaponsmith|武 器 商 人　
trp_castle_30_weaponsmith|武 器 商 人　
trp_castle_31_weaponsmith|武 器 商 人　
trp_castle_32_weaponsmith|武 器 商 人　
trp_castle_33_weaponsmith|武 器 商 人　
trp_castle_34_weaponsmith|武 器 商 人　
trp_castle_35_weaponsmith|武 器 商 人　
trp_castle_36_weaponsmith|武 器 商 人　
trp_castle_37_weaponsmith|武 器 商 人　
trp_castle_38_weaponsmith|武 器 商 人　
trp_castle_39_weaponsmith|武 器 商 人　
trp_castle_40_weaponsmith|武 器 商 人　
trp_castle_1_horse_merchant|马 匹 商 人　
trp_castle_2_horse_merchant|马 匹 商 人　
trp_castle_3_horse_merchant|马 匹 商 人　
trp_castle_4_horse_merchant|马 匹 商 人　
trp_castle_5_horse_merchant|马 匹 商 人　
trp_castle_6_horse_merchant|马 匹 商 人　
trp_castle_7_horse_merchant|马 匹 商 人　
trp_castle_8_horse_merchant|马 匹 商 人　
trp_castle_9_horse_merchant|马 匹 商 人　
trp_castle_10_horse_merchant|马 匹 商 人　
trp_castle_11_horse_merchant|马 匹 商 人　
trp_castle_12_horse_merchant|马 匹 商 人　
trp_castle_13_horse_merchant|马 匹 商 人　
trp_castle_14_horse_merchant|马 匹 商 人　
trp_castle_15_horse_merchant|马 匹 商 人　
trp_castle_16_horse_merchant|马 匹 商 人　
trp_castle_17_horse_merchant|马 匹 商 人　
trp_castle_18_horse_merchant|马 匹 商 人　
trp_castle_19_horse_merchant|马 匹 商 人　
trp_castle_20_horse_merchant|马 匹 商 人　
trp_castle_21_horse_merchant|马 匹 商 人　
trp_castle_22_horse_merchant|马 匹 商 人　
trp_castle_23_horse_merchant|马 匹 商 人　
trp_castle_24_horse_merchant|马 匹 商 人　
trp_castle_25_horse_merchant|马 匹 商 人　
trp_castle_26_horse_merchant|马 匹 商 人　
trp_castle_27_horse_merchant|马 匹 商 人　
trp_castle_28_horse_merchant|马 匹 商 人　
trp_castle_29_horse_merchant|马 匹 商 人　
trp_castle_30_horse_merchant|马 匹 商 人　
trp_castle_31_horse_merchant|马 匹 商 人　
trp_castle_32_horse_merchant|马 匹 商 人　
trp_castle_33_horse_merchant|马 匹 商 人　
trp_castle_34_horse_merchant|马 匹 商 人　
trp_castle_35_horse_merchant|马 匹 商 人　
trp_castle_36_horse_merchant|马 匹 商 人　
trp_castle_37_horse_merchant|马 匹 商 人　
trp_castle_38_horse_merchant|马 匹 商 人　
trp_castle_39_horse_merchant|马 匹 商 人　
trp_castle_40_horse_merchant|马 匹 商 人　
trp_castle_1_merchant|杂 货 商 人　
trp_castle_2_merchant|杂 货 商 人　
trp_castle_3_merchant|杂 货 商 人　
trp_castle_4_merchant|杂 货 商 人　
trp_castle_5_merchant|杂 货 商 人　
trp_castle_6_merchant|杂 货 商 人　
trp_castle_7_merchant|杂 货 商 人　
trp_castle_8_merchant|杂 货 商 人　
trp_castle_9_merchant|杂 货 商 人　
trp_castle_10_merchant|杂 货 商 人　
trp_castle_11_merchant|杂 货 商 人　
trp_castle_12_merchant|杂 货 商 人　
trp_castle_13_merchant|杂 货 商 人　
trp_castle_14_merchant|杂 货 商 人　
trp_castle_15_merchant|杂 货 商 人　
trp_castle_16_merchant|杂 货 商 人　
trp_castle_17_merchant|杂 货 商 人　
trp_castle_18_merchant|杂 货 商 人　
trp_castle_19_merchant|杂 货 商 人　
trp_castle_20_merchant|杂 货 商 人　
trp_castle_21_merchant|杂 货 商 人　
trp_castle_22_merchant|杂 货 商 人　
trp_castle_23_merchant|杂 货 商 人　
trp_castle_24_merchant|杂 货 商 人　
trp_castle_25_merchant|杂 货 商 人　
trp_castle_26_merchant|杂 货 商 人　
trp_castle_27_merchant|杂 货 商 人　
trp_castle_28_merchant|杂 货 商 人　
trp_castle_29_merchant|杂 货 商 人　
trp_castle_30_merchant|杂 货 商 人　
trp_castle_31_merchant|杂 货 商 人　
trp_castle_32_merchant|杂 货 商 人　
trp_castle_33_merchant|杂 货 商 人　
trp_castle_34_merchant|杂 货 商 人　
trp_castle_35_merchant|杂 货 商 人　
trp_castle_36_merchant|杂 货 商 人　
trp_castle_37_merchant|杂 货 商 人　
trp_castle_38_merchant|杂 货 商 人　
trp_castle_39_merchant|杂 货 商 人　
trp_castle_40_merchant|杂 货 商 人　
trp_oim_monfore_tutorial|雅 克 · 德 · 克 莱 蒙　
trp_oim_monfore_tutorial_pl|雅 克 · 德 · 克 莱 蒙　
trp_foot_gop|强 盗　
trp_foot_gop_pl|强 盗　
trp_mounted_gop|强 盗　
trp_mounted_gop_pl|强 盗　
trp_pahan_gop|强 盗　
trp_pahan_gop_pl|强 盗　
trp_schwarzer_ritter|胸 甲 骑 兵　
trp_schwarzer_ritter_pl|胸 甲 骑 兵　
trp_oim_shoha1_tutorial|胸 甲 骑 兵　
trp_oim_shoha1_tutorial_pl|胸 甲 骑 兵　
trp_oim_shoha2_tutorial|胸 甲 骑 兵　
trp_oim_shoha2_tutorial_pl|胸 甲 骑 兵　
trp_mp_rhodok_trained_spearman|哥 萨 克 勇 士　
trp_mp_rhodok_trained_spearman_pl|哥 萨 克 勇 士　
trp_mp_rhodok_crossbowman|哥 萨 克 警 卫　
trp_mp_rhodok_crossbowman_pl|哥 萨 克 警 卫　
trp_mp_ukr_storoja|哥 萨 克 长 枪 警 卫　
trp_mp_ukr_storoja_pl|哥 萨 克 长 枪 警 卫　
trp_mp_rhodok_veteran_crossbowman|扎 波 罗 热 哥 萨 克 骑 兵　
trp_mp_rhodok_veteran_crossbowman_pl|扎 波 罗 热 哥 萨 克 骑 兵　
trp_mp_n_khergit_horseman|克 里 米 亚 部 族 骑 兵　
trp_mp_n_khergit_horseman_pl|克 里 米 亚 部 族 骑 兵　
trp_mp_n_khergit_horse_archer|克 里 米 亚 札 萨 克 骑 兵　
trp_mp_n_khergit_horse_archer_pl|克 里 米 亚 札 萨 克 骑 兵　
trp_mp_n_khergit_veteran_horse_archer|克 里 米 亚 王 公 护 卫　
trp_mp_n_khergit_veteran_horse_archer_pl|克 里 米 亚 王 公 护 卫　
trp_mp_n_zyndjirli|克 里 米 亚 可 汗 近 卫　
trp_mp_n_zyndjirli_pl|克 里 米 亚 可 汗 近 卫　
trp_coop_moscovite_watchmen|莫 斯 科 警 卫　
trp_coop_moscovite_watchmen_pl|莫 斯 科 警 卫　
trp_coop_dragoons|龙 骑 兵　
trp_coop_dragoons_pl|龙 骑 兵　
trp_coop_cossack_wildriders|哥 萨 克 鲁 莽 骑 兵　
trp_coop_cossack_wildriders_pl|哥 萨 克 鲁 莽 骑 兵　
trp_coop_crimean_horse_archers|克 里 米 亚 骑 射 手　
trp_coop_crimean_horse_archers_pl|克 里 米 亚 骑 射 手　
trp_coop_winged_hussars|波 兰 翼 骑 兵　
trp_coop_winged_hussars_pl|波 兰 翼 骑 兵　
trp_coop_janissary|奥 斯 曼 苏 丹 亲 兵　
trp_coop_janissary_pl|奥 斯 曼 苏 丹 亲 兵　
trp_coop_cossack_swordmen|哥 萨 克 剑 士　
trp_coop_cossack_swordmen_pl|哥 萨 克 剑 士　
trp_coop_polish_axemen|波 兰 战 斧 兵　
trp_coop_polish_axemen_pl|波 兰 战 斧 兵　
trp_coop_russian_polearmsmen|俄 国 波 兰 武 装 者　
trp_coop_russian_polearmsmen_pl|俄 国 波 兰 武 装 者　
trp_coop_swedish_swordsmen|瑞 典 剑 士　
trp_coop_swedish_swordsmen_pl|瑞 典 剑 士　
trp_coop_volunteer_militia|义 勇 骑 兵　
trp_coop_volunteer_militia_pl|义 勇 骑 兵　
trp_coop_cossack_pistoleers|哥 萨 克 手 枪 兵　
trp_coop_cossack_pistoleers_pl|哥 萨 克 手 枪 兵　
trp_coop_lithunian_defenders|立 陶 宛 卫 士　
trp_coop_lithunian_defenders_pl|立 陶 宛 卫 士　
trp_coop_crimean_hawkeyes|克 里 米 亚 鹰 眼 兵　
trp_coop_crimean_hawkeyes_pl|克 里 米 亚 鹰 眼 兵　
trp_coop_miquelet_musketeers|米 克 莱 火 枪 兵　
trp_coop_miquelet_musketeers_pl|米 克 莱 火 枪 兵　
