itm_no_item|UNGÜLTIGER GEGENSTAND
itm_no_item_pl|UNGÜLTIGER GEGENSTAND
itm_tutorial_spear|Speer
itm_tutorial_spear_pl|Speer
itm_tutorial_club|Knüppel
itm_tutorial_club_pl|Knüppel
itm_tutorial_battle_axe|Streitaxt
itm_tutorial_battle_axe_pl|Streitaxt
itm_tutorial_arrows|Pfeile
itm_tutorial_arrows_pl|Pfeile
itm_tutorial_bolts|Kugeln
itm_tutorial_bolts_pl|Kugeln
itm_tutorial_short_bow|Kurzbogen
itm_tutorial_short_bow_pl|Kurzbogen
itm_tutorial_crossbow|Armbrust
itm_tutorial_crossbow_pl|Armbrust
itm_tutorial_throwing_daggers|Wurfdolche
itm_tutorial_throwing_daggers_pl|Wurfdolche
itm_tutorial_saddle_horse|Reitpferd
itm_tutorial_saddle_horse_pl|Reitpferd
itm_tutorial_shield|Pentaschild
itm_tutorial_shield_pl|Pentaschild
itm_tutorial_staff_no_attack|Stab
itm_tutorial_staff_no_attack_pl|Stab
itm_tutorial_staff|Stab
itm_tutorial_staff_pl|Stab
itm_tutorial_sword|Schwert
itm_tutorial_sword_pl|Schwert
itm_tutorial_axe|Axt
itm_tutorial_axe_pl|Axt
itm_tutorial_dagger|Dolch
itm_tutorial_dagger_pl|Dolch
itm_horse_meat|Pferdefleisch
itm_horse_meat_pl|Pferdefleisch
itm_practice_sword|Übungsschwert
itm_practice_sword_pl|Übungsschwert
itm_heavy_practice_sword|Schweres Übungsschwert
itm_heavy_practice_sword_pl|Schweres Übungsschwert
itm_practice_dagger|Übungsdolch
itm_practice_dagger_pl|Übungsdolch
itm_practice_axe|Übungsaxt
itm_practice_axe_pl|Übungsaxt
itm_arena_axe|Axt
itm_arena_axe_pl|Axt
itm_arena_sword|Schwert
itm_arena_sword_pl|Schwert
itm_arena_sword_two_handed|Zweihandschwert
itm_arena_sword_two_handed_pl|Zweihandschwert
itm_arena_lance|Lanze
itm_arena_lance_pl|Lanze
itm_practice_staff|Übungsstab
itm_practice_staff_pl|Übungsstab
itm_practice_lance|Übungslanze
itm_practice_lance_pl|Übungslanze
itm_practice_shield|Übungsschild
itm_practice_shield_pl|Übungsschild
itm_practice_bow|Übungsbogen
itm_practice_bow_pl|Übungsbogen
itm_practice_crossbow|Übungsmuskete
itm_practice_crossbow_pl|Übungsmuskete
itm_practice_javelin|Übungswurfspieß
itm_practice_javelin_pl|Übungswurfspieß
itm_practice_javelin_melee|Übungsspieß Nahkampf
itm_practice_javelin_melee_pl|Übungsspieß Nahkampf
itm_practice_throwing_daggers|Wurfdolche
itm_practice_throwing_daggers_pl|Wurfdolche
itm_practice_throwing_daggers_100_amount|Wurfdolche
itm_practice_throwing_daggers_100_amount_pl|Wurfdolche
itm_practice_horse|Vollblutpferd
itm_practice_horse_pl|Vollblutpferde
itm_practice_arrows|Übungspfeile
itm_practice_arrows_pl|Übungspfeile
itm_practice_bolts|Übungskugeln
itm_practice_bolts_pl|Übungskugeln
itm_practice_arrows_10_amount|Übungspfeile
itm_practice_arrows_10_amount_pl|Übungspfeile
itm_practice_arrows_100_amount|Übungspfeile
itm_practice_arrows_100_amount_pl|Übungspfeile
itm_practice_bolts_9_amount|Übungskugeln
itm_practice_bolts_9_amount_pl|Übungskugeln
itm_practice_boots|Übungsstiefel
itm_practice_boots_pl|Übungsstiefel
itm_red_tourney_armor|Rote Turnierrüstung
itm_red_tourney_armor_pl|Rote Turnierrüstung
itm_blue_tourney_armor|Blaue Turnierrüstung
itm_blue_tourney_armor_pl|Blaue Turnierrüstung
itm_green_tourney_armor|Grüne Turnierrüstung
itm_green_tourney_armor_pl|Grüne Turnierrüstung
itm_gold_tourney_armor|Goldene Turnierrüstung
itm_gold_tourney_armor_pl|Goldene Turnierrüstung
itm_red_tourney_helmet|Roter Turnierhelm
itm_red_tourney_helmet_pl|Roter Turnierhelm
itm_blue_tourney_helmet|Blauer Turnierhelm
itm_blue_tourney_helmet_pl|Blauer Turnierhelm
itm_green_tourney_helmet|Grüner Turnierhelm
itm_green_tourney_helmet_pl|Grüner Turnierhelm
itm_gold_tourney_helmet|Goldener Turnierhelm
itm_gold_tourney_helmet_pl|Goldener Turnierhelm
itm_arena_shield_red|Schild
itm_arena_shield_red_pl|Schild
itm_arena_shield_blue|Schild
itm_arena_shield_blue_pl|Schild
itm_arena_shield_green|Schild
itm_arena_shield_green_pl|Schild
itm_arena_shield_yellow|Schild
itm_arena_shield_yellow_pl|Schild
itm_arena_armor_white|Weiße Arenenrüstung
itm_arena_armor_white_pl|Weiße Arenenrüstung
itm_arena_armor_red|Rote Arenenrüstung
itm_arena_armor_red_pl|Rote Arenenrüstung
itm_arena_armor_blue|Blaue Arenenrüstung
itm_arena_armor_blue_pl|Blaue Arenenrüstung
itm_arena_armor_green|Grüne Arenenrüstung
itm_arena_armor_green_pl|Grüne Arenenrüstung
itm_arena_armor_yellow|Gelbe Arenenrüstung
itm_arena_armor_yellow_pl|Gelbe Arenenrüstung
itm_arena_tunic_white|Weißer Arenenwaffenrock 
itm_arena_tunic_white_pl|Weißer Arenenwaffenrock 
itm_arena_tunic_red|Roter Arenenwaffenrock
itm_arena_tunic_red_pl|Roter Arenenwaffenrock
itm_arena_tunic_blue|Blauer Arenenwaffenrock
itm_arena_tunic_blue_pl|Blauer Arenenwaffenrock
itm_arena_tunic_green|Grüner Arenenwaffenrock
itm_arena_tunic_green_pl|Grüner Arenenwaffenrock
itm_arena_tunic_yellow|Gelber Arenenwaffenrock
itm_arena_tunic_yellow_pl|Gelber Arenenwaffenrock
itm_arena_helmet_red|Roter Arenenhelm
itm_arena_helmet_red_pl|Roter Arenenhelm
itm_arena_helmet_blue|Blauer Arenenhelm
itm_arena_helmet_blue_pl|Blauer Arenenhelm
itm_arena_helmet_green|Grüner Arenenhelm
itm_arena_helmet_green_pl|Grüner Arenenhelm
itm_arena_helmet_yellow|Gelber Arenenhelm
itm_arena_helmet_yellow_pl|Gelber Arenenhelm
itm_steppe_helmet_white|Weißer Steppenhelm
itm_steppe_helmet_white_pl|Weißer Steppenhelm
itm_steppe_helmet_red|Roter Steppenhelm
itm_steppe_helmet_red_pl|Roter Steppenhelm
itm_steppe_helmet_blue|Blauer Steppenhelm
itm_steppe_helmet_blue_pl|Blauer Steppenhelm
itm_steppe_helmet_green|Grüner Steppenhelm
itm_steppe_helmet_green_pl|Grüner Steppenhelm
itm_steppe_helmet_yellow|Gelber Steppenhelm
itm_steppe_helmet_yellow_pl|Gelber Steppenhelm
itm_tourney_helm_white|Weißer Turnierhelm
itm_tourney_helm_white_pl|Weißer Turnierhelm
itm_tourney_helm_red|Roter Turnierhelm
itm_tourney_helm_red_pl|Roter Turnierhelm
itm_tourney_helm_blue|Blauer Turnierhelm
itm_tourney_helm_blue_pl|Blauer Turnierhelm
itm_tourney_helm_green|Grüner Turnierhelm
itm_tourney_helm_green_pl|Grüner Turnierhelm
itm_tourney_helm_yellow|Gelber Turnierhelm
itm_tourney_helm_yellow_pl|Gelber Turnierhelm
itm_arena_turban_red|Arenenturban
itm_arena_turban_red_pl|Arenenturban
itm_arena_turban_blue|Arenenturban
itm_arena_turban_blue_pl|Arenenturban
itm_arena_turban_green|Arenenturban
itm_arena_turban_green_pl|Arenenturban
itm_arena_turban_yellow|Arenenturban
itm_arena_turban_yellow_pl|Arenenturban
itm_book_tactics|De Re Militari, Vegetius
itm_book_tactics_pl|De Re Militari, Vegetius
itm_book_persuasion|Rhetorik, Philipp Melanchthon
itm_book_persuasion_pl|Rhetorik, Philipp Melanchthon
itm_book_leadership|Staatsraison, Armand Jean du Plessis de Richelieu
itm_book_leadership_pl|Staatsraison, Armand Jean du Plessis de Richelieu
itm_book_intelligence|Grammatischer Grundriss der russischen Sprache, Juraj Krizanic
itm_book_intelligence_pl|Grammatischer Grundriss der russischen Sprache, Juraj Krizanic
itm_book_trade|Diskurs des Handels von England bis Ostindien -- ein Pamphlet, Thomas Mun 
itm_book_trade_pl|Diskurs des Handels von England bis Ostindien -- ein Pamphlet, Thomas Mun 
itm_book_weapon_mastery|Von der Kunst des Kampfs mit dem Schwert, Antonio Lovino
itm_book_weapon_mastery_pl|Von der Kunst des Kampfs mit dem Schwert, Antonio Lovino
itm_book_engineering|Geometrie, René Descartes
itm_book_engineering_pl|Geometrie, René Descartes
itm_book_wound_treatment_reference|Heilkunst, Adam Olearius
itm_book_wound_treatment_reference_pl|Heilkunst, Adam Olearius
itm_book_training_reference|Kriegskunst, Niccolo Macchiavelli
itm_book_training_reference_pl|Kriegskunst, Niccolo Macchiavelli
itm_book_surgery_reference|Chirurgie und Instrumente, Abu al-Kasim
itm_book_surgery_reference_pl|Chirurgie und Instrumente, Abu al-Kasim
itm_spice|Gewürz
itm_spice_pl|Gewürz
itm_salt|Salz
itm_salt_pl|Salz
itm_oil|Öl
itm_oil_pl|Öl
itm_pottery|Töpferwaren
itm_pottery_pl|Töpferwaren
itm_raw_flax|Flachsbündel
itm_raw_flax_pl|Flachsbündel
itm_linen|Leinen
itm_linen_pl|Leinen
itm_wool|Wolle
itm_wool_pl|Wolle
itm_wool_cloth|Wolltuch
itm_wool_cloth_pl|Wolltuch
itm_raw_silk|Rohseide
itm_raw_silk_pl|Rohseide
itm_raw_dyes|Färbemittel
itm_raw_dyes_pl|Färbemittel
itm_velvet|Samt
itm_velvet_pl|Samt
itm_iron|Eisen
itm_iron_pl|Eisen
itm_tools|Werkzeuge
itm_tools_pl|Werkzeuge
itm_raw_leather|Felle
itm_raw_leather_pl|Felle
itm_leatherwork|Leder 
itm_leatherwork_pl|Leder 
itm_raw_date_fruit|Datteln
itm_raw_date_fruit_pl|Datteln
itm_furs|Pelze
itm_furs_pl|Pelze
itm_oim_powder|Pulver
itm_oim_powder_pl|Pulver
itm_oim_alcohol|Wodka
itm_oim_alcohol_pl|Wodka
itm_oim_penka|Hanf
itm_oim_penka_pl|Hanf
itm_oim_tutun|Tabak
itm_oim_tutun_pl|Tabak
itm_wine|Wein
itm_wine_pl|Wein
itm_ale|Bier
itm_ale_pl|Bier
itm_smoked_fish|Räucherfisch
itm_smoked_fish_pl|Räucherfisch
itm_cheese|Käse
itm_cheese_pl|Käse
itm_honey|Honig
itm_honey_pl|Honig
itm_sausages|Würste
itm_sausages_pl|Würste
itm_cabbages|Kohl
itm_cabbages_pl|Kohl
itm_dried_meat|Dörrfleisch
itm_dried_meat_pl|Dörrfleisch
itm_apples|Äpfel
itm_apples_pl|Äpfel
itm_raw_grapes|Trauben
itm_raw_grapes_pl|Trauben
itm_raw_olives|Oliven
itm_raw_olives_pl|Oliven
itm_grain|Weizen
itm_grain_pl|Weizen
itm_flour|Mehl
itm_flour_pl|Mehl
itm_cattle_meat|Rindfleisch
itm_cattle_meat_pl|Rindfleisch
itm_bread|Brot
itm_bread_pl|Brot
itm_chicken|Hühnchen
itm_chicken_pl|Hühnchen
itm_pork|Schweinefleisch
itm_pork_pl|Schweinefleisch
itm_butter|Butter
itm_butter_pl|Butter
itm_siege_supply|Vorräte
itm_siege_supply_pl|Vorräte
itm_quest_wine|Wein
itm_quest_wine_pl|Wein
itm_quest_ale|Bier
itm_quest_ale_pl|Bier
itm_sumpter_horse|Lastpferd
itm_sumpter_horse_pl|Lastpferd
itm_saddle_horse|Reitpferd
itm_saddle_horse_pl|Reitpferd
itm_saddle_horse_b|Reitpferd
itm_saddle_horse_b_pl|Reitpferde
itm_saddle_horse_c|Reitpferd
itm_saddle_horse_c_pl|Reitpferde
itm_steppe_horse|Steppenpferd
itm_steppe_horse_pl|Steppenpferd
itm_steppe_horse_b|Steppenpferd
itm_steppe_horse_b_pl|Steppenpferd
itm_courser|Rennpferd
itm_courser_pl|Rennpferd
itm_hunter|Truppenpferd
itm_hunter_pl|Truppenpferd
itm_rich_horse|Rassepferd
itm_rich_horse_pl|Rassepferde
itm_rich_horse_b|Rassepferd
itm_rich_horse_b_pl|Rassepferde
itm_warhorse|Streitross
itm_warhorse_pl|Streitross
itm_charger|Schlachtross
itm_charger_pl|Schlachtross
itm_arrows|Pfeile
itm_arrows_pl|Pfeile
itm_khergit_arrows|Tatarenpfeile
itm_khergit_arrows_pl|Tatarenpfeile
itm_east_arrows|Ostpfeile
itm_east_arrows_pl|Ostpfeile
itm_barbed_arrows|Stachelpfeile
itm_barbed_arrows_pl|Stachelpfeile
itm_bodkin_arrows|Eisenpfeile
itm_bodkin_arrows_pl|Eisenpfeile
itm_bolts|Kugeln
itm_bolts_pl|Kugeln
itm_steel_bolts|Schwere Kugeln
itm_steel_bolts_pl|Schwere Kugeln
itm_cartridges|Kugeln
itm_cartridges_pl|Kugeln
itm_pilgrim_disguise|Pilgergewand
itm_pilgrim_disguise_pl|Pilgergewand
itm_pilgrim_hood|Pilgerhut
itm_pilgrim_hood_pl|Pilgerhut
itm_cavalry_gloves|Kavalleriehandschuhe
itm_cavalry_gloves_pl|Kavalleriehandschuhe
itm_infantry_gloves|Infanteriehandschuhe
itm_infantry_gloves_pl|Infanteriehandschuhe
itm_armor_gauntlets|Panzerhandschuhe
itm_armor_gauntlets_pl|Panzerhandschuhe
itm_leather_gloves|Lederhandschuhe
itm_leather_gloves_pl|Lederhandschuhe
itm_reytar_gauntlets|Reiterhandschuhe
itm_reytar_gauntlets_pl|Reiterhandschuhe
itm_black_reytar_gauntlets|Panzerhandschuhe
itm_black_reytar_gauntlets_pl|Panzerhandschuhe
itm_wrapping_boots|Wickelstiefel
itm_wrapping_boots_pl|Wickelstiefel
itm_woolen_hose|Wollhosen
itm_woolen_hose_pl|Wollhosen
itm_blue_hose|Blaue Hosen
itm_blue_hose_pl|Blaue Hosen
itm_hide_boots|Fellstiefel
itm_hide_boots_pl|Fellstiefel
itm_nomad_boots|Nomadenstiefel
itm_nomad_boots_pl|Nomadenstiefel
itm_leather_boots|Lederstiefel
itm_leather_boots_pl|Lederstiefel
itm_selo_boots|Dorfstiefel
itm_selo_boots_pl|Dorfstiefel
itm_old_cavalry_boots|Alte Kavalleriestiefel
itm_old_cavalry_boots_pl|Alte Kavalleriestiefel
itm_infantry_boots|Infanteriestiefel
itm_infantry_boots_pl|Infanteriestiefel
itm_cavalry_boots|Kavalleriestiefel
itm_cavalry_boots_pl|Kavalleriestiefel
itm_good_cavalry_boots|Gute Kavalleriestiefel
itm_good_cavalry_boots_pl|Gute Kavalleriestiefel
itm_kozak_boots|Kosakenstiefel
itm_kozak_boots_pl|Kosakenstiefel
itm_moskowit_postoli|Bastschuhe
itm_moskowit_postoli_pl|Bastschuhe
itm_moskowit_postoli_b|Bastschuhe
itm_moskowit_postoli_b_pl|Bastschuhe
itm_sapogi|Alte Stiefel
itm_sapogi_pl|Alte Stiefel
itm_good_sapogi|Gute Stiefel
itm_good_sapogi_pl|Gute Stiefel
itm_botinki|Stiefel mit Strümpfen
itm_botinki_pl|Stiefel mit Strümpfen
itm_old_cavalry_botforts|Alte Stulpenstiefel
itm_old_cavalry_botforts_pl|Alte Stulpenstiefel
itm_good_cavalry_botforts|Gute Stulpenstiefel
itm_good_cavalry_botforts_pl|Gute Stulpenstiefel
itm_cavalry_botforts|Stulpenstiefel
itm_cavalry_botforts_pl|Stulpenstiefel
itm_evropa_pehot_tufli|Schuhe mit Strümpfen
itm_evropa_pehot_tufli_pl|Schuhe mit Strümpfen
itm_janissary_tapki|Janissarenschuhe
itm_janissary_tapki_pl|Janissarenschuhe
itm_kalmyk_boots|Oststiefel
itm_kalmyk_boots_pl|Oststiefel
itm_courtly_outfit|Höfische Gewänder
itm_courtly_outfit_pl|Höfische Gewänder
itm_nobleman_outfit|Noble Gewänder
itm_nobleman_outfit_pl|Noble Gewänder
itm_leather_jacket|Lederjacke
itm_leather_jacket_pl|Lederjacke
itm_rawhide_coat|Rohledermantel
itm_rawhide_coat_pl|Rohledermantel
itm_woolen_dress|Wollkleidung
itm_woolen_dress_pl|Wollkleidung
itm_linen_tunic|Leinenwaffenrock
itm_linen_tunic_pl|Leinenwaffenrock
itm_red_shirt|Rotes Hemd
itm_red_shirt_pl|Rotes Hemd
itm_red_tunic|Roter Waffenrock
itm_red_tunic_pl|Roter Waffenrock
itm_robe|Robe
itm_robe_pl|Robe
itm_coarse_tunic|Grober Waffenrock
itm_coarse_tunic_pl|Grober Waffenrock
itm_leather_apron|Lederschürze
itm_leather_apron_pl|Lederschürze
itm_tabard|Wappenrock
itm_tabard_pl|Wappenrock
itm_red_gambeson|Roter Gambeson
itm_red_gambeson_pl|Roter Gambeson
itm_padded_cloth|Steppwams
itm_padded_cloth_pl|Steppwams
itm_leather_jerkin|Lederwams
itm_leather_jerkin_pl|Lederwams
itm_nomad_vest|Nomadenweste
itm_nomad_vest_pl|Nomadenweste
itm_tribal_warrior_outfit|Stammeskriegerkleidung
itm_tribal_warrior_outfit_pl|Stammeskriegerkleidung
itm_poland_svitka_a|Kuntusch
itm_poland_svitka_a_pl|Kuntusche
itm_poland_svitka_b|Kuntusch
itm_poland_svitka_b_pl|Kuntusche
itm_dobrotna_svitka_a|Guter Kuntusch
itm_dobrotna_svitka_a_pl|Gute Kuntusche
itm_dobrotna_svitka_b|Guter Kuntusch
itm_dobrotna_svitka_b_pl|Gute Kuntusche
itm_dobrotna_svitka_c|Guter Kuntusch
itm_dobrotna_svitka_c_pl|Gute Kuntusche
itm_poland_pikiner_uniform|Heiduckenuniform
itm_poland_pikiner_uniform_pl|Heiduckenuniformen
itm_poland_musketer_uniform|Heiduckenuniform
itm_poland_musketer_uniform_pl|Heiduckenuniformen
itm_poland_dragoon_uniform|Polnische Dragoneruniform
itm_poland_dragoon_uniform_pl|Polnische Dragoneruniformen
itm_ukraine_svitka_a|Breitgewebekleidung
itm_ukraine_svitka_a_pl|Breitgewebekleidung
itm_ukraine_svitka_b|Breitgewebekleidung
itm_ukraine_svitka_b_pl|Breitgewebekleidung
itm_kozak_civil_jupan_a|Kosakensupan
itm_kozak_civil_jupan_a_pl|Kosakensupane
itm_kozak_civil_jupan_b|Kosakensupan
itm_kozak_civil_jupan_b_pl|Kosakensupane
itm_prostoy_jupan|Einfacher Supan
itm_prostoy_jupan_pl|Einfache Supane
itm_prostoy_jupan_b|Einfacher Supan
itm_prostoy_jupan_b_pl|Einfache Supane
itm_kozak_jupan|Kosakensupan
itm_kozak_jupan_pl|Kosakensupane
itm_kozak_jupan_b|Kosakensupan
itm_kozak_jupan_b_pl|Kosakensupane
itm_pure_streletzkiy_mundir|Scharfschützenkaftan
itm_pure_streletzkiy_mundir_pl|Scharfschützenkaftane
itm_pure_streletzkiy_mundir_spear|Scharfschützenkaftan
itm_pure_streletzkiy_mundir_spear_pl|Scharfschützenkaftane
itm_streletzkiy_mundir|Scharfschützenuniform
itm_streletzkiy_mundir_pl|Scharfschützenuniformen
itm_new_line_uniform|Neue Linienuniform
itm_new_line_uniform_pl|Neue Linienuniformen
itm_streletzkiy_mundir_spear|Scharfschützenuniform
itm_streletzkiy_mundir_spear_pl|Scharfschützenuniformen
itm_new_line_uniform_spear|Neue Linienuniform
itm_new_line_uniform_spear_pl|Neue Linienuniformen
itm_reestr_kozak_uniform|Linienkosaken-Uniform
itm_reestr_kozak_uniform_pl|Linienkosaken-Uniformen
itm_poland_uniforma_german_line_musketeer|Deutsche Musketier-Linienuniform
itm_poland_uniforma_german_line_musketeer_pl|Deutsche Musketier-Linienuniformen
itm_mosk_sermyaga|Breitgewebe
itm_mosk_sermyaga_pl|Breitgewebe
itm_mosk_armyak|Kaftan
itm_mosk_armyak_pl|Kaftane
itm_mosk_civil_a|Zivilkleidung
itm_mosk_civil_a_pl|Zivilkleidung
itm_mosk_civil_b|Zivilkleidung
itm_mosk_civil_b_pl|Zivilkleidung
itm_evropa_odejda_sela|Dorfkleidung
itm_evropa_odejda_sela_pl|Dorfkleidung
itm_evropa_odejda_sela_b|Dorfkleidung
itm_evropa_odejda_sela_b_pl|Dorfkleidung
itm_swed_civil_a|Zivilkleidung
itm_swed_civil_a_pl|Zivilkleidung
itm_swed_civil_b|Zivilkleidung
itm_swed_civil_b_pl|Zivilkleidung
itm_tatar_halat_pure_a|Robe
itm_tatar_halat_pure_a_pl|Roben
itm_tatar_halat_pure_b|Robe
itm_tatar_halat_pure_b_pl|Roben
itm_ttr_civil_a|Zivilkleidung
itm_ttr_civil_a_pl|Zivilkleidung
itm_ttr_civil_b|Zivilkleidung
itm_ttr_civil_b_pl|Zivilkleidung
itm_yanichar_forma_a|Janissarenuniform
itm_yanichar_forma_a_pl|Janissarenuniformen
itm_yanichar_forma_b|Janissarenuniform
itm_yanichar_forma_b_pl|Janissarenuniformen
itm_merc_musket_uniforma_a|Musketierkamisol
itm_merc_musket_uniforma_a_pl|Musketierkamisolen
itm_merc_musket_uniforma_b|Musketierkamisol
itm_merc_musket_uniforma_b_pl|Musketierkamisolen
itm_prostoy_jupan_c|Einfacher Supan
itm_prostoy_jupan_c_pl|Einfache Supane
itm_ukraine_svitka_c|Switka
itm_ukraine_svitka_c_pl|Switka
itm_kozak_jupan_c|Kosakensupan
itm_kozak_jupan_c_pl|Kosakensupane
itm_tatar_halat_pure_c|Einfache Robe
itm_tatar_halat_pure_c_pl|Einfache Roben
itm_poland_svitka_c|Kuntusch
itm_poland_svitka_c_pl|Kuntusch
itm_poland_svitka_d|Kuntusch
itm_poland_svitka_d_pl|Kuntusch
itm_dobrotna_svitka_d|Üppiger Kuntusch
itm_dobrotna_svitka_d_pl|Üppiger Kuntusch
itm_dobrotna_svitka_e|Üppiger Kuntusch
itm_dobrotna_svitka_e_pl|Üppiger Kuntusch
itm_azap_forma|Türkisches Gewand
itm_azap_forma_pl|Türkische Gewänder
itm_scott_uniforma_musketeer|Schottische Musketierkamisol
itm_scott_uniforma_musketeer_pl|Schottische Musketierkamisolen
itm_evropa_musket_uniforma|Schwedische Musketieruniform
itm_evropa_musket_uniforma_pl|Schwedische Musketieruniformen
itm_evropa_dragoon_uniforma|Schwedische Dragoneruniform
itm_evropa_dragoon_uniforma_pl|Schwedische Dragoneruniformen
itm_evropa_gvardia_uniforma|Leibwachenkamisol
itm_evropa_gvardia_uniforma_pl|Leibwachenkamisolen
itm_tatar_steg_halat_a|Stepprobe
itm_tatar_steg_halat_a_pl|Stepproben
itm_tatar_steg_halat_b|Stepprobe
itm_tatar_steg_halat_b_pl|Stepproben
itm_tatar_halat_a|Robe
itm_tatar_halat_a_pl|Roben
itm_tatar_halat_b|Robe
itm_tatar_halat_b_pl|Roben
itm_rinda_shuba|Ryndakaftan
itm_rinda_shuba_pl|Ryndakaftane
itm_kozak_jupan_usileniy|Ledersupan
itm_kozak_jupan_usileniy_pl|Ledersupane
itm_serduk_jupan|Serdukensupan
itm_serduk_jupan_pl|Serdukensupane
itm_moskow_tulup_a|Tegilai
itm_moskow_tulup_a_pl|Tegilai
itm_moskow_tulup_b|Tegilai
itm_moskow_tulup_b_pl|Tegilai
itm_moskow_tulup_c|Tegilai
itm_moskow_tulup_c_pl|Tegilai
itm_tzar_odyag|Zarengewand
itm_tzar_odyag_pl|Zarengewand
itm_cavalry_koja_kurtka|Panzersupan
itm_cavalry_koja_kurtka_pl|Panzersupane
itm_koja_kurtka_s_podbivom|Panzerkuntusch
itm_koja_kurtka_s_podbivom_pl|Panzerkuntusche
itm_kolchuga_panzernika|Kettenrüstung
itm_kolchuga_panzernika_pl|Kettenrüstung
itm_kozak_jupan_na_kolchuge|Kettensupan
itm_kozak_jupan_na_kolchuge_pl|Kettensupane
itm_kolchuga|Kettenrüstung
itm_kolchuga_pl|Kettenrüstung
itm_moskow_reytar_armor|Moskowische Reiteruniform
itm_moskow_reytar_armor_pl|Moskowische Reiteruniformen
itm_moskow_bahter_a|Behterets
itm_moskow_bahter_a_pl|Behterets
itm_tatar_kolcha|Kettenrüstung
itm_tatar_kolcha_pl|Kettenrüstung
itm_tatar_bahter_b|Einfacher Behterets
itm_tatar_bahter_b_pl|Einfacher Behterets
itm_tatar_seymen_armor|Kettenrüstung
itm_tatar_seymen_armor_pl|Kettenrüstung
itm_mosk_bahter_b|Behterets
itm_mosk_bahter_b_pl|Behterets
itm_moskow_kuyak|Kujak
itm_moskow_kuyak_pl|Kujaken
itm_kirasa|Brustpanzer
itm_kirasa_pl|Brustpanzer
itm_kirasa_b|Halbkürass
itm_kirasa_b_pl|Halbkürasse
itm_kirasa_c|Halbkürass
itm_kirasa_c_pl|Halbkürasse
itm_kirasa_rich|Handgemachter Halbkürass
itm_kirasa_rich_pl|Handgemachte Halbkürasse
itm_simple_reytar_armor|Kürass mit Lederfutter
itm_simple_reytar_armor_pl|Kürass mit Lederfutter
itm_moskow_boyar_uniform|Bojarische Milizuniform
itm_moskow_boyar_uniform_pl|Bojarische Milizuniformen
itm_evropa_pika_uniforma|Schwedische Pikenieruniform
itm_evropa_pika_uniforma_pl|Schwedische Pikenieruniformen
itm_merc_pika_uniforma_a|Pikenieruniform
itm_merc_pika_uniforma_a_pl|Pikenieruniformen
itm_merc_pika_uniforma_b|Pikenieruniform
itm_merc_pika_uniforma_b_pl|Pikenieruniformen
itm_tatar_bahter_a|Behterets
itm_tatar_bahter_a_pl|Behterets
itm_tatar_yushman|Juschman
itm_tatar_yushman_pl|Juschmanen
itm_poland_gusar_panzer|Geflügeltes Husaren-Panzerhemd
itm_poland_gusar_panzer_pl|Geflügelte Husaren-Panzerhemden
itm_poland_gusar_panzer_bez_kril|Husaren-Panzerhemd
itm_poland_gusar_panzer_bez_kril_pl|Husaren-Panzerhemden
itm_poland_uniforma_german_line|Deutsche Infanterie-Linienuniform
itm_poland_uniforma_german_line_pl|Deutsche Infanterie-Linienuniformen
itm_scott_uniforma|Schottische Uniform
itm_scott_uniforma_pl|Schottische Uniformen
itm_moskow_zertzalo|Üppige Spiegelrüstung
itm_moskow_zertzalo_pl|Üppige Spiegelrüstung
itm_poland_gusar_yaguar|Husarenpanzer mit Leder
itm_poland_gusar_yaguar_pl|Husarenpanzer mit Leder
itm_kalmyk_puzo|Ostbrigandine
itm_kalmyk_puzo_pl|Ostbrigandinen
itm_reytar_armor|Reiter-Halbrüstung
itm_reytar_armor_pl|Reiter-Halbrüstungen
itm_dospeh|Halbrüstung
itm_dospeh_pl|Halbrüstungen
itm_black_dospeh|Schwarze Rüstung
itm_black_dospeh_pl|Schwarze Rüstungen
itm_rich_baba_mosk_1|Frauenkleidung
itm_rich_baba_mosk_1_pl|Frauenkleidung
itm_rich_baba_mosk_2|Frauenkleidung
itm_rich_baba_mosk_2_pl|Frauenkleidung
itm_rich_baba_mosk_3|Frauenkleidung
itm_rich_baba_mosk_3_pl|Frauenkleidung
itm_pure_baba_mosk_1|Frauenkleidung
itm_pure_baba_mosk_1_pl|Frauenkleidung
itm_pure_baba_mosk_2|Frauenkleidung
itm_pure_baba_mosk_2_pl|Frauenkleidung
itm_rich_baba_ttr_1|Frauenkleidung
itm_rich_baba_ttr_1_pl|Frauenkleidung
itm_rich_baba_ttr_2|Frauenkleidung
itm_rich_baba_ttr_2_pl|Frauenkleidung
itm_pure_baba_ttr_1|Frauenkleidung
itm_pure_baba_ttr_1_pl|Frauenkleidung
itm_pure_baba_ttr_2|Frauenkleidung
itm_pure_baba_ttr_2_pl|Frauenkleidung
itm_rich_baba_pol_1|Frauenkleidung
itm_rich_baba_pol_1_pl|Frauenkleidung
itm_rich_baba_pol_2|Frauenkleidung
itm_rich_baba_pol_2_pl|Frauenkleidung
itm_rich_baba_pol_3|Frauenkleidung
itm_rich_baba_pol_3_pl|Frauenkleidung
itm_rich_baba_pol_4|Frauenkleidung
itm_rich_baba_pol_4_pl|Frauenkleidung
itm_pure_baba_pol_1|Frauenkleidung
itm_pure_baba_pol_1_pl|Frauenkleidung
itm_pure_baba_pol_2|Frauenkleidung
itm_pure_baba_pol_2_pl|Frauenkleidung
itm_pure_baba_pol_3|Frauenkleidung
itm_pure_baba_pol_3_pl|Frauenkleidung
itm_rich_baba_swd_1|Frauenkleidung
itm_rich_baba_swd_1_pl|Frauenkleidung
itm_rich_baba_swd_2|Frauenkleidung
itm_rich_baba_swd_2_pl|Frauenkleidung
itm_rich_baba_swd_3|Frauenkleidung
itm_rich_baba_swd_3_pl|Frauenkleidung
itm_rich_baba_swd_4|Frauenkleidung
itm_rich_baba_swd_4_pl|Frauenkleidung
itm_pure_baba_swd_1|Frauenkleidung
itm_pure_baba_swd_1_pl|Frauenkleidung
itm_pure_baba_swd_2|Frauenkleidung
itm_pure_baba_swd_2_pl|Frauenkleidung
itm_heraldic_mail_with_surcoat|Wappenpanzer und Wappenrock 
itm_heraldic_mail_with_surcoat_pl|Wappenpanzer und Wappenrock 
itm_heraldic_mail_with_tunic|Wappenpanzer
itm_heraldic_mail_with_tunic_pl|Wappenpanzer
itm_heraldic_mail_with_tunic_b|Wappenpanzer
itm_heraldic_mail_with_tunic_b_pl|Wappenpanzer
itm_heraldic_mail_with_tabard|Wappenpanzer mit Tappert
itm_heraldic_mail_with_tabard_pl|Wappenpanzer mit Tappert
itm_woolen_hood|Wollhut
itm_woolen_hood_pl|Wollhut
itm_fur_hat|Pelzhut
itm_fur_hat_pl|Pelzhut
itm_segmented_helmet|Segmenthelm
itm_segmented_helmet_pl|Segmenthelm
itm_evropa_musket_shlapa|Hut
itm_evropa_musket_shlapa_pl|Hüte
itm_evropa_musket_shlapa_b|Hut
itm_evropa_musket_shlapa_b_pl|Hüte
itm_evropa_kava_shlapa|Hut
itm_evropa_kava_shlapa_pl|Hüte
itm_evropa_kava_shlapa_b|Hut
itm_evropa_kava_shlapa_b_pl|Hüte
itm_evropa_kava_shlapa_c|Hut
itm_evropa_kava_shlapa_c_pl|Hüte
itm_evropa_shlapa|Hut
itm_evropa_shlapa_pl|Hüte
itm_evropa_shlapa_b|Hut
itm_evropa_shlapa_b_pl|Hüte
itm_poland_army_hat_simple|Polnischer Uniformhut
itm_poland_army_hat_simple_pl|Polnische Uniformhüte
itm_beret_a|Barett
itm_beret_a_pl|Barette
itm_beret_b|Barett
itm_beret_b_pl|Barette
itm_beret_c|Barett
itm_beret_c_pl|Barette
itm_evropa_guard_shlapa|Hut
itm_evropa_guard_shlapa_pl|Hüte
itm_parik|Perücke
itm_parik_pl|Perücken
itm_evropa_shapka|Hut
itm_evropa_shapka_pl|Hüte
itm_reestr_shapka|Linienkosakenhut
itm_reestr_shapka_pl|Linienkosakenhüte
itm_poland_shapka|Kappe
itm_poland_shapka_pl|Kappen
itm_poland_army_hat_a|Polnischer Uniformhut
itm_poland_army_hat_a_pl|Polnische Uniformhüte
itm_poland_army_hat_b|Polnischer Uniformhut
itm_poland_army_hat_b_pl|Polnische Uniformhüte
itm_poland_mehova_shapka|Pelzkappe
itm_poland_mehova_shapka_pl|Pelzkappen
itm_poland_mehova_shapka_s_perom|Pelzkappe
itm_poland_mehova_shapka_s_perom_pl|Pelzkappen
itm_poland_good_shapka|Pelzkappe
itm_poland_good_shapka_pl|Pelzkappen
itm_ukrine_prosta_shapka|Dorfkappe
itm_ukrine_prosta_shapka_pl|Dorfkappen
itm_kozak_prosta_shapka|Einfache Kosakenkappe
itm_kozak_prosta_shapka_pl|Einfache Kosakenkappen
itm_kozak_shapka|Kosakenkappe
itm_kozak_shapka_pl|Kosakenkappen
itm_kozak_shapka_b|Kosakenkappe
itm_kozak_shapka_b_pl|Kosakenkappen
itm_kozak_shapka_c|Kosakenkappe
itm_kozak_shapka_c_pl|Kosakenkappen
itm_kozak_shapka_d|Kosakenkappe
itm_kozak_shapka_d_pl|Kosakenkappen
itm_serduk_shapka|Serdukenkappe
itm_serduk_shapka_pl|Serdukenkappen
itm_moskowit_shapka|Kappe
itm_moskowit_shapka_pl|Kappen
itm_streletz_shapka|Scharfschützenkappe
itm_streletz_shapka_pl|Scharfschützenkappen
itm_streletz_shapka_b|Scharfschützenkappe
itm_streletz_shapka_b_pl|Scharfschützenkappen
itm_streletz_shapka_c|Scharfschützenkappe
itm_streletz_shapka_c_pl|Scharfschützenkappen
itm_janissar_hat_a|Janissarenhut
itm_janissar_hat_a_pl|Janissarenhüte
itm_janissar_hat_b|Janissarenhut
itm_janissar_hat_b_pl|Janissarenhüte
itm_tatar_man_hat|Hut
itm_tatar_man_hat_pl|Hüte
itm_turban|Turban
itm_turban_pl|Turbane
itm_tatar_kolpak|Tatarenkappe
itm_tatar_kolpak_pl|Tatarenkappen
itm_tatar_bayrak_hat|Hut
itm_tatar_bayrak_hat_pl|Hüte
itm_tatar_nogay_hat|Hut
itm_tatar_nogay_hat_pl|Hüte
itm_tatar_oglan_hat|Hut
itm_tatar_oglan_hat_pl|Hüte
itm_tatar_kochevnik_hat_a|Nomadenhut
itm_tatar_kochevnik_hat_a_pl|Nomadenhüte
itm_tatar_kochevnik_hat_b|Nomadenhut
itm_tatar_kochevnik_hat_b_pl|Nomadenhüte
itm_rinda_hat|Hut
itm_rinda_hat_pl|Hut
itm_shapka_boyara|Nobler Hut
itm_shapka_boyara_pl|Noble Hüte
itm_shapka_bumajna_a|Papierkappe
itm_shapka_bumajna_a_pl|Papierkappen
itm_shapka_bumajna_b|Papierkappe
itm_shapka_bumajna_b_pl|Papierkappen
itm_misurka_s_barmizoy|Misiurka
itm_misurka_s_barmizoy_pl|Misiurka
itm_misurka_s_barmizoy_b|Misiurka
itm_misurka_s_barmizoy_b_pl|Misiurka
itm_misurka_s_barmizoy_c|Misiurka
itm_misurka_s_barmizoy_c_pl|Misiurka
itm_misurka_s_barmizoy_pure|Einfache Misiurka
itm_misurka_s_barmizoy_pure_pl|Einfache Misiurka
itm_misurka_s_barmizoy_rich|Üppige Misiurka
itm_misurka_s_barmizoy_rich_pl|Üppige Misiurka
itm_kozacka_shapka_s_misurkoy|Misiurka-Kappe
itm_kozacka_shapka_s_misurkoy_pl|Misiurka-Kappen
itm_tatar_misurka|Misiurka
itm_tatar_misurka_pl|Misiurka
itm_tatar_misurka_rich|Üppige Misiurka
itm_tatar_misurka_rich_pl|Üppige Misiurka
itm_tatar_helmet_a|Tatarenhelm
itm_tatar_helmet_a_pl|Tatarenhelme
itm_tatar_helmet_b|Tatarenhelm
itm_tatar_helmet_b_pl|Tatarenhelme
itm_tatar_han_helmet|Tatarenhelm
itm_tatar_han_helmet_pl|Tatarenhelme
itm_shishak|Eisenkappe
itm_shishak_pl|Eisenkappen
itm_new_line_helmet|Neuer Linienhelm
itm_new_line_helmet_pl|Neue Linienhelme
itm_morion|Einfacher Morion
itm_morion_pl|Einfache Morions
itm_morion_good|Morion
itm_morion_good_pl|Morions
itm_morion_perfect|Perfekter Morion
itm_morion_perfect_pl|Perfekte Morions
itm_moskow_reytar_helmet|Moskowischer Reiterhelm
itm_moskow_reytar_helmet_pl|Moskowische Reiterhelme
itm_kabasset|Birnhelm
itm_kabasset_pl|Birnhelme
itm_poland_gusar_helmet|Geflügelter Husarenhelm
itm_poland_gusar_helmet_pl|Geflügelte Husarenhelme
itm_shelom|Schelom
itm_shelom_pl|Schelom
itm_mosk_shishak|Kegelhut
itm_mosk_shishak_pl|Kegelhüte
itm_kalmyk_helmet|Osthelm
itm_kalmyk_helmet_pl|Osthelme
itm_boyar_helmet|Bojarischer Milizhelm
itm_boyar_helmet_pl|Bojarische Milizhelme
itm_reytar_helmet|Reiterhelm
itm_reytar_helmet_pl|Reiterhelme
itm_black_reytar_helmet|Reiterhelm
itm_black_reytar_helmet_pl|Reiterhelme
itm_poland_gusar_helmet_greben|Husarenhelm mit Büschel
itm_poland_gusar_helmet_greben_pl|Husarenhelme mit Büschel
itm_armet|Armet
itm_armet_pl|Armet
itm_shapka_monomaha|Kappe von Monomakh
itm_shapka_monomaha_pl|Kappen von Monomakh
itm_mosk_platok_1|Kopftuch
itm_mosk_platok_1_pl|Kopftücher
itm_mosk_platok_2|Kopftuch
itm_mosk_platok_2_pl|Kopftücher
itm_pol_bab_hat_1|Frauenhut
itm_pol_bab_hat_1_pl|Frauenhüte
itm_pol_bab_hat_2|Frauenhut
itm_pol_bab_hat_2_pl|Frauenhüte
itm_tatar_bab_hat1|Frauenhut
itm_tatar_bab_hat1_pl|Frauenhüte
itm_tatar_bab_hat2|Frauenhut
itm_tatar_bab_hat2_pl|Frauenhüte
itm_tatar_bab_hat_rich|Frauenhut
itm_tatar_bab_hat_rich_pl|Frauenhüte
itm_wooden_stick|Holzstock
itm_wooden_stick_pl|Holzstock
itm_club|Knüppel
itm_club_pl|Knüppel
itm_knife|Messer
itm_knife_pl|Messer
itm_dagger|Dolch
itm_dagger_pl|Dolch
itm_axe|Axt
itm_axe_pl|Axt
itm_sword_two_handed_b|Zweihandschwert
itm_sword_two_handed_b_pl|Zweihandschwert
itm_sword_two_handed_a|Großschwert
itm_sword_two_handed_a_pl|Großschwert
itm_bastard_sword_a|Bastardschwert
itm_bastard_sword_a_pl|Bastardschwert
itm_bastard_sword_b|Schweres Bastardschwert
itm_bastard_sword_b_pl|Schweres Bastardschwert
itm_great_axe|Großaxt
itm_great_axe_pl|Großaxt
itm_shortened_military_scythe|Kurze Militärsense
itm_shortened_military_scythe_pl|Kurze Militärsense
itm_sword_medieval_a|Schwert
itm_sword_medieval_a_pl|Schwert
itm_sword_medieval_b|Schwert
itm_sword_medieval_b_pl|Schwert
itm_sword_medieval_c|Ritterschwert
itm_sword_medieval_c_pl|Ritterschwert
itm_sword_khergit_1|Nomadensäbel
itm_sword_khergit_1_pl|Nomadensäbel
itm_sword_khergit_2|Säbel
itm_sword_khergit_2_pl|Säbel
itm_sword_khergit_3|Säbel
itm_sword_khergit_3_pl|Säbel
itm_sword_khergit_4|Schwerer Säbel
itm_sword_khergit_4_pl|Schwerer Säbel
itm_kosa|Sense
itm_kosa_pl|Sensen
itm_vily|Forke
itm_vily_pl|Forken
itm_rusty_shpaga|Altes Schwert
itm_rusty_shpaga_pl|Alte Schwerter
itm_prosta_shpaga|Schwert
itm_prosta_shpaga_pl|Schwerter
itm_prosta_shpaga_b|Schwert
itm_prosta_shpaga_b_pl|Schwerter
itm_prosta_shpaga_c|Schwert
itm_prosta_shpaga_c_pl|Schwerter
itm_good_shpaga|Gutes Schwert
itm_good_shpaga_pl|Gute Schwerter
itm_good_shpaga_b|Gutes Schwert
itm_good_shpaga_b_pl|Gute Schwerter
itm_good_shpaga_c|Gutes Schwert
itm_good_shpaga_c_pl|Gute Schwerter
itm_good_shpaga_d|Gutes Schwert
itm_good_shpaga_d_pl|Gute Schwerter
itm_sablya_a|Säbel
itm_sablya_a_pl|Säbel
itm_sablya_b|Säbel
itm_sablya_b_pl|Säbel
itm_sablya_c|Säbel
itm_sablya_c_pl|Säbel
itm_sablya_d|Säbel
itm_sablya_d_pl|Säbel
itm_sablya_turk_a|Säbel
itm_sablya_turk_a_pl|Säbel
itm_sablya_turk_b|Säbel
itm_sablya_turk_b_pl|Säbel
itm_sablya_turk_c|Säbel
itm_sablya_turk_c_pl|Säbel
itm_sablya_tatar_a|Tatarensäbel
itm_sablya_tatar_a_pl|Tatarensäbel
itm_sablya_pure_a|Einfacher Säbel
itm_sablya_pure_a_pl|Einfache Säbel
itm_sablya_pure_b|Einfacher Säbel
itm_sablya_pure_b_pl|Einfache Säbel
itm_sablya_pure_c|Einfacher Säbel
itm_sablya_pure_c_pl|Einfache Säbel
itm_sablya_pure_d|Einfacher Säbel
itm_sablya_pure_d_pl|Einfache Säbel
itm_sablya_turk_pure_a|Einfacher Säbel
itm_sablya_turk_pure_a_pl|Einfache Säbel
itm_sablya_turk_pure_b|Einfacher Säbel
itm_sablya_turk_pure_b_pl|Einfache Säbel
itm_sablya_turk_pure_c|Einfacher Säbel
itm_sablya_turk_pure_c_pl|Einfache Säbel
itm_sablya_tatar_pure_a|Einfacher Tatarensäbel
itm_sablya_tatar_pure_a_pl|Einfache Tatarensäbel
itm_rusty_palash|Altes Breitschwert
itm_rusty_palash_pl|Alte Breitschwerter
itm_palash|Breitschwert
itm_palash_pl|Breitschwerter
itm_good_palash|Gutes Breitschwert
itm_good_palash_pl|Gute Breitschwerter
itm_good_palash_b|Gutes Breitschwert
itm_good_palash_b_pl|Gute Breitschwerter
itm_pehot_palash_old|Altes kurzes Breitschwert
itm_pehot_palash_old_pl|Alte kurze Breitschwerter
itm_pehot_palash|Kurzes Breitschwert
itm_pehot_palash_pl|Kurze Breitschwerter
itm_good_pehot_palash|Gutes kurzes Breitschwert
itm_good_pehot_palash_pl|Gute kurze Breitschwerter
itm_good_pehot_palash_b|Gutes kurzes Breitschwert
itm_good_pehot_palash_b_pl|Gute kurze Breitschwerter
itm_yatagan_a|Einfacher Yatagan
itm_yatagan_a_pl|Einfache Yatagane
itm_yatagan_good|Yatagan
itm_yatagan_good_pl|Yatagane
itm_yatagan_rich|Guter Yatagan
itm_yatagan_rich_pl|Gute Yatagane
itm_kozak_shablya|Einfacher Kosakensäbel
itm_kozak_shablya_pl|Einfache Kosakensäbel
itm_kozak_good_shablya|Kosakensäbel
itm_kozak_good_shablya_pl|Kosakensäbel
itm_old_pike|Alte Pike
itm_old_pike_pl|Alte Piken
itm_prosta_pike|Pike
itm_prosta_pike_pl|Piken
itm_pika|Einfache Pike
itm_pika_pl|Einfache Piken
itm_good_pike|Pike
itm_good_pike_pl|Piken
itm_kopyo|Einfache Lanze
itm_kopyo_pl|Einfache Lanzen
itm_good_kopyo|Lanze
itm_good_kopyo_pl|Lanzen
itm_dubinka|Keule
itm_dubinka_pl|Keulen
itm_plotnik_toporik|Zimmermannsaxt
itm_plotnik_toporik_pl|Zimmermannsäxte
itm_plotnik_topor|Holzfälleraxt
itm_plotnik_topor_pl|Holzfälleräxte
itm_pernach|Streitkolben
itm_pernach_pl|Streitkolben
itm_palitza|Knüppel
itm_palitza_pl|Knüppel
itm_klevetz|Picke
itm_klevetz_pl|Picken
itm_klevetz_good|Gute Picke
itm_klevetz_good_pl|Gute Picken
itm_chekan|Tschekan
itm_chekan_pl|Tschekani
itm_chekan_good|Guter Tschekan
itm_chekan_good_pl|Gute Tschekani
itm_rusty_toporik|Altes Beil
itm_rusty_toporik_pl|Alte Beile
itm_prostoy_toporik|Einfaches Beil
itm_prostoy_toporik_pl|Einfache Beile
itm_toporik_good|Beil
itm_toporik_good_pl|Beile
itm_toporik_rich|Gutes Beil
itm_toporik_rich_pl|Gute Beile
itm_cavalry_pika_a|Kavallerielanze
itm_cavalry_pika_a_pl|Kavallerielanzen
itm_cavalry_pika_b|Kavallerielanze
itm_cavalry_pika_b_pl|Kavallerielanzen
itm_gusar_lanza|Husarenlanze
itm_gusar_lanza_pl|Husarenlanzen
itm_gusar_lanza_b|Husarenlanze
itm_gusar_lanza_b_pl|Husarenlanzen
itm_kozacka_pika|Kavallerielanze
itm_kozacka_pika_pl|Kavallerielanzen
itm_twohand_sword|Zweihandschwert
itm_twohand_sword_pl|Zweihandschwert
itm_twohand_sword_b|Zweihandschwert
itm_twohand_sword_b_pl|Zweihandschwert
itm_alebarda|Hellebarde
itm_alebarda_pl|Hellebarden
itm_berdish|Streitaxt
itm_berdish_pl|Streitäxte
itm_berdish_b|Streitaxt
itm_berdish_b_pl|Streitäxte
itm_sovnya|Sownya
itm_sovnya_pl|Sownyas
itm_black_hetman|Schwarzer Streitkolben
itm_black_hetman_pl|Schwarzer Streitkolben
itm_scott_palash|Schottisches Breitschwert
itm_scott_palash_pl|Schottische Breitschwerter
itm_scott_kleymor_a|Claymore
itm_scott_kleymor_a_pl|Claymores
itm_scott_kleymor_b|Claymore
itm_scott_kleymor_b_pl|Claymores
itm_konchar|Koncerz
itm_konchar_pl|Koncerz
itm_shestoper|Kriegsknüppel
itm_shestoper_pl|Kriegsknüppel
itm_kalmyk_palash|Ost-Breitschwert
itm_kalmyk_palash_pl|Ost-Breitschwerter
itm_mace_1|Dornenkeule
itm_mace_1_pl|Dornenkeulen
itm_mace_2|Nieten-Streitkolben
itm_mace_2_pl|Nieten-Streitkolben
itm_mace_3|Dornen-Streitkolben
itm_mace_3_pl|Dornen-Streitkolben
itm_mace_4|Geflügelter Streitkolben
itm_mace_4_pl|Geflügelter Streitkolben
itm_club_with_spike_head|Dornenkeule
itm_club_with_spike_head_pl|Dornenkeule
itm_staff|Stab
itm_staff_pl|Stab
itm_quarter_staff|Kurzstab
itm_quarter_staff_pl|Kurzstab
itm_pike|Pike
itm_pike_pl|Pike
itm_wooden_shield|Holzschild
itm_wooden_shield_pl|Holzschild
itm_round_shield_steel_a|Guter Stahlschild
itm_round_shield_steel_a_pl|Gute Stahlschilde
itm_round_shield_steel_b|Stahlschild
itm_round_shield_steel_b_pl|Stahlschilde
itm_round_shield|Einfacher Schild
itm_round_shield_pl|Einfache Schilde
itm_round_shield_b|Kalkanschild
itm_round_shield_b_pl|Kalkanschilde
itm_round_shield_c|Tatarenschild
itm_round_shield_c_pl|Tatarenschilde
itm_round_shield_d|Verstärkter Schild
itm_round_shield_d_pl|Verstärkte Schilde
itm_shield|Schild
itm_shield_pl|Schilde
itm_tarch_a|Türkischer Schild
itm_tarch_a_pl|Türkische Schilde
itm_tarch_b|Türkischer Schild
itm_tarch_b_pl|Türkische Schilde
itm_rundash|Buckler
itm_rundash_pl|Buckler
itm_tab_shield_round_a|Alter Rundschild
itm_tab_shield_round_a_pl|Alter Rundschild
itm_tab_shield_round_b|Einfacher Rundschild
itm_tab_shield_round_b_pl|Einfacher Rundschild
itm_tab_shield_round_c|Rundschild
itm_tab_shield_round_c_pl|Rundschild
itm_tab_shield_round_d|Schwerer Rundschild
itm_tab_shield_round_d_pl|Schwerer Rundschild
itm_tab_shield_round_e|Huscarls-Rundschild
itm_tab_shield_round_e_pl|Huscarls-Rundschild
itm_tab_shield_kite_a|Alter Pentaschild
itm_tab_shield_kite_a_pl|Alter Pentaschild
itm_tab_shield_kite_b|Einfacher Pentaschild
itm_tab_shield_kite_b_pl|Einfacher Pentaschild
itm_tab_shield_kite_c|Pentaschild
itm_tab_shield_kite_c_pl|Pentaschild
itm_tab_shield_kite_d|Schwerer Pentaschild
itm_tab_shield_kite_d_pl|Schwerer Pentaschild
itm_tab_shield_kite_cav_a|Reiter-Pentaschild
itm_tab_shield_kite_cav_a_pl|Reiter-Pentaschild
itm_tab_shield_kite_cav_b|Ritter-Pentaschild
itm_tab_shield_kite_cav_b_pl|Ritter-Pentaschild
itm_tab_shield_heater_a|Alter Dreieckschild
itm_tab_shield_heater_a_pl|Alter Dreieckschild
itm_tab_shield_heater_b|Einfacher Dreieckschild
itm_tab_shield_heater_b_pl|Einfacher Dreieckschild
itm_tab_shield_heater_c|Dreieckschild
itm_tab_shield_heater_c_pl|Dreieckschild
itm_tab_shield_heater_d|Schwerer Dreieckschild
itm_tab_shield_heater_d_pl|Schwerer Dreieckschild
itm_tab_shield_heater_cav_a|Reiter-Dreieckschild
itm_tab_shield_heater_cav_a_pl|Reiter-Dreieckschild
itm_tab_shield_heater_cav_b|Ritter-Dreieckschild
itm_tab_shield_heater_cav_b_pl|Ritter-Dreieckschild
itm_tab_shield_pavise_a|Alter Turmschild
itm_tab_shield_pavise_a_pl|Alter Turmschild
itm_tab_shield_pavise_b|Einfacher Turmschild
itm_tab_shield_pavise_b_pl|Einfacher Turmschild
itm_tab_shield_pavise_c|Turmschild
itm_tab_shield_pavise_c_pl|Turmschild
itm_tab_shield_pavise_d|Schwerer Turmschild
itm_tab_shield_pavise_d_pl|Schwerer Turmschild
itm_tab_shield_small_round_a|Einfacher Kavallerieschild
itm_tab_shield_small_round_a_pl|Einfacher Kavallerieschild
itm_tab_shield_small_round_b|Runder Kavallerieschild
itm_tab_shield_small_round_b_pl|Runder Kavallerieschild
itm_tab_shield_small_round_c|Elite-Kavallerieschild
itm_tab_shield_small_round_c_pl|Elite-Kavallerieschild
itm_jarid|Jarid
itm_jarid_pl|Jarid
itm_jarid_melee|Jarid
itm_jarid_melee_pl|Jarid
itm_stones|Steine
itm_stones_pl|Steine
itm_throwing_knives|Wurfmesser
itm_throwing_knives_pl|Wurfmesser
itm_throwing_daggers|Wurfdolche
itm_throwing_daggers_pl|Wurfdolche
itm_samopal|Handgemachte Feuerwaffe
itm_samopal_pl|Handgemachte Feuerwaffen
itm_samopal_b|Handgemachte Feuerwaffe
itm_samopal_b_pl|Handgemachte Feuerwaffen
itm_old_musket|Luntenschloss-Muskete
itm_old_musket_pl|Luntenschloss-Musketen
itm_old_musket_b|Luntenschloss-Muskete
itm_old_musket_b_pl|Luntenschloss-Musketen
itm_musket|Einfache Radschloss-Muskete
itm_musket_pl|Einfache Radschloss-Musketen
itm_good_musket|Radschloss-Muskete
itm_good_musket_pl|Radschloss-Musketen
itm_turk_musket_fitil_a|Luntenschloss-Muskete
itm_turk_musket_fitil_a_pl|Luntenschloss-Musketen
itm_turk_musket_fitil_b|Gute Luntenschloss-Muskete
itm_turk_musket_fitil_b_pl|Gute Luntenschloss-Musketen
itm_turk_musket_koleso|Radschloss-Muskete
itm_turk_musket_koleso_pl|Radschloss-Musketen
itm_turk_musket|Miquelet-Muskete
itm_turk_musket_pl|Miquelet-Musketen
itm_turk_musket_b|Gute Miquelet-Muskete
itm_turk_musket_b_pl|Gute Miquelet-Musketen
itm_mushket_udarniy|Miquelet-Muskete
itm_mushket_udarniy_pl|Miquelet-Musketen
itm_mushket_udarniy_b|Miquelet-Muskete
itm_mushket_udarniy_b_pl|Miquelet-Musketen
itm_karabin_old_a|Luntenschloss-Karabiner
itm_karabin_old_a_pl|Luntenschloss-Karabiner
itm_karabin_old_b|Luntenschloss-Karabiner
itm_karabin_old_b_pl|Luntenschloss-Karabiner
itm_karabin|Einfacher Radschloss-Karabiner
itm_karabin_pl|Einfache Radschloss-Karabiner
itm_karabin_good|Radschloss-Karabiner
itm_karabin_good_pl|Radschloss-Karabiner
itm_karabin_batarey|Miquelet-Karabiner
itm_karabin_batarey_pl|Miquelet-Karabiner
itm_karabin_batarey_good|Guter Miquelet-Karabiner
itm_karabin_batarey_good_pl|Gute Miquelet-Karabiner
itm_old_pistol|Alte Pistole
itm_old_pistol_pl|Alte Pistolen
itm_pistol|Pistole
itm_pistol_pl|Pistolen
itm_pistol_b|Pistole
itm_pistol_b_pl|Pistolen
itm_good_pistol|Gute Pistole
itm_good_pistol_pl|Gute Pistolen
itm_good_pistol_b|Gute Pistole
itm_good_pistol_b_pl|Gute Pistolen
itm_good_pistol_c|Gute Pistole
itm_good_pistol_c_pl|Gute Pistolen
itm_granata|Große Granate
itm_granata_pl|Große Granaten
itm_granata_medium|Mittlere Granate
itm_granata_medium_pl|Mittlere Granaten
itm_granata_small|Kleine Granate
itm_granata_small_pl|Kleine Granaten
itm_luk|Langbogen
itm_luk_pl|Langbögen
itm_luk_b|Langbogen
itm_luk_b_pl|Langbögen
itm_luk_c|Bogen
itm_luk_c_pl|Bögen
itm_kompozit_bow_b|Kompositbogen
itm_kompozit_bow_b_pl|Kompositbögen
itm_kompozit_bow|Kompositbogen
itm_kompozit_bow_pl|Kompositbögen
itm_zakaz_pistol1|Handgemachte Pistole
itm_zakaz_pistol1_pl|Handgemachte Pistolen
itm_zakaz_pistol2|Niederländische Pistole
itm_zakaz_pistol2_pl|Niederländische Pistolen
itm_zakaz_2stwol_koleso2|Doppelläufiger Radschloss-Karabiner
itm_zakaz_2stwol_koleso2_pl|Doppelläufige Radschloss-Karabiner
itm_zakaz_2stwol_koleso|Doppelläufiger niederländischer Karabiner
itm_zakaz_2stwol_koleso_pl|Doppelläufige niederländische Karabiner
itm_zakaz_2stwol_udar1|Doppelläufige Miquelet-Pistole
itm_zakaz_2stwol_udar1_pl|Doppelläufige Miquelet-Pistolen
itm_zakaz_2stwol_udar2|Doppelläufige niederländische Pistole
itm_zakaz_2stwol_udar2_pl|Doppelläufige niederländische Pistolen
itm_zakaz_karabin|Handgemachter Karabiner
itm_zakaz_karabin_pl|Handgemachte Karabiner
itm_zakaz_ewro_puha|Handgemachte europäische Muskete
itm_zakaz_ewro_puha_pl|Handgemachte europäische Musketen
itm_zakaz_turok_puha|Handgemachte türkische Muskete
itm_zakaz_turok_puha_pl|Handgemachte türkische Musketen
itm_zakaz_luk1|Handgemachter Bogen
itm_zakaz_luk1_pl|Handgemachte Bögen
itm_zakaz_luk2|Handgemachter Bogen
itm_zakaz_luk2_pl|Handgemachte Bögen
itm_zakaz_shield_s|Handgemachter Schild
itm_zakaz_shield_s_pl|Handgemachte Schilde
itm_zakaz_armet|Armet
itm_zakaz_armet_pl|Armet
itm_zakaz_greben|Handgemachter Husarenhelm
itm_zakaz_greben_pl|Handgemachte Husarenhelme
itm_zakaz_boyar|Handgemachter nobler Helm
itm_zakaz_boyar_pl|Handgemachte noble Helme
itm_zakaz_morion|Handgemachter Morion
itm_zakaz_morion_pl|Handgemachte Morions
itm_zakaz_reytar_b|Handgemachter Reiterhelm
itm_zakaz_reytar_b_pl|Handgemachte Reiterhelme
itm_zakaz_helm_tatar|Handgemachter Tatarenhelm
itm_zakaz_helm_tatar_pl|Handgemachte Tatarenhelme
itm_zakaz_panzer_shkura|Handgemachte Husarenrüstung
itm_zakaz_panzer_shkura_pl|Handgemachte Husarenrüstung
itm_zakaz_laty|Handgemachte Rüstung
itm_zakaz_laty_pl|Handgemachte Rüstung
itm_zakaz_black_lat|Handgemachte schwarze Rüstung
itm_zakaz_black_lat_pl|Handgemachte schwarze Rüstung
itm_zakaz_zertzalo|Handgemachte Spiegelrüstung
itm_zakaz_zertzalo_pl|Handgemachte Spiegelrüstung
itm_zakaz_ushman|Handgemachter Yuschman
itm_zakaz_ushman_pl|Handgemachte Yuschmane
itm_zakaz_sabla1|Handgemachter Säbel
itm_zakaz_sabla1_pl|Handgemachte Säbel
itm_zakaz_sabla2|Handgemachter Damaszenerstahl-Säbel
itm_zakaz_sabla2_pl|Handgemachte Damaszenerstahl-Säbel
itm_zakaz_spaga|Handgemachter Degen
itm_zakaz_spaga_pl|Handgemachte Degen
itm_zakaz_berd|Handgemachter Streitkolben
itm_zakaz_berd_pl|Handgemachte Streitkolben
itm_zakaz_palash|Handgemachtes Breitschwert
itm_zakaz_palash_pl|Handgemachte Breitschwerter
itm_zakaz_twohand|Handgemachtes Zweihandschwert
itm_zakaz_twohand_pl|Handgemachtes Zweihandschwert
itm_zakaz_chekan|Handgemachter Czekan
itm_zakaz_chekan_pl|Handgemachte Czekane
itm_hunting_bow|Jagdbogen
itm_hunting_bow_pl|Jagdbogen
itm_hunting_crossbow|Jagd-Armbrust
itm_hunting_crossbow_pl|Jagd-Armbrust
itm_light_crossbow|Leichte Armbrust
itm_light_crossbow_pl|Leichte Armbrust
itm_heavy_crossbow|Schwere Armbrust
itm_heavy_crossbow_pl|Schwere Armbrust
itm_torch|Fackel
itm_torch_pl|Fackel
itm_practice_bow_2|Übungsbogen
itm_practice_bow_2_pl|Übungsbogen
itm_practice_arrows_2|Übungspfeile
itm_practice_arrows_2_pl|Übungspfeile
itm_mail_boots_for_tableau|Kettenstiefel
itm_mail_boots_for_tableau_pl|Kettenstiefel
itm_steel_bolts_10|Stahlbolzen
itm_steel_bolts_10_pl|Stahlbolzen
itm_oim_qst_horse|Rassehengst
itm_oim_qst_horse_pl|Prachtpferd
itm_speshitsa|Absitzen
itm_speshitsa_pl|не должно переводится
itm_nichego|[Kein Gegenstand]
itm_nichego_pl|не должно переводится
itm_very_bad_horse|Arbeitspferd
itm_very_bad_horse_pl|Arbeitspferde
itm_bad_horse|Zugpferd
itm_bad_horse_pl|Zugpferde
itm_norm_horse|Reitpferd
itm_norm_horse_pl|Reitpferde
itm_good_horse|Steppenpferd
itm_good_horse_pl|Steppenpferde
itm_fast_horse|Rennpferd
itm_fast_horse_pl|Rennpferde
itm_tank_horse|Streitross
itm_tank_horse_pl|Streitrösser
itm_uber_horse|Reinrassiges Pferd
itm_uber_horse_pl|Reinrassige Pferde
itm_bad_arrows|Wertlose Pfeile
itm_bad_arrows_pl|Wertlose Pfeile
itm_norm_arrows|Pfeile
itm_norm_arrows_pl|Pfeile
itm_good_arrows|Gute Pfeile
itm_good_arrows_pl|Gute Pfeile
itm_bad_bullets|Wertlose Kugeln
itm_bad_bullets_pl|Wertlose Kugeln
itm_norm_bullets|Kugeln
itm_norm_bullets_pl|Kugeln
itm_good_bullets|Gute Kugeln
itm_good_bullets_pl|Gute Kugeln
itm_samopal_m|Arkebuse
itm_samopal_m_pl|Arkebuse
itm_samopal_m_melee|Arkebuse
itm_samopal_m_melee_pl|Arkebuse
itm_bad_pistol|Rostige Pistole
itm_bad_pistol_pl|Rostige Pistolen
itm_bad_pistol_melee|Rostige Pistole
itm_bad_pistol_melee_pl|Rostige Pistolen
itm_norm_pistol|Pistole
itm_norm_pistol_pl|Pistolen
itm_norm_pistol_melee|Pistole
itm_norm_pistol_melee_pl|Pistolen
itm_fast_pistol|Schnellfeuerpistole
itm_fast_pistol_pl|Schnellfeuerpistolen
itm_fast_pistol_melee|Schnellfeuerpistole
itm_fast_pistol_melee_pl|Schnellfeuerpistolen
itm_power_pistol|Langläufige Pistole
itm_power_pistol_pl|Langläufige Pistolen
itm_power_pistol_melee|Langläufige Pistole
itm_power_pistol_melee_pl|Langläufige Pistolen
itm_uber_pistol|Gute Pistole
itm_uber_pistol_pl|Gute Pistolen
itm_uber_pistol_melee|Gute Pistole
itm_uber_pistol_melee_pl|Gute Pistolen
itm_bad_karabin|Rostiger Karabiner
itm_bad_karabin_pl|Rostige Karabiner
itm_bad_karabin_melee|Rostiger Karabiner
itm_bad_karabin_melee_pl|Rostige Karabiner
itm_norm_karabin|Karabiner
itm_norm_karabin_pl|Karabiner
itm_norm_karabin_melee|Karabiner
itm_norm_karabin_melee_pl|Karabiner
itm_good_karabin|Guter Karabiner
itm_good_karabin_pl|Gute Karabiner
itm_good_karabin_melee|Guter Karabiner
itm_good_karabin_melee_pl|Gute Karabiner
itm_uber_karabin|Miquelet-Karabiner
itm_uber_karabin_pl|Miquelet-Karabiner
itm_uber_karabin_melee|Miquelet-Karabiner
itm_uber_karabin_melee_pl|Miquelet-Karabiner
itm_bad_musket|Rostige Muskete
itm_bad_musket_pl|Rostige Musketen
itm_bad_musket_melee|Rostige Muskete
itm_bad_musket_melee_pl|Rostige Musketen
itm_norm_musket|Muskete
itm_norm_musket_pl|Musketen
itm_norm_musket_melee|Muskete
itm_norm_musket_melee_pl|Musketen
itm_good_musket_m|Gute Muskete
itm_good_musket_m_pl|Gute Musketen
itm_good_musket_m_melee|Gute Muskete
itm_good_musket_m_melee_pl|Gute Musketen
itm_uber_mushket|Miquelet-Muskete
itm_uber_mushket_pl|Miquelet-Musketen
itm_uber_mushket_melee|Miquelet-Muskete
itm_uber_mushket_melee_pl|Miquelet-Musketen
itm_t_bad_musket|Rostige Muskete
itm_t_bad_musket_pl|Rostige Musketen
itm_t_bad_musket_melee|Rostige Muskete
itm_t_bad_musket_melee_pl|Rostige Musketen
itm_t_norm_musket|Muskete
itm_t_norm_musket_pl|Musketen
itm_t_norm_musket_melee|Muskete
itm_t_norm_musket_melee_pl|Musketen
itm_t_good_musket|Gute Muskete
itm_t_good_musket_pl|Gute Musketen
itm_t_good_musket_melee|Gute Muskete
itm_t_good_musket_melee_pl|Gute Musketen
itm_t_uber_musket|Miquelet-Muskete
itm_t_uber_musket_pl|Miquelet-Musketen
itm_t_uber_musket_melee|Miquelet-Muskete
itm_t_uber_musket_melee_pl|Miquelet-Musketen
itm_m_dwustwol_karabin|Doppelläufiger Karabiner
itm_m_dwustwol_karabin_pl|Doppelläufige Karabiner
itm_m_dwustwol_karabin_melee|Karabiner
itm_m_dwustwol_karabin_melee_pl|Karabiner
itm_m_dwustwol_pistol|Doppelläufige Pistole
itm_m_dwustwol_pistol_pl|Doppelläufige Pistolen
itm_m_dwustwol_pistol_melee|not to be translated
itm_m_dwustwol_pistol_melee_pl|not to be translated
itm_bad_luk|Jagdbogen
itm_bad_luk_pl|Jagdbögen
itm_norm_luk|Bogen
itm_norm_luk_pl|Bögen
itm_gud_luk|Mächtiger Bogen
itm_gud_luk_pl|Mächtige Bögen
itm_uber_luk|Kompositbogen
itm_uber_luk_pl|Kompositbögen
itm_bad_shield|Dünner Schild
itm_bad_shield_pl|Dünne Schilde
itm_norm_shield|Schild
itm_norm_shield_pl|Schilde
itm_good_shield|Dicker Schild
itm_good_shield_pl|Dicke Schilde
itm_stal_shield|Eisenschild
itm_stal_shield_pl|Eisenschilde
itm_uber_shield|Stahlschild
itm_uber_shield_pl|Stahlschilde
itm_bad_shpaga|Rostiges Schwert
itm_bad_shpaga_pl|Rostige Schwerter
itm_norm_shpaga|Schwert
itm_norm_shpaga_pl|Schwerter
itm_good_shpaga_m|Gutes Schwert
itm_good_shpaga_m_pl|Gute Schwerter
itm_bad_palash|Rostiges Breitschwert
itm_bad_palash_pl|Rostige Breitschwerter
itm_norm_palash|Breitschwert
itm_norm_palash_pl|Breitschwerter
itm_good_palash_m|Gutes Breitschwert
itm_good_palash_m_pl|Gute Breitschwerter
itm_bad_p_palash|Rostiges Breitschwert
itm_bad_p_palash_pl|Rostige Breitschwerter
itm_norm_p_palash|Breitschwert
itm_norm_p_palash_pl|Breitschwerter
itm_good_p_palash|Gutes Breitschwert
itm_good_p_palash_pl|Gute Breitschwerter
itm_bad_sablya_a|Gutes Breitschwert
itm_bad_sablya_a_pl|Gute Breitschwerter
itm_norm_sablya_a|Säbel
itm_norm_sablya_a_pl|Säbel
itm_good_sablya_a|Guter Säbel
itm_good_sablya_a_pl|Gute Säbel
itm_bad_sablya_b|Rostiger Säbel
itm_bad_sablya_b_pl|Rostige Säbel
itm_norm_sablya_b|Säbel
itm_norm_sablya_b_pl|Säbel
itm_good_sablya_b|Guter Säbel
itm_good_sablya_b_pl|Gute Säbel
itm_t_bad_sablya_a|Rostiger Säbel
itm_t_bad_sablya_a_pl|Rostige Säbel
itm_t_norm_sablya_a|Säbel
itm_t_norm_sablya_a_pl|Säbel
itm_t_good_sablya_a|Guter Säbel
itm_t_good_sablya_a_pl|Gute Säbel
itm_norn_k_shablya|Kosakensäbel
itm_norn_k_shablya_pl|Kosakensäbel
itm_good_k_shablya|Guter Kosakensäbel
itm_good_k_shablya_pl|Gute Kosakensäbel
itm_bad_toporik|Beil
itm_bad_toporik_pl|Beile
itm_good_toporik|Gutes Beil
itm_good_toporik_pl|Gute Beile
itm_bad_chekan|Tschekan
itm_bad_chekan_pl|Tschekani
itm_good_chekan|Guter Tschekan
itm_good_chekan_pl|Gute Tschekani
itm_bad_bulava|Streitkolben
itm_bad_bulava_pl|Streitkolben
itm_good_bulava|Guter Streitkolben
itm_good_bulava_pl|Gute Streitkolben
itm_bad_berdish|Streitaxt
itm_bad_berdish_pl|Streitäxte
itm_good_berdish|Doppel-Streitaxt
itm_good_berdish_pl|Doppel-Streitäxte
itm_m_sovnya|Sownya
itm_m_sovnya_pl|Sownyas
itm_m_alebarda|Hellebarde
itm_m_alebarda_pl|Hellebarden
itm_m_twohand_sword|Zweihandschwert
itm_m_twohand_sword_pl|Zweihandschwerter
itm_m_kleymor|Claymore
itm_m_kleymor_pl|Claymores
itm_bad_pike|Alte Pike
itm_bad_pike_pl|Alte Piken
itm_norm_pika|Pike
itm_norm_pika_pl|Piken
itm_good_pike_m|Doppelpike
itm_good_pike_m_pl|Doppelpiken
itm_bad_spear|Alter Speer
itm_bad_spear_pl|Alte Speere
itm_good_spear|Speer
itm_good_spear_pl|Speer
itm_bad_lance|Alte Lanze
itm_bad_lance_pl|Alte Lanze
itm_norm_lance|Lanze
itm_norm_lance_pl|Lanzen
itm_good_lance|Schwere Lanze
itm_good_lance_pl|Schwere Lanzen
itm_gusar_lance|Husarenlanze
itm_gusar_lance_pl|Husarenlanzen
itm_m_mosk_pehota_forma|Scharfschützenuniform
itm_m_mosk_pehota_forma_pl|Scharfschützenuniformen
itm_m_mosk_strelok_forma|Scharfschützenuniform
itm_m_mosk_strelok_forma_pl|Scharfschützenuniformen
itm_m_mosk_kava_forma|Breitgewebe
itm_m_mosk_kava_forma_pl|Breitgewebe
itm_m_mosk_bad_armor|Tegilai
itm_m_mosk_bad_armor_pl|Tegilai
itm_m_mosk_light_armor|Kurzer Bakhterets
itm_m_mosk_light_armor_pl|Kurze Bakhteretses
itm_m_mosk_norm_armor|Bakhterets
itm_m_mosk_norm_armor_pl|Bakhterets
itm_m_mosk_good_armor|Spiegelrüstung
itm_m_mosk_good_armor_pl|Spiegelrüstung
itm_m_mosk_notsogood_armor|Brigandine
itm_m_mosk_notsogood_armor_pl|Brigandines
itm_m_pol_pehota_forma|Pikenieruniform
itm_m_pol_pehota_forma_pl|Pikenieruniformen
itm_m_pol_strelok_forma|Musketieruniform
itm_m_pol_strelok_forma_pl|Musketieruniformen
itm_m_pol_kava_forma|Dragoneruniform
itm_m_pol_kava_forma_pl|Dragoneruniformen
itm_m_pol_light_armor|Panzerjacke
itm_m_pol_light_armor_pl|Panzerjacken
itm_m_pol_norm_armor|Kettenpanzer
itm_m_pol_norm_armor_pl|Kettenpanzer
itm_m_pol_good_k_armor|Panzerhemd
itm_m_pol_good_k_armor_pl|Panzerhemden
itm_m_pol_good_p_armor|Kürass
itm_m_pol_good_p_armor_pl|Kürasse
itm_m_pol_uber_p_armor|Rüstung
itm_m_pol_uber_p_armor_pl|Rüstung
itm_m_pol_uber_k_armor|Husarenrüstung mit Fell
itm_m_pol_uber_k_armor_pl|Husarenrüstungen mit Fell
itm_m_ukr_pehota_forma|Supan
itm_m_ukr_pehota_forma_pl|Supane
itm_m_ukr_strelok_forma|Supan
itm_m_ukr_strelok_forma_pl|Supane
itm_m_ukr_kava_forma|Supan
itm_m_ukr_kava_forma_pl|Supane
itm_m_ukr_bad_armor|Panzersupan
itm_m_ukr_bad_armor_pl|Panzersupane
itm_m_ukr_light_armor|Ledersupan
itm_m_ukr_light_armor_pl|Ledersupane
itm_m_ukr_norm_armor|Kettenpanzer
itm_m_ukr_norm_armor_pl|Kettenpanzer
itm_m_ukr_good_armor|Supan mit Kettenpanzer
itm_m_ukr_good_armor_pl|Supane mit Kettenpanzer
itm_m_ttr_archer_forma|Robe
itm_m_ttr_archer_forma_pl|Roben
itm_m_ttr_kava_forma|Robe
itm_m_ttr_kava_forma_pl|Roben
itm_m_ttr_bad_armor_a|Dicke Robe
itm_m_ttr_bad_armor_a_pl|Dicke Roben
itm_m_ttr_bad_armor_b|Dicke Robe
itm_m_ttr_bad_armor_b_pl|Dicke Roben
itm_m_ttr_light_armor_a|Stepprobe
itm_m_ttr_light_armor_a_pl|Stepproben
itm_m_ttr_light_armor_b|Stepprobe
itm_m_ttr_light_armor_b_pl|Stepproben
itm_m_ttr_norm_armor|Kettenpanzer
itm_m_ttr_norm_armor_pl|Kettenpanzer
itm_m_ttr_good_armor|Juschman
itm_m_ttr_good_armor_pl|Juschmanen
itm_m_swed_pehot_forma|Kleidung
itm_m_swed_pehot_forma_pl|Kleidung
itm_m_swed_strelok_forma|Musketieruniform
itm_m_swed_strelok_forma_pl|Musketieruniformen
itm_m_swed_kava_forma|Dragoneruniform
itm_m_swed_kava_forma_pl|Dragoneruniformen
itm_m_swed_light_armor|Lederkamisol
itm_m_swed_light_armor_pl|Lederkamisole
itm_m_swed_norm_armor|Halbkürass
itm_m_swed_norm_armor_pl|Halbkürasse
itm_m_swed_good_p_armor|Kürass
itm_m_swed_good_p_armor_pl|Kürasse
itm_m_swed_uber_p_armor|Halbrüstungen
itm_m_swed_uber_p_armor_pl|Halbrüstungen
itm_m_swed_good_k_armor|Reiter-Halbrüstungen
itm_m_swed_good_k_armor_pl|Reiter-Halbrüstungen
itm_m_swed_shapka|Hut
itm_m_swed_shapka_pl|Hüte
itm_m_swed_light_helmet|Rostiger Morion
itm_m_swed_light_helmet_pl|Rostige Morions
itm_m_swed_norm_p_helmet|Morion
itm_m_swed_norm_p_helmet_pl|Morions
itm_m_swed_good_k_helmet|Reiterhelm
itm_m_swed_good_k_helmet_pl|Reiterhelme
itm_m_swed_good_p_helmet|Armet
itm_m_swed_good_p_helmet_pl|Armet
itm_m_mosk_shapka|Hut
itm_m_mosk_shapka_pl|Hüte
itm_m_mosk_light_helmet|Papierhut
itm_m_mosk_light_helmet_pl|Papierhüte
itm_m_mosk_norm_helmet|Eisenhut
itm_m_mosk_norm_helmet_pl|Eisenhüte
itm_m_mosk_good_helmet|Kegelhut
itm_m_mosk_good_helmet_pl|Kegelhüte
itm_m_mosk_uber_helmet|Bojarenhelm
itm_m_mosk_uber_helmet_pl|Bojarenhelme
itm_m_pol_shapka|Hut
itm_m_pol_shapka_pl|Hüte
itm_m_pol_good_shapka|Hut
itm_m_pol_good_shapka_pl|Hüte
itm_m_pol_light_helmet|Misiurka
itm_m_pol_light_helmet_pl|Misiurkas
itm_m_pol_norm_helmet|Birnhelm
itm_m_pol_norm_helmet_pl|Birnhelme
itm_m_pol_good_helmet|Husarenhelm
itm_m_pol_good_helmet_pl|Husarenhelme
itm_m_pol_uber_helmet|Reiterhelm
itm_m_pol_uber_helmet_pl|Reiterhelme
itm_m_ukr_shapka|Hut
itm_m_ukr_shapka_pl|Hüte
itm_m_ukr_light_helmet|Misiurka
itm_m_ukr_light_helmet_pl|Misiurkas
itm_m_ukr_norm_helmet|Hut mit Misiurka
itm_m_ukr_norm_helmet_pl|Hüte mit Misiurka
itm_m_ttr_shapka|Hut
itm_m_ttr_shapka_pl|Hüte
itm_m_ttr_light_helmet|Misiurka
itm_m_ttr_light_helmet_pl|Misiurkas
itm_m_ttr_norm_helmet|Leichter Helm
itm_m_ttr_norm_helmet_pl|Leichte Helme
itm_m_ttr_good_helmet|Helm
itm_m_ttr_good_helmet_pl|Helme
itm_m_granata_small|Granate
itm_m_granata_small_pl|Granaten
itm_bad_gloves|Ramponierte Handschuhe
itm_bad_gloves_pl|Ramponierte Handschuhe
itm_norm_gloves|Lederhandschuhe
itm_norm_gloves_pl|Lederhandschuhe
itm_good_gloves|Pelzhandschuhe
itm_good_gloves_pl|Pelzhandschuhe
itm_uber_gloves|Gantelets
itm_uber_gloves_pl|Gantelets
itm_bad_boots|Dorfstiefel
itm_bad_boots_pl|Dorfstiefel
itm_bad_boots_mosk|Bastschuhe
itm_bad_boots_mosk_pl|Bastschuhe
itm_bad_boots_swed|Schuhe
itm_bad_boots_swed_pl|Schuhe
itm_bad_boots_k|Alte Kavalleriestiefel
itm_bad_boots_k_pl|Alte Kavalleriestiefel
itm_norm_boots_k|Kavalleriestiefel
itm_norm_boots_k_pl|Kavalleriestiefel
itm_good_boots_k|Gute Kavalleriestiefel
itm_good_boots_k_pl|Gute Kavalleriestiefel
itm_bad_boots_p|Alte Stiefel
itm_bad_boots_p_pl|Alte Stiefel
itm_norm_boots_p|Stiefel
itm_norm_boots_p_pl|Stiefel
itm_good_boots_p|Gute Stiefel
itm_good_boots_p_pl|Gute Stiefel
itm_bad_botforts|Alte Stulpenstiefel
itm_bad_botforts_pl|Alte Stulpenstiefel
itm_norm_botforts|Stulpenstiefel
itm_norm_botforts_pl|Stulpenstiefel
itm_good_botforts|Gute Stulpenstiefel
itm_good_botforts_pl|Gute Stulpenstiefel
itm_good_boots_ttr|Gute Stiefel
itm_good_boots_ttr_pl|Gute Stiefel
itm_noob_dubinka|Knüppel
itm_noob_dubinka_pl|Knüppel
itm_noob_toporik|Beil
itm_noob_toporik_pl|Beil
itm_m_janissar_hat|Janissarenhut
itm_m_janissar_hat_pl|Janissarenhüte
itm_m_yanichar_forma|Janissarenuniform
itm_m_yanichar_forma_pl|Janissarenuniformen
itm_m_janissary_tapki|Janissarenschuhe
itm_m_janissary_tapki_pl|Janissarenschuhe
itm_m_yatagan_bad|Yatagan
itm_m_yatagan_bad_pl|Yatagane
itm_m_yatagan_good|Damaszenerstahl-Yatagan
itm_m_yatagan_good_pl|Damaszenerstahl-Yatagane
itm_duel_sword|Duell Schwert
itm_duel_sword_pl|Duell Schwert
itm_items_end|Ende der Liste
itm_items_end_pl|Ende der Liste
