qstr_Next_Page|Page suivante
qstr_Game_Rules:^|Règles du jeu :^
qstr_Show_game_rules|Afficher les règles du jeu
qstr_Continue...|Continuer...
qstr_Candidate_#1:_{s1}|Candidat #1 : {s1}
qstr_Candidate_#2:_{s1}|Candidat #2 : {s1}
qstr_{s3}_of_{s4}_wishes_|{s3} de {s4} souhaite choisir un nouveau maréchal et a invité ses nobles au conseil. {s1} et {s2} sont les candidats potentiels.
qstr_Who_do_you_wish_to_s|À qui souhaitez-vous apporter votre aide ?
qstr_{s1}|{s1}
qstr_{s1}_gives_his_suppo|{s2} a reçu l'aide de {s1}.
qstr_Number_of_Supporters|Nombre de partisans : {reg0}
qstr_{s2}_has_heard_his_v|{s2} a tenu compte du conseil de ses nobles. Il nomme {s1} maréchal de {s3}.
qstr_Action|Action
qstr_Attack_Type|Type d'attaque
qstr_Stand_Ground|Défendez vos positions
qstr_Charge|Chargez
qstr_Follow_Me|Suivez-moi
qstr_Hold_This_Position|Tenez cette position
qstr_Spread_Out|Déployez-vous
qstr_Stand_Closer|Resserrez les rangs
qstr_Fall_Back|Repliez-vous
qstr_Advance|Avancez
qstr_Dismount|Descendez
qstr_Mount|Montez
qstr_Fire_At_Will|Feu à volonté
qstr_Use_Blunt_Weapons|Utilisez des armes contondantes
qstr_Use_Any_Weapon|Utilisez vos armes
qstr_Ready|Prêt(s)
qstr_Wounded|Blessé(s)
qstr_Dead|Mort(s)
qstr_Remain_in_retirement|Rester à la retraite.
qstr_Go_back_to_the_adven|Repartir à l'aventure.
qstr_You_have_retired_at_|Vous avez pris votre retraite au niveau {reg4} après {reg5} jours d'aventure.
qstr_Effect_on_Score|Effet sur le score
qstr_Settlements_owned_by|Vous vous êtes emparé de {reg0} territoires
qstr_Friendly_Settlements|{reg0} territoires alliés
qstr_Hostile_Settlements:|{reg0} territoires ennemis
qstr_Friendly_Lords:_{reg|{reg0} seigneurs alliés
qstr_Enemy_Lords:_{reg0}|{reg0} seigneurs ennemis
qstr_Victories:_{reg0}|{reg0} victoires
qstr_Defeats:_{reg0}|{reg0} défaites
qstr_Quests_Completed:_{r|Vous avez accompli {reg0} quêtes
qstr_Companions_Found:_{r|Vous avez trouvé {reg0} compagnons
qstr_Companions_Lost/Depa|Vous avez perdu {reg0} compagnons
qstr_Wealth:_{reg0}_denar|Richesse : {reg0} thalers
qstr_Inventory:_{reg0}_de|Inventaire : {reg0} thalers
qstr_Renown:_{reg0}|Renommée : {reg0}
qstr_Experience:_{reg0}|Expérience : {reg0}
qstr_Days_Passed:_{reg0}|Jours écoulés : {reg0}
qstr_Difficulty:_{reg0}%|Difficulté : {reg0} %
qstr_TOTAL_SCORE:_{reg0}|SCORE TOTAL : {reg0}
qstr_{s1}_of_{s3}_was_def|{s1} de {s3} a été vaincu au combat, mais est parvenu à s'enfuir.
qstr_DEBUG:_{s1}_no_longe|DEBUG : {s1} ne dirige plus de groupe.
qstr_DEBUG:_{s1}_is_no_lo|DEBUG : {s1} n'est plus prisonnier.
qstr_DEBUG:_{s1}_is_now_a|DEBUG : {s1} est fait prisonnier par le joueur.
qstr_DEBUG:_{s1}_is_now_a_|DEBUG : {s1} est fait prisonnier par {s2}.
qstr_{s54}_is_a_claimant_|{s54} est un prétendant au trône de {s56}.
qstr_nowhere|aucun
qstr_{s57}_and_{s58}|{s57} et {s58}
qstr_{s57}_{s58}|{s57}, {s58}
qstr_{reg3?She:He}|{reg3?Elle:Il}
qstr_^{s59}|^{s59}
qstr_{reg6?:{reg4?{s54}_i|{reg6?:{reg4?{s54} est le souverain de {s56}.^:{s54} est le sujet de {s55} de {s56}.^}}Renommée : {reg5}.^{reg9?{reg3?Elle:Il} est {reg3?la souveraine:le souverain} de {s58}.:{reg3?Elle:Il} n'a pas de fief.}{s59}
qstr_The_town_of_{s50}|Le bourg de {s50}
qstr_The_village_of_{s50}|Le village de {s50} près de {s52}
qstr_{s51}_belongs_to_{s1|{s51} appartient au {s1} du {s2}.^
qstr_{s7}_and_{s8}|{s7} et {s8}
qstr_{s2}It_has_no_villag|{s2}Il ne possède pas de villages.^
qstr_{s2}{reg0?Its_villag|{s2}{reg0?Ses villages sont:Son village est} {s8}.^
qstr_{s2}Its_prosperity_i|{s2}Sa prospérité est : {s50}
qstr_{s7}_{s8}|{s7}, {s8}
qstr_noone|aucun
qstr_{s9}_and_{s10}|{s9} et {s10}
qstr_{s9}_{s10}|{s9}, {s10}
qstr_{s11}_and_{s12}|{s11} et {s12}
qstr_{s11}_{s12}|{s11}, {s12}
qstr_{s5}_is_ruled_by_{s6|{s5} est dirigé par {s6}.^Il occupe {s8}.^Ses sujets sont {s10}.^Ses ennemis sont {s12}.
qstr_{s5}_has_been_defeat|{s5} a été vaincu !
qstr_{s7}_opened_the_gate|{s7} a ouvert la porte
qstr_{s7}_closed_the_gate|{s7} a fermé la porte
qstr_+{reg1}_to_party_mor|+{reg1} au moral du groupe
qstr_Requires_{reg1}_inte|Requiert {reg1} en intelligence pour être lu
qstr_Reading_Progress:_{r|Progression de la lecture : {reg1} %
qstr_wound_treament|soins des blessures
qstr_trainer|mentor
qstr_surgery|chirurgie
qstr_+1_to_{s1}_while_in_|+1 à la compétence {s1} si dans l'inventaire
qstr_{s2}|{s2}
qstr_Base_damage_radius:_|Rayon de la déflagration : {reg1} pas. Rayon des dégâts : {reg2} pas.
qstr_Move_here|Aller ici
qstr_View_notes|Voir les notes
qstr_killed|Tué(s)
qstr_wounded|Blessé(s)
qstr_{s0}^TOTAL:_{reg3}__|{s0}^TOTAL : {reg3}. {s2}
qstr_None|Non disponible
qstr_^None|^Aucune
qstr_nothing|aucun
qstr_{reg0}_village{reg1?|{reg0} village{reg1?s:}
qstr_{reg0}_castle{reg1?s|{reg0} forteresse{reg1?s:}
qstr_{reg0}_castle{reg1?s:|{reg0} forteresse{reg1?s:} et {s0}
qstr_{reg0}_town{reg1?s:}|{reg0} bourg{reg1?s:}
qstr_{reg0}_town{reg1?s:}_|{reg0} bourg{reg1?s:} et {s0}
qstr_{reg0}_town{reg1?s:}_{|{reg0} bourg{reg1?s:}, {s0}
qstr_Your_opponents_are_r|Vos adversaires sont prêts au combat.
qstr_Try_to_destroy_as_ma|Tentez d'abattre autant de cibles que possible. Vous disposez de deux minutes et trente secondes pour nettoyer la zone.
qstr_Stay_behind_the_line|Restez derrière la ligne au sol et tirez sur les cibles. Veillez à ne pas gâcher de munitions.
qstr_Battle_Advantage_=_{|Avantage de combat = {reg0}.
qstr_{s9}_wants_you_to_re|{s9} veut que vous suiviez son armée jusqu'à nouvel ordre.
qstr_OIM_add__{s3}_prosil|Votre premier ordre de la part de {s3} est de conquérir une ville.
qstr__Being_Raided_|Attaqué
qstr__Looted_|Pillé
qstr__Under_Siege_|Assiégé
qstr_The_village_of_{s1}_|Le village de {s1} a été pillé par {s2}.
qstr_{s3}_is_no_longer_un|{s3} n'est plus assiégé.
qstr_Enemies_spotted_near|Des ennemis ont été repérés vers {s1}.
qstr_{s1}_has_been_besieg|{s1} a été assiégé par {s2} du {s3}.
qstr_{s1}_is_chosen_as_th|{s1} est nommé maréchal de {s2}.
qstr_{s1}_is_the_new_mars|{s1} est le nouveau maréchal de {s2}.
qstr_{s1}_decided_to_do_n|{s1} a décidé de ne rien faire.
qstr_{s1}_decided_to_gath|{s1} a décidé de rassembler une armée.
qstr_{s1}_decided_to_besi|{s1} a décidé d'assiéger {s2}.
qstr_{s1}_decided_to_raid|{s1}a décidé de mener un assaut contre {s2}.
qstr_{s1}_decided_to_atta|{s1} a décidé d'attaquer {s2}.
qstr_{s1}_decided_to_attac|{s1} a décidé d'attaquer tout ennemi aux alentours de {s2}.
qstr_You_gained_{reg12}_r|Votre renommée a augmenté de {reg12}.
qstr_You_lose_{reg12}_ren|Votre renommée a diminué de {reg12}.
qstr_Your_relation_with_{|Vos relations avec {s1} se sont améliorées.
qstr_Your_relation_with_{s|Vos relations avec {s1} se sont détériorées.
qstr_You_gain_honour.|Vous gagnez de l'honneur.
qstr_You_lose_honour.|Vous perdez de l'honneur.
qstr_{s1}_has_declared_wa|{s1} a déclaré la guerre au {s2}.
qstr_{s1}_and_{s2}_have_m|{s1} et {s2} ont fait la paix.
qstr_{s2}_{reg3?was:is_cu|Le {s2} {reg3?était:est actuellement} à {s3}.
qstr_{s2}_{reg3?was:is}_t|Le {s2} {reg3?était:est} en route pour {s3} et {reg4?elle:il} {reg3?était:devrait être} près de {s4}{reg3?: en ce moment}.
qstr_{s2}_{reg3?was:is}_i|{s2} {reg3?était:est} en chemin et {reg4?elle:il} {reg3?était:devrait être} près de {s3}{reg3?: en ce moment}.
qstr_{s2}_{reg3?was:is}_b|{s2} {reg3?était:est} retenu prisonnier à {s3}.
qstr_{s2}_{reg3?was:has_b|{s2} {reg3?était:est} retenu prisonnier par ses ennemis.
qstr_{reg3?{s2}_s_locatio|{reg3?On ignorait où se trouvait {s2}:Je ne sais pas où est {s2}}.
qstr_{s6}_has_joined_your|{s6} a rejoint votre groupe
qstr_You_now_owe_{reg2}_d|Vous avez maintenant une dette de {reg2} thalers envers {s1}.
qstr_Renown_value_for_thi|La valeur de renommée associée à cette bataille est de {reg8}.
qstr_You_have_run_into_a_|Vous vous êtes précipité dans un piège !
qstr_You_are_attacked_by_|Vous êtes attaqué par un groupe de bandits !
qstr_Holding|Tenir la position
qstr_Following|Suivre
qstr_Charging|Charger
qstr_Advancing|Avancer
qstr_Falling_Back|Se replier
qstr_Standing_Closer|Resserrer les rangs
qstr_Spreading_Out|Se déployer
qstr_Standing|Défendre la position
qstr_N/A|N/A
qstr_Any_Weapon|Toutes les armes
qstr_Blunt_Weapons|Armes contondantes
qstr_{s1}_Rebels|{s1} (rebelles)
qstr_Given_by:_{s62}|Donnée par : {s62}
qstr_Given_on:_{s60}|Donnée le : {s60}
qstr_You_have_{reg0}_days|Il vous reste {reg0} jour(s) pour finir cette quête.
qstr_This_quest_has_been_|Quête accomplie. Parlez à {s59} pour la terminer.
qstr_This_quest_has_been_s|Quête accomplie. Parlez à {s59} pour recevoir votre récompense.
qstr_This_quest_has_faile|Cette quête a échoué. Parlez à {s59} pour lui expliquer la situation.
qstr_At_the_time_quest_wa|Au moment où la quête a été donnée, {s1}
qstr_{s1}_is_infested_by_|{s1} subit une attaque de bandits.
qstr_{s5}_has_a_strength_|Le {s5} dispose d'une force comptant {reg1} hommes au total.
qstr_The_last_time_you_sa|La dernière fois que vous l'avez {reg1?vue:vu}, {s1}
qstr_The_last_time_you_he|La dernière fois que vous avez entendu parler {reg1?d'elle:de lui}, {s1}
qstr_{s50}|{s50}
qstr_Current_garrison_con|La garnison est constituée de {reg5} hommes.^Elle possède des vivres pour {reg6} jours.
qstr_Very_Poor|Très pauvre
qstr_Poor|Pauvre
qstr_Average|Moyenne
qstr_Rich|Riche
qstr_Very_Rich|Très Riche
qstr_Manor|Domaine
qstr_A_manor_lets_you_res|Un domaine vous permet de vous reposer au village et de réduire de moitié les soldes de vos troupes pendant que vous vous reposez.
qstr_Mill|Moulin
qstr_A_mill_increases_vil|Un moulin augmente la prospérité d'un village de 5 %.
qstr_Watch_Tower|Tour de guet
qstr_A_watch_tower_lets_t|Une tour de guet permet aux villageois de sonner l'alarme plus rapidement. Le temps que les ennemis mettront à piller le village est augmenté de 25 %.
qstr_School|École
qstr_A_shool_increases_th|Une école augmente la loyauté des villageois envers vous de 1 chaque mois.
qstr_Messenger_Post|Poste de messagers
qstr_A_messenger_post_let|Un poste de messagers permet aux habitants de vous envoyer une missive chaque fois que des ennemis sont à proximité, même si vous vous trouvez très loin du village.
qstr_Prison_Tower|Prison fortifiée
qstr_A_prison_tower_reduc|Une prison fortifiée réduit les chances que les prisonniers qui y sont retenus réussissent à s'enfuir.
qstr_Prosperity_of_{s2}_h|La prospérité de {s2} est passée de {s3} à {s4}.
qstr_{s4}_looks_upset.|{s4} semble mécontent.
qstr_OiM_You_ve_lost_your|Vous avez perdu votre cheval.
qstr_oim_potop_negative_e|En l'an de grâce 1655, le roi de Pologne fit dissoudre le Sejm, c'est-à-dire le Parlement, et s'autoproclama tsar à la manière du souverain de Moscou. Cependant, la félonne aristocratie ne pouvait le tolérer et, rapidement, la révolte s'empara de l'ensemble des terres de la Grande Pologne, ainsi que de la Lituanie, la Ruthénie et l'Ukraine. Afin de tenter d'endiguer la rébellion grandissante, le roi engagea des Landsknechts allemands comme mercenaires. ^Très vite, toute l'Union de Pologne-Lituanie se consuma sous les flammes de la guerre comme du bois sec. Quant à Jean Casimir, le prétendu tsar, après avoir perdu la loyauté du peuple et de l'aristocratie, il abdiqua et prit la fuite, accompagné de son dernier commandant, un seigneur de guerre de basse extraction du nom de {playername}. À la frontière entre la Massovie et la Prusse, ils tombèrent dans une embuscade tendue par un groupe de bandits, un danger assez commun à cette époque. Le roi et ses compagnons furent tués et personne n'a jamais découvert où se trouvaient leurs dépouilles.^Zenon Petretsky, "Histoire de la République de Pologne" (1855).
qstr_your_party|votre groupe
qstr_{reg0?One_of_your_pr|{reg0?L'un de vos prisonniers, :}{s1} du {s3}, a réussi à s'échapper !
qstr_You_brought_{reg3}_h|Vous avez conduit {reg3} tête(s) de bétail à {s1}.
qstr_I_heard_that_there_w|J'ai entendu dire qu'il y aurait bientôt un tournoi à {s62}.
qstr_I_heard_that_one_can|Il paraît qu'on peut acheter {s62} à très bon prix à {s63}.
qstr_I_heard_that_they_pa|J'ai entendu dire que {s62} se revendait très cher à {s63}.
qstr_Log_entry_{reg3}:_ty|Entrée du journal {reg3} : type {reg4}
qstr_Center:_{s4}|Centre : {s4}
qstr_Troop:_{s4}|Troupe : {s4}
qstr_Lord:_{s4}|Seigneur : {s4}
qstr_Ally_party_is_presen|Le groupe allié est présent
qstr_{s4}_is_present_at_e|{s4} est présent pour l'événement.
qstr_Event_#{reg5}_type_{|Événement #{reg5}, type {reg6}, temps {reg8} : relations de la nation du joueur avec les troupes = {reg7}
qstr_Event_#{reg5}_type_{r|Événement #{reg5}, type {reg6}, temps {reg8} : relations de la nation du joueur avec le centre de la nation visée = {reg7}
qstr_Event_#{reg5}_type_{re|Événement #{reg5}, type {reg6}, temps {reg8} : relations de la nation du joueur avec la nation visée = {reg7}
qstr_Event_#{reg5}_type_{reg|Événement #{reg5}, type {reg6}, temps {reg8}. Pas de relation pertinente avec cette nation.
qstr_Event_#{reg5}_type_{reg6|Événement #{reg5}, type {reg6}, temps {reg8}. Joueur non-affilié
qstr_Elapsed_hours:_{reg7|Heures écoulées : {reg7}
qstr_Reputation_type:_{s1|Réputation : {s15}
qstr_Entries_up_to_#{reg5|Entrées jusqu'à #{reg5} non affichées
qstr__{reg6}_dinarov_|({reg6} thalers)
qstr__{s20}_{s22}_{s5}| {s20}, {s22} {s5}
qstr_{s0}___{reg1}|{s0} - {reg1}
qstr__^not_drunk|^^[Sobre]
qstr__^slightly_drinken|^^[Éméché]
qstr__^quite_drunk|^^[Soûl]
qstr__^cant_say_few_words|^^[Ivre mort]
qstr_V_otryade_nachalas_e|Vos hommes souffrent de {s0}. Afin de guérir, vos soldats devraient se reposer à la taverne et manger un bon repas. Il serait également préférable qu'un médecin les voie.
qstr_{s0}|{s0}
qstr_{s50}_i_{s0}|{s50} et {s0}
qstr_v_otryade_nachalas_e|Vos hommes souffrent de {s0}. Afin de guérir, vos soldats devraient se reposer à la taverne et manger un bon repas. Il serait également préférable qu'un médecin les voie.
qstr_v_otryade_nachalis_e|Vos hommes souffrent de {s50}
qstr_{s2}_{reg3?was:is}_in|{s2} {reg3?était:est} dans la nature et {reg4?elle:il} {reg3?se trouvait:devrait être} près de {s3}{reg3?: en ce moment même}.
qstr_Player:_v_gorode_{s3|Joueur : {s31} sera bientôt fait à {s30}.
qstr_{s0}_{s2}|{s0}, {s2}
qstr_V_gorode_{s30}_zaver|{s31} est à {s30}.
qstr_Glava|Maire
qstr_tax:_{reg3}|taxes : {reg3}
qstr__{s2}_stud:_{reg0}| {s2} stud : {reg0}
qstr_depozita|Dépôt
qstr_kredita|Crédit
qstr_Zdes_vi_mozhete_zaka|Ici, vous pouvez commander d'excellentes armes.
qstr_Zdes_vi_mozhete_zakaz|Ici, vous pouvez commander une excellente armure.
qstr_Vash_zakaz_esche_ne_|Votre commande n'est pas encore prête.
qstr_Vi_esche_ne_zabrali_|Vous n'avez pas encore récupéré votre commande précédente !
qstr_Za_mir_nuzhno_budet_|Nous sommes prêts à faire la paix si vous nous donnez {s5}.
qstr_Za_mir_nuzhno_budet_o|Je suis prêt à faire la paix si vous me donnez {s5} et {s2}.
qstr_Uchitivaya_silu_vash|Nous avons un grand respect pour la puissance de vos armes. Nous sommes prêts à faire la paix.
qstr_Za_mir_vam_nuzhno_bu|Nous sommes prêts à faire la paix contre une maigre contribution de {reg1} thalers.
qstr_^{s20}_{s21}|^{s20} {s21}
qstr_gorode|ville
qstr_zamke|forteresse
qstr_sele|village
qstr_V_{s22}_hodyat_sluhi|Une rumeur circule dans {s22} : {s21}
qstr_V_etom_{s22}_nichego|Rien d'intéressant n'est arrivé à {s22}.
qstr_{s3}_{reg1}_|{s3}({reg1})
qstr_{s4}_{s3}_{reg1}_|{s4}, {s3}({reg1})
qstr_Party_has_nothing_to|Votre groupe est affamé !
qstr_{s31}|{s31}
qstr__{s32}| {s32}
qstr__| 
qstr_Cannot_leave_now.|Vous ne pouvez pas partir maintenant.
qstr_You_must_stay_behind|Vous devez rester derrière la ligne au sol ! Le point n'est pas comptabilisé.
qstr_You_run_away_from_th|Vous avez fui le champ de bataille.
qstr_You_came_into_the_wo|Vous êtes venu{reg3?e:} au monde en tant que {reg3?fille:fils} d'une famille de nobles sur le déclin, ne possédant plus que la maison dans laquelle ils vivaient. Malgré cela et en dépit des épreuves qu'elle endurait, votre famille vous a offert une éducation de qualité et vous a préparé{reg3?e:} très tôt à affronter la rigidité aristocratique et la vie à la cour.
qstr_You_were_born_the_{r|Vous êtes né{reg3?e:} {reg3?fille:fils} de marchands itinérants, migrant sans cesse d'un lieu à l'autre en quête de profit. Vos parents furent plus aisés que la moyenne et ils vous éduquèrent du mieux qu'ils le purent, mais vous n'avez eu que peu d'occasions de vous faire des amis en arpentant les routes, consacrant le plus clair de votre temps à faire du négoce avec les personnes que vous croisiez.
qstr_As_a_child_your_fami|Enfant, votre famille s'en sortait tant bien que mal avec la maigre solde que touchait votre père, travaillant alors comme garde pour un seigneur de la région. Vous n'avez pas mené une existence facile, trop pauvre pour recevoir ne serait-ce qu'une éducation. C'est pour ainsi dire la rue qui vous a appris à vous défendre, à mains nues mais également avec une arme.
qstr_{reg3?daughter:son}|{reg3?fille:fils}
qstr_You_were_the_{reg3?d|Vous êtes {reg3?la fille:le fils} d'une famille qui vivait de ce que les bois pouvaient lui offrir. Vos parents faisaient le nécessaire pour joindre les deux bouts : chasse, coupe du bois, fabrication de flèches et même braconnage de temps à autres en période de vaches maigres. L'hiver n'a jamais été une saison favorable pour votre famille en raison du froid, qui emportait aussi bien les animaux que les hommes. Cependant, vous avez toujours pu survivre d'année en année. Vos frères et sœurs, quant à eux, n'eurent pas tous la même chance.
qstr_You_were_a_child_of_|Vous êtes un{reg3?e:} enfant de la steppe, né{reg3?e:} parmi une tribu de nomades parcourant les plaines arides qu'ils parsemaient de camps imposants. Comme les autres membres de la tribu, votre famille traitait les chevaux avec le plus grand respect et ils vous apprirent à les monter alors que vous saviez à peine marcher. 
qstr_As_the_{reg3?daughte|En tant que {reg3?fille:fils} de voleur, vous n'avez guère reçu d'enseignement. Vous avez passé votre enfance dans la rue, vous sortiez dans la rue, d'abord mendiant et quémandant, puis apprenant à soulager les bourses et plus tard, à crocheter les serrures. Ces longues années vous ont néanmoins rendu débrouillard{reg3?e:} et vous ont familiarisé{reg3?e:} avec les secrets de la ville et ses coins sombres.
qstr_As_a_{reg3?girl:boy}|{reg3?Adolescente:Adolescent}, on vous envoya vivre à la cour d'un noble de la région. Là-bas vos premières leçons de vie vous enseignèrent l'humilité, en servant les seigneurs et les dames du logis. Mais par le biais de leurs parties d'échec, leurs commérages et même le récit de leurs exploits et de leurs amours courtoises, vous avez rapidement commencé à comprendre le monde des adultes, fait de conflits et de compétitions. Vous avez également découvert la brutalité des jeux auxquels s'adonnaient les autres enfants, consistant à se battre mutuellement avec des bâtons à l'image des épées de leurs aînés.
qstr_As_a_{reg3?girl:boy}_|{reg3?Adolescente:Adolescent}, vous avez commencé un apprentissage chez un artisan de la région en vue d'apprendre une profession. Après des années de dur labeur sous les ordres de votre nouveau maître, il vous promut compagnon et vous employa comme artisan à part entière pour aussi longtemps que vous le souhaiteriez.
qstr_As_a_{reg3?girl:boy}_g|{reg3?Adolescente:Adolescent}, vous avez commencé un apprentissage chez un riche marchand, apprenant le métier au fil des ans en travaillant dans des boutiques ou en conduisant des convois. Vous avez rapidement maîtrisé l'art d'acheter à bas prix pour revendre au prix fort, tout en laissant croire à vos clients qu'ils avaient fait une bonne affaire.
qstr_As_a_{reg3?girl:boy}_gr|{reg3?Adolescente:Adolescent}, vous vous réfugiez dans les rues, survivant comme vous le pouviez. Mendicité, vol... Vous travailliez même avec des bandes pour gagner votre pain, vivant au jour le jour dans ce monde de violence, mais toujours avec une longueur d'avance sur les autorités et les personnes mal intentionnées à votre égard.
qstr_As_a_{reg3?girl:boy}_gro|{reg3?Adolescente:Adolescent}, vous chevauchiez dans les immenses plaines sur votre propre cheval, apprenant à dompter ces étendues sauvages et désertiques. Quoiqu'ayant parfois été en proie à la faim, vous êtes devenu{reg3?e une chasseuse: un chasseur} particulièrement habile et doué{reg3?e:} pour retrouver votre chemin dans ces contrées sans repères.  Votre musculature commença à se développer et votre corps à s'endurcir alors que vous entriez peu à peu dans la vie de nomade.
qstr_{reg3?daughter:man}|{reg3?femme:homme}
qstr_Though_the_distincti|Le temps a passé et a fait de vous {reg3?une femme:un homme}. Vous avez eu l'impression que le monde qui vous entourait changeait complétement. Lorsque l'on vous a nommé{reg3?e:} écuy{reg3?ère:er} d'un noble à la cour, vous vous êtes entraîné{reg3?e:} au maniement des armes de longues heures durant, apprenant aussi bien à distribuer qu'à recevoir les coups. On vous enseigna le respect envers votre seigneur ainsi que vos devoirs envers ceux qui, un jour, pourraient être vos vassaux. On vous inculqua les idéaux de la chevalerie et on vous enseigna également certains aspects moins reluisants (de vieilles histoires guerrières contant les rapports de force politiques impitoyables, les traîtrises et les usurpations d'hommes qui firent usage autant de la fourberie que de la vaillance pour arriver à leurs fins).
qstr_{reg3?woman:man}|{reg3?femme:homme}
qstr_Though_the_distinctio|Bien que cette distinction vous parut soudaine, la vie avait fait de vous un{reg3?e femme: homme}. Le monde qui vous entourait vous paraissait complètement différent. Vous avez rejoint le cercle très fermé des femmes de la cour : des dames qui ne s'autorisaient aucun écart de féminité, les épouses et les maîtresses de nobles, de même que les demoiselles qui cherchaient à se marier. Cependant, même ici il était question de politique quand vous travailliez, les dames de la cour complotant pour leurs intérêts et se disputant âprement les égards des hommes célibataires en vue à la cour. Vous avez très vite appris à tourner ces situations et ces manigances à votre avantage. C'est à ce moment-là que vous avez pris conscience que vous pouviez exercer une grande influence sur le monde, si seulement vous vous appliquiez à être un tant soit peu subtile.
qstr_Though_the_distinction|Le temps a passé et a fait de vous {reg3?une femme:un homme}. Vous avez eu l'impression que le monde qui vous entourait changeait complètement. Vous partiez à l'aventure, votre instrument sanglé à votre dos et votre voix pour seules possessions. Vous meniez une existence miséreuse et n'aviez pas de quoi vous nourrir tous les soirs, surtout quand votre public n'appréciait pas votre façon de jouer. Vous avez tout de même réussi à survivre par votre seule musique. Au fil des ans, vous êtes devenu{reg3?e:} un{reg3?e:} habitué{reg3?e:} des tavernes, divertissant les foules ivres et passant maître en l'air de dissuader ou encourager les gens.
qstr_Though_the_distinction_|Bien que cette distinction vous parût soudaine, la vie avait fait de vous {reg3?une femme:un homme}. Le monde qui vous entourait vous paraissait complètement différent. Vous vous trouviez dans l'université d'une grande ville où vous avez étudié la théologie, la philosophie et la médecine. Cependant, votre enseignement ne se limitait pas aux amphithéâtres. Il arrivait que vous vous joigniez à vos camarades, errant dans les ruelles en quête de vin, de femmes et de bonnes bagarres. Néanmoins, il vous arrivait aussi d'assister à des scènes de bris de mâchoires ou de constater qu'on pouvait persuader un citadin furieux de déposer les armes et d'accepter la destruction de sa boutique en contrepartie d'une compensation pécuniaire.
qstr_Though_the_distinction_f|Bien que cette distinction vous parût soudaine, la vie avait fait de vous un{reg3?e femme: homme}. Le monde qui vous entourait vous paraissait complètement différent. Entendant l'appel de la route qui s'ouvrait devant vous, vous avez voyagé de villages en villages, achetant et vendant ce que vous pouviez. Vous ne meniez pas une existence particulièrement prospère, mais vous étiez passé maître en l'art d'escroquer même les plus indécrottables avares. Très vite, il vous apparut clair que seriez dans une position favorable pour commencer à bâtir votre propre empire commercial...
qstr_Though_the_distinction_fe|Bien que cette distinction vous parût soudaine, la vie avait fait de vous un{reg3?e femme: homme}. Le monde qui vous entourait vous paraissait complètement différent. Vous poursuiviez une carrière de forgeron{reg3?ne:}, confectionnant des objets aussi beaux qu'utiles à partir de simples métaux. La vie suivait son cours et vous étiez peu à peu en train de devenir une sommité dans la profession, la qualité de vos services commençant à vous rapporter gros. Le ventre plein et du travail sur les bras, vous pouviez vous sentir fi{reg3?ère:er} du travail accompli et de votre réputation grandissante.
qstr_Though_the_distinction_fel|Bien que cette distinction vous parût soudaine, la vie avait fait de vous un{reg3?e femme: homme}. Le monde qui vous entourait vous paraissait complètement différent. La lutte désespérée des gens ordinaires pour leur subsistance ne vous contentait guère, c'est pourquoi vous avez investi les forêts du seigneur de la région, profitant de ses ressources abondantes sans vraiment vous soucier des lois en vigueur. Vous chassiez les cerfs, les sangliers et les oies pour revendre leur précieuse chair sous le manteau. Vous abattiez des arbres au nez et à la barbe des guetteurs pour les transformer en bois de chauffage et ainsi permettre à de nombreux foyers en proie aux froideurs hivernales de se chauffer. Tout cela contre une maigre somme d'argent, bien sûr.
qstr_Only_you_know_exactl|Vous seul{reg3?e:} connaissez les vraies raisons qui vous ont poussé{reg3?e:} à abandonner votre ancienne vie pour partir à l'aventure. Néanmoins, le choix ne fut pas difficile, votre cœur étant consumé par une colère ardente. Vous avez soif de vengeance. Vous avez soif de justice. Ce que vous avez subi ne peut être oublié et seul le sang saura étancher votre soif...
qstr_Only_you_know_exactly|Vous seul{reg3?e:} connaissez les vraies raisons qui vous ont poussé{reg3?e:} à abandonner votre ancienne vie pour partir à l'aventure. Tout ce que vous pouvez dire, c'est que vous ne supportiez plus de rester dans ces lieux hantés par les souvenirs d'êtres tant aimés et tant regrettés. Peut-être que votre nouvelle vie vous permettrait d'oublier le passé ou d'honorer un nom que vous n'osez plus prononcer...
qstr_Only_you_know_exactly_|Vous seul{reg3?e:} connaissez les vraies raisons qui vous ont poussé{reg3?e:} à abandonner votre ancienne vie pour partir à l'aventure. Vous ne savez plus depuis quand votre maison est devenue votre prison, depuis quand le trivial a remplacé le familier, mais vos rêves d'aventures ont pris le contrôle de votre vie. Qu'il s'agisse de lointaines contrées ou même simplement de prendre la route et de voyager librement, vous vous languissiez au point de ne plus pouvoir supporter de rester au même endroit. Vous êtes parti{reg3?e:} sans même vous retourner...
qstr_Only_you_know_exactly_w|Vous seul{reg3?e:} connaissez les vraies raisons qui vous ont poussé{reg3?e:} à abandonner votre ancienne vie pour partir à l'aventure. Cependant, vous savez que vous ne pouvez pas faire marche arrière. Il n'existe pas d'endroit où vous puissiez revenir. Votre vie d'antan n'est plus. Désormais, vous devrez affronter par vous-même le monde dans son immensité, solitaire dans l'échec comme dans la gloire...
qstr_Only_you_know_exactly_wh|Vous seul{reg3?e:} connaissez les vraies raisons qui vous ont poussé{reg3?e:} à abandonner votre ancienne vie pour partir à l'aventure. Aux yeux de tous, seul compte votre intérêt personnel. Vous voulez tout : la richesse, le pouvoir et les honneurs. Vous voulez que l'on s'empresse de vous obéir, que l'on connaisse votre nom et que l'on tremble rien qu'en le prononçant. Vous voulez tout, et rien ne vous arrêtera...
qstr_Back_to_the_beginnin|Revenir au commencement...
qstr_View_next_segment...|Voir le paragraphe suivant...
qstr___|-
qstr__+|+
qstr_^No_food:___{reg7}|^Pas de nourriture :  -{reg7}
qstr_^Wage_debt:___{reg6}|^Dettes de solde :  -{reg6}
qstr_Current_party_morale|Le moral actuel du groupe est {reg5}.^^Les facteurs influant actuellement sur le moral du groupe sont :^^Moral de base : +50^Taille du groupe : {s2}{reg1}^Sens du commandement : {s3}{reg2}^Variété de la nourriture : {s4}{reg3}{s5}{s6}^Événements récents : {s7}{reg4}^TOTAL :  {reg5}
qstr_Defending|En train de défendre
qstr_Gathering_army|En train de lever une armée
qstr_Besieging_{s11}|En train d'assiéger {s11}
qstr_Raiding_{s11}|En train de mener une attaque contre {s11}
qstr_Attacking_enemies_ar|En train d'attaquer des ennemis aux alentours de {s11}
qstr_No_one|Aucun
qstr_{s9}{s10}^Current_st|{s9}{s10}^État actuel : {s11}^Maréchal : {s12}^Depuis la dernière offensive : {reg1} heures^Nombre maximum de partisans pendant l'offensive : {reg2}^^
qstr_Selected_faction_is:|La faction sélectionnée est : {s10}^^{s9}
qstr_You_are_currently_re|Vous lisez actuellement {s8}.
qstr_You_are_not_reading_|Vous ne lisez aucun livre en ce moment.
qstr_none|aucun
qstr_{s5}_and_{s6}|{s5} et {s6}
qstr_{s5}_{s6}|{s5}, {s6}
qstr_Renown:_{reg2}.^Hono|Renommée : {reg2}.^Rang d'honneur : {reg3}.^Amis : {s8}.^Ennemis : {s6}.^{s9}
qstr_Your_estates_are:_{s|Vos fiefs sont : {s8}.^{s9}
qstr_You_are_a_lord_of_{s|Vous êtes un noble de {s8}.^{s9}
qstr_Current_party_size_l|L'effectif maximal du groupe est actuellement de {reg5}.^^Les facteurs influant sur l'effectif du groupe sont :^^Effectif de base :  +{reg4}^Sens du commandement : {s2}{reg1}^Charisme : {s3}{reg2}^Renommée : {s4}{reg3}^TOTAL :  {reg5}
qstr_Loyal|Loyauté
qstr_Devoted|Loyauté
qstr_Fond|Gentillesse
qstr_Gracious|Gentillesse
qstr_Friendly|Soutien
qstr_Supportive|Soutien
qstr_Favorable|Sympathie
qstr_Cooperative|Sympathie
qstr_Accepting|Indifférence
qstr_Indifferent|Indifférence
qstr_Suspicious|Indifférence
qstr_Grumbling|Méfiance
qstr_Hostile|Méfiance
qstr_Resentful|Méfiance
qstr_Angry|Ressentiment
qstr_Hateful|Haine
qstr_Revengeful|Haine
qstr_Vengeful|Hostilité
qstr_{s2}^{s4}:_{reg1}__{|{s2}^{s4} : {reg1} ({s3})
qstr_Your_relation_with_t|Vos relations avec les nations sont :^{s2}
qstr_V_{s10}_stroitsya_{s|{s11} est construit à {s10}. Il reste {reg4} = {reg5}
qstr_V_{s10}_postroeno_{s|La construction du {s11} sera terminée dans {s10}.
qstr_Player_renown_is_inc|La renommée du joueur est augmentée de 100. 
qstr_{reg1}_{s1}_{reg2?ac|{reg1} {s1} {reg2?ont accepté:a accepté} l'offre.
qstr_No_one_accepts_the_o|Personne n'a accepté l'offre.
qstr_You_start_reading_{s|Vous commencez à lire {s2}. Après quelques pages, vous sentez que ce livre pourrait vous en apprendre beaucoup. Vous décidez de le garder à portée pour le lire quand vous en aurez le temps.
qstr_You_flip_through_the|En feuilletant les pages de {s2}, vous trouvez l'écriture très confuse et difficile à suivre. En vous évertuant à le lire, vous attrapez la migraine, ce qui vous force à abandonner la lecture.
qstr_You_paid_{reg3}_of_y|Vous avez donné {reg3} de vos {reg4} thalers à vos hommes. Il vous en reste {reg5}.
qstr_Your_debt_to_your_me|Votre dette envers vos hommes s'élevait à {reg3} thalers. Cependant, vous ne disposiez que de {reg4}. La somme non versée de {reg5} thalers est comptabilisée comme une dette et votre groupe perd du moral.
qstr_This_week_s_wages:_{|Soldes de cette semaine : {reg6} thalers^Dettes précédentes : {reg2} thalers^Paiement total : {reg3} thalers^Fortune actuelle : {reg4} thalers^^{s1}
qstr_Villagers|Villageois
qstr_You_have_encountered|Vous avez rencontré des {s1}.
qstr_Armiya_protivnika_po|Les forces ennemies se sont repliées au camp.
qstr_You_have_engaged_{s1|Vous vous retrouvez sur un champ de bataille. {s1} est en train d'attaquer {s3}. Vous décidez d'aider {s3}.
qstr_You_were_caught_by_{|Vous avez été capturé par {s1} pendant que vos forces attaquaient {s3}.
qstr_You_were_victorious!|Vous êtes victorieux !
qstr_Battle_was_lost._You|Vous avez perdu la bataille. Vos forces ont été terrassées.
qstr_Your_companions_carr|Vos compagnons vous portent hors du champ de bataille.
qstr_You_have_defeated_th|Vous avez vaincu vos ennemis.
qstr_You_have_retreated_f|Vous avez battu en retraite.
qstr_^^Ally_Casualties:{s|^^Pertes alliées : {s0}
qstr_{s1}_of_{s3}_managed|Le {s1} de {s3} a réussi à s'échapper.
qstr_{s17}|{s17}
qstr__V_gorode_ostalos_{r|Vous faites prisonniers les {reg0} combattants en vie. Que voulez-vous faire d'eux ?
qstr__V_gorode_ostalos_{re|Vous relâchez les {reg0} guerriers en vie. Voulez-vous les engager dans la garnison ?
qstr_Victory_comment._Pla|Commentaire de victoire : le joueur était seul.
qstr_Ordinary_victory_com|Commentaire de victoire ordinaire : le joueur a fourni au moins 40 pourcent des forces.
qstr_Player_participation|Commentaire de participation du joueur : l'ennemi avait au moins 1 000 points de force de départ.
qstr_No_victory_comment._|Pas de commentaire de victoire : c'était une petite bataille et le joueur a fourni moins de 40 pourcent des forces alliées.
qstr_Some_of_your_tendons|Certains de vos tendons ont été endommagés au cours de la bataille. Vous perdez 1 point de force.
qstr_You_took_a_nasty_wou|Vous avez subi une vilaine blessure qui vous fera boiter légèrement, même après guérison. Vous perdez 1 point d'agilité.
qstr_You_have_trouble_thi|Vous avez du mal à garder les idées claires après la bataille, peut-être à cause d'un coup particulièrement violent à la tête. De fréquents maux de tête gangrènent votre existence. Votre intelligence est réduite de 1.
qstr_Perhaps_I_m_getting_|Peut-être que la chance m'abandonne peu à peu...
qstr_Retirement_is_starti|La retraite m'apparaît de plus en plus salutaire.
qstr_No_matter!_I_will_pe|Peu importe ! Je persévérerai !
qstr_What_did_I_do_to_des|Qu'ai-je fait pour mériter cela ?
qstr_I_suppose_it_ll_make|Je suppose que ça fera au moins une bonne histoire à raconter...
qstr_Player_retreats_from|Le joueur bat en retraite
qstr_{s9}_wants_you_to_fo|{s9} souhaite que vous suiviez son armée jusqu'à nouvel ordre.
qstr_{s8}_of_{s9}|{s8} de {s9}
qstr__Your_own_banner_fli|Cette forteresse vous appartient.
qstr__You_see_the_banner_|Cette forteresse appartient à {s7}.
qstr__This_castle_seems_t|Cette forteresse ne semble appartenir à personne.
qstr__Your_own_banner_flie| Votre bannière flotte au-dessus des portes du bourg.
qstr__You_see_the_banner_o|Ce bourg appartient à {s7}.
qstr__The_townsfolk_here_|Les habitants de ce bourg ont déclaré leur indépendance.
qstr_Zapasov_edi_v_{reg6?|Les provisions de {reg6?la ville:la forteresse} peuvent encore durer {reg3} jours.
qstr_Zapasov_edi_v_{reg6?g|Les provisions de {reg6?la ville:la forteresse} sont épuisées. Les défenseurs meurent de faim.
qstr_Vi_stroite_lestnici_|Vous avez commencé la construction d'échelles. Elles seront prêtes dans {reg9} heures.
qstr_Prokladka_podkopa_dl|Il vous faudra encore {reg9} heures pour placer les explosifs.
qstr_Postroika_lestnic_za|Les préparations sont finies. Vous pouvez prendre le bourg d'assaut à tout moment.
qstr_Postroika_podkopa_za|Les préparations sont finies. Vous pouvez prendre le bourg d'assaut à tout moment.
qstr_As_a_last_defensive_|Dans un dernier effort défensif, vous battez en retraite jusqu'à l'entrée principale du donjon. Vos soldats restants et vous-même allez mener une dernière bataille héroïque ici. Il n'y aura pas de repli possible si vous êtes vaincus.
qstr_You_ve_been_driven_a|Vous avez été chassés des remparts. Les attaquants affluent dans les rues. Si vous arrivez à les vaincre, peut-être pourrez-vous alors renverser les choses et tout arranger.
qstr_You_ve_breached_the_|Vous avez percé les remparts du bourg, mais ses défenseurs obstinés continuent à vous tenir tête dans les rues ! Vous devrez vous occuper d'eux avant de pouvoir attaquer le donjon situé au cœur du bourg.
qstr_The_town_centre_is_y|Vous avez pris le centre du bourg, mais il vous faut vaincre les derniers défenseurs avant de pouvoir crier victoire.
qstr_The_remaining_defend|Les défenseurs restants se sont repliés dans la forteresse. Vous devez vous y introduire et écraser toute résistance.
qstr__kriticheskie|critique
qstr__ogromnie|massif
qstr__visokie|élevé
qstr_However_since_you_ar|Cependant, vous n'avez pas prêté allégeance à {s9}, il n'y a donc aucune chance qu'il vous reconnaisse comme étant {le seigneur/la dame} de ce {reg8?bourg:château}.
qstr_The_enemy_has_been_f|L'ennemi a été forcé de battre en retraite. L'assaut a pris fin, mais le siège continue.
qstr__This_village_and_th| Le village et ses terres avoisinantes vous appartiennent.
qstr__You_remember_that_t| Vous vous rappelez que ce village et les terres avoisinantes appartiennent à {s7}.
qstr__These_lands_belong_| Ces terres n'appartiennent à personne.
qstr__{s3}__{reg9}_.| {s3} ({reg9}).
qstr__The_village_is_infe| Le village est envahi par les {reg8} {s35}.
qstr__The_village_has_bee| Le village a été ravagé. Une poignée de survivants se disperse à mesure que vous avancez parmi les restes calcinés des maisons.
qstr__The_village_is_bein| Le village est en train d'être pillé.
qstr_No_one_here_seems_to|Il semblerait que personne ne veuille se joindre à votre groupe.
qstr_One_{s3}_volunteers_|Un {s3} se porte volontaire pour vous accompagner.
qstr_{reg5}_{s3}_voluntee|{reg5} {s3} se portent volontaires pour vous accompagner.
qstr_Try_as_you_might_you|Malgré tous vos efforts, vous n'avez pas réussi à venir à bout des bandits. Furieux, ils rasent le village jusqu'à la dernière pierre pour punir les paysans. Ils quittent ensuite le village, laissant derrière eux cette terre dévastée par les flammes.
qstr_village|Village
qstr_town|bourg
qstr_castle|forteresse
qstr_{s18}_{s0}|{s18}, {s0}
qstr_The_{s17}_has_no_imp|{s17} ne comporte pas d'aménagement.
qstr_The_{s17}_has_the_fo|{s17} comporte les aménagements suivants : {s18}.
qstr_The_assasins_beat_yo|Les assassins vous écrasent et vous laissent pour mort.
qstr_You_have_fallen._The|Vous êtes tombé au combat. Les bandits vous fouillent succinctement à la recherche d'argent puis disparaissent dans la nuit. Ils vous laissent là, aux portes de la mort.
qstr_Luckily_some_of_your|Par chance, ne vous voyant pas revenir, certains de vos compagnons partent à votre recherche et vous retrouvent étendu sur le bord de la route. Ils s'empressent de vous mettre à l'abri, puis pansent vos plaies.
qstr_Luckily_some_passing|Par chance, quelques citadins de passage vous trouvent étendu sur le bord de la route. Ils se rendent compte que vous n'êtes pas un simple mendiant}. Ils vous transportent à l'auberge la plus proche et pansent vos plaies.
qstr_You_fail_to_steal_an|Vous ne parvenez pas à voler de bétail.
qstr_You_drive_away_{reg1|Vous emportez {reg17} {reg12?têtes:tête} de bétail loin du troupeau du village.
qstr_OiM_Teper_luchshe_{s|Vous feriez bien de ne pas vous faire repérer par {s9}.
qstr_OiM_Potop_Loshad_tep|Le cheval a été capturé. Il est temps de le ramener, sa place n'est pas ici.
qstr_You_are_at_{s2}.|Vous êtes à {s2}.
qstr__You_have_successful| Vous avez réussi à vous infiltrer.
qstr___{reg1}_denars_per_| ({reg1} thalers par nuit)
qstr_Moreover_you_earn_{r|Par ailleurs, vous gagnez {reg8} thalers grâce aux judicieux paris que vous aviez placés sur vous-même...
qstr_Victory_is_yours!_Yo|La victoire est vôtre ! Vous avez remporté ce combat. Préparez-vous maintenant pour le tour suivant.
qstr_You_have_been_bested|Vous avez été surpassé dans ce combat, mais le maître de cérémonies autorise votre participation au prochain tour, en récompense de votre talent et de votre bravoure. 
qstr_{s11}^{s12}|{s11}^{s12}
qstr_You_were_beaten._The|Vous avez été battu. Cependant, les paysans, galvanisés par leur succès, n'ont probablement pas réussi à assimiler les leçons que vous vouliez leur donner...
qstr_After_beating_your_l|Après avoir vaincu votre dernier adversaire, vous expliquez aux paysans comment se défendre plus efficacement face à de telles attaques. Espérons qu'ils auront appris de leurs erreurs et qu'ils seront prêts la prochaine fois.
qstr_The_bandits_are_brok|Les bandits se sont faits massacrer ! Les quelques survivants encore conscients s'enfuient la queue entre les jambes, terrifiés par les paysans et leur nouveau champion.
qstr_{s1}_s_Ship|Le vaisseau de {s1}
qstr_^{s3}_=_{reg1}{s1}|^{s3} = {reg1}{s1}
qstr_^{s3}_=_{reg1}{s2}|^{s3} = {reg1}{s2}
qstr_However_{reg3?You_ar|Cependant, {reg3?vous êtes:{s1} est} incapable de trouver un moyen de tirer profit des articles en vente ici.
qstr_^Buying_{s4}_here_an|^Acheter {s4} ici pour le vendre à {s5} rapporterait un bénéfice de {reg6} thalers par objet.{s3}
qstr_{reg3?You_find:{s1}_|{reg3?Vous découvrez:{s1} découvre} ceci :^{s3}
qstr__Continue....|Continuer...
qstr__Ne_hvataet_money_nu|Vous n'avez pas assez d'argent. {reg8} thalers sont nécessaires.
qstr__Back|Continuer...
qstr__Stoimost_{reg8}_din|Coût : {reg9} thalers.
qstr__Continue|Continuer...
qstr_{s2}^{reg1}_{s1}_ear|{s2}^{reg1} {s1} ont gagné {reg0} points d'expérience.
qstr_{s2}^{s1}_earned_an_|{s2}^{s1} a gagné {reg0} points d'expérience supplémentaires.
qstr_^You_earned_{reg0}_e|^Vous avez gagné {reg0} points d'expérience.{s2}
qstr_The_training_didn_t_|L'entraînement s'est très mal passé.
qstr_The_training_didn_t_g|L'entraînement ne s'est pas très bien passé.
qstr_The_training_went_qu|L'entraînement s'est plutôt bien passé.
qstr_The_training_went_ve|L'entraînement s'est très bien passé.
qstr_The_training_went_pe|L'entraînement s'est déroulé à la perfection.
qstr_{s13}_asked_you_to_r|{s13} vous a demandé de vous présenter à lui avec au moins {reg13} troupes.
qstr_{s13}_ordered_you_to|{s13} vous a ordonné de participer à l'assaut contre {s14}.
qstr_Find_and_speak_with_|Allez parler à {s3} de {s4} pour lui prêter serment d'allégeance.
qstr_you|vous
qstr_OiM_You_ve_failed_to|Vous n'avez pas réussi à protéger le village.
qstr_OiM_You_ve_protected|Vous avez leurré l'ennemi. Vous pouvez continuer votre chemin.
qstr_OiM_You_ve_failed_to_|Vous n'avez pas réussi à livrer le cheval.
qstr_OiM_You_ve_protected_|Vous avez réussi à semer vos poursuivants. Vous devez livrer le cheval dès que possible, avant que quelqu'un d'autre ne décide de se l'approprier.
qstr_OiM_Da_takoe_bivaet_|Une telle occasion ne se présente qu'une seule fois dans une vie.
qstr_OiM_Potop_Pani_osvob|La pani est libre. Il est temps de rentrer.
qstr_OiM_Potop_kshetuskiy|Vous devez vous introduire dans les écuries.
qstr_OiM_You_ve_failed_to_w|Vous n'avez pas réussi à briser la résistance de l'ennemi, vous avez perdu la bataille.
qstr_OiM_You_ve_got_the_h|Vous avez réussi à semer vos poursuivants. Vous devez livrer le cheval dès que possible à Skrzetuski.
qstr_Kozaki_podnyali_na_n|Les Cosaques ont alerté les gardes !
qstr_OIM_getman_heroe_can|Un rapport du précepteur de la ville hongroise de Berghoff au grand maître : ^^Mes salutations, Monsieur ! J'ai appris que la légendaire Masse noire est une relique de l'une des plus prestigieuses familles ayant régné en Russie. Selon la légende familiale de la maison Oleg, au milieu du XIIe siècle après Notre-Seigneur Jésus-Christ, leurs ancêtres conclurent un pacte secret avec les prêtres payens. Ces devins avaient une grande emprise sur la populace et c'est à travers leur influence que les princes cherchaient à prendre le pouvoir. ^C'est à cette époque que les devins donnèrent aux princes de la maison d'Oleg la Masse noire : une masse au pouvoir extraordinaire. Près de Kiev, les princes firent ériger le monastère de Kirillovski où se trouverait, paraît-il, la masse. ^^Une légende similaire existe chez les magnats de Zhmuda, les Radziwill. Il s'avère que les Radziwill ont des ancêtres prêtres depuis l'époque de la maison de Riourik.
qstr_OIM_getman_heroe_nee|Le livre est écrit dans une langue ancienne que vous ne connaissez pas. Vous allez avoir besoin d'un traducteur.
qstr_OIM_add__pora_nayti_|Après avoir passé de nombreuses heures aux archives, vous avez découvert que la masse doit se trouver dans le caveau familial des Radziwill.
qstr_OiM_You_ve_failed_to_wi|Vous avez perdu la bataille. Les gardes vous ont ligoté et jeté en prison.
qstr_OiM_You_ve_wing_the_|Le roi a été détrôné.
qstr_OIM_add_getman__Da_z|Radziwill recherchait cette masse pour une bonne raison : quiconque la tient dans ses mains pourrait obtenir le soutien de toutes les anciennes familles. Vous devez essayer de trouver cet artéfact...
qstr_OIM_add_getman__Knig|Le livre ne peut pas être lu sans traducteur.
qstr_OIM_add_getman__Prik|Il est temps de montrer à l'ennemi comment se battent de vrais Cosaques.
qstr_OIM_add_getman__Nuzh|L'hetman a une nouvelle mission pour vous. Vous devriez aller le voir.
qstr_OiM_dmitriy_Teper_ko|Maintenant que les gardes de la prison sont morts, seul le tsar connaît votre visage. Il vous faut trouver un protecteur puissant.
qstr_OIM_add_getman__Prika|Barabash vous ordonne de conquérir le tsarat de Moscou.
qstr_OIM_add_getman__Bunt|L'insurrection a sombré dans un bain de sang. Barabash veut vous voir.
qstr_you_we_lost_the_figh|Vous avez perdu la bataille. Pire encore, vous devez verser {reg0} thalers à l'ennemi.
qstr_you_won_the_fight._A|Vous avez gagné {reg0} thalers. Vous avez également appris de nouvelles techniques de combat.
qstr_you_we_lost_the_fight|Vous essuyez une défaite. Vous avez de la chance qu'il ne s'agisse que d'une blessure superficielle.
qstr_you_won_the_fight._An|Vous avez gagné cet affrontement et vous avez appris quelques nouvelles astuces.
qstr_You_ve_got_wound.._I|Vous êtes blessé. Vous devriez vous reposer et reprendre des forces.
qstr_oim_the_duel_is_over|Vous êtes à égalité à l'issue du combat.
qstr_oim_the_duel_is_over.|Vous avez perdu. Vous devriez vous entraîner au tir.
qstr_oim_the_duel_is_over._|Vos longues heures d'entraînement au mousquet ont payé. Vous avez gagné !
qstr_You_sought_that_the_|Lors de votre dîner à la taverne, vous avez remarqué un habitant fortuné. Il semble un peu éméché, il ne serait pas très difficile de le soulager de sa bourse...
qstr_There_is_gourds._It_|Après vous être reposé et restauré à la taverne, vous décidez de reprendre votre voyage.
qstr_You_lost_the_fight._|Vous avez perdu. Les gardes ont été alertés par la bagarre et vous ont arrêté.
qstr_The_man_is_dead..._Y|Vous avez tué votre adversaire. Prenez son arme et son argent.
qstr_you_were_killed_as_c|Le verdict de la cour est sévère : pour meurtre et vol, {playername} est condamné à la mort par pendaison.
qstr_Nu_vow_vostaniye_zak|La révolte est finie. Il est temps de parler à Razin.
qstr_Razin_now_is_the_mar|Razin est à présent le maréchal.
qstr_OiM_text_for_main_qs|D'après le messager, le roi en personne veut vous voir...
qstr_Viberite_nuzhnuyu_va|Sélectionner le service requis
qstr_Na_daniy_moment_eto_|Le village est vide. On entend seulement les hurlements du vent.
qstr_V_vashem_otryade_net|Vous n'avez pas de compagnon.
qstr_V_vashem_otryade_ime|Vous avez des compagnons qui peuvent être entraînés.
qstr_Prosmotret_spisok_go|Voir la liste des villes non-assiégées où vous avez des hommes.
qstr_U_vas_net_gorodov_gd|Pour le moment, vous n'avez nulle part où envoyer des hommes.
qstr_Vam_nuzhno_poslat_go|Votre capitale a été prise. Sélectionnez une capitale provisoire.
qstr_Vibor_stolici_proshe|Vous avez une nouvelle capitale.
qstr_Vam_nuzhno_vibrat_di|Vous n'avez pas de ville pouvant devenir votre capitale.
qstr_{s5}|{s5}
qstr_{s6}_^{s5}|{s6} ^{s5}
qstr_{s7}|{s7}
qstr_{s8}_^{s7}|{s8} ^{s7}
qstr_Breaking_camp...|Le groupe lève le camp...
qstr_{s65}|{s65}
qstr_Current_wealth:_{reg|Fortune actuelle : {reg1}
qstr_Your_party_is_spotte|Votre groupe est repéré par {s1}.
qstr_{reg1}_{s1}_{reg2?ha|{reg1} {s1} {reg2?vous ont:vous a} faussé compagnie pendant la nuit.
qstr_{s1}_of_{s3}_has_bee|{s1} de {s3} a été relâché.
qstr_Building_of_{s0}_in_|La construction de la {s0} de {s4} est terminée.
qstr_{s1}_is_no_longer_in|{s1} n'est plus infesté de bandits la nuit.
qstr_You_pay_for_accommod|Vous payez les frais d'hébergement.
qstr__Your_tactics_skill_| Votre compétence Tactiques a été augmentée de 1.
qstr__Your_persuasion_ski| Votre compétence Persuasion a été augmentée de 1.
qstr__Your_leadership_ski| Votre compétence Sens du commandement a été augmentée de 1.
qstr__Your_intelligence_h| Votre intelligence a été augmentée de 1.
qstr__Your_trade_skill_ha| Votre compétence Commerce a été augmentée de 1.
qstr__Your_weapon_master_| Votre compétence Maître d'armes a été augmentée de 1.
qstr__Your_engineer_skill| Votre compétence Ingénierie a été augmentée de 1.
qstr_You_have_finished_re|Vous avez fini de lire {s1}.{s2}
qstr_Book_Read|Livre lu
qstr_You_must_follow_{s1}|Vous devez suivre {s1} !
qstr_You_must_follow_{s1}!|Vous devez suivre {s1} ! Ceci est votre dernier avertissement.
qstr_{s1}_is_scouted.|Vous avez exploré {s1}.
qstr_{s1}_has_switched_fr|{s1} est passé de {s2} à {s3}.
qstr_{s4}_is_in_{s5}|{s4} est à {s5}
qstr_OiM_Ne_uspeli_otoyti|Avant que vous quittiez les Cosaques, le prisonnier essaie de vous dire quelque chose.
qstr_OiM_add_{s2}_joined_|{s2} s'est joint à l'insurrection de Zagloba !
qstr_{s5}^_{s1}|{s5}^ {s1}
qstr_You_promised_to_help|Vous avez promis d'aider {s13} à revendiquer le trône de {s14}.
qstr_{s6}_has_joined_your_|{s6} s'est joint à votre groupe.
qstr_{reg65?my_Lady:my_Lo|{reg65?madame:mon seigneur}
qstr_{reg65?My_Lady:My_Lo|{reg65?madame:mon seigneur}
qstr_{reg65?madame:sir}|{reg65?madame:sire}
qstr_{reg65?Madame:Sir}|{reg65?madame:sire}
qstr_Viberite_variant.|Voilà ce que je peux vous offrir :
qstr_Seychas_vse_dostupni|Pour le moment, tous les officiers compétents sont occupés à entraîner les recrues.
qstr_U_vas_nedostatochno_|Votre bourse ne contient pas assez pour engager ne serait-ce qu'un seul militien !
qstr_Vot_vse_chto_dostupn|Voilà ce que je peux vous proposer.
qstr_Vot_chto_vam_seychas|Désormais disponible :
qstr_Na_daniy_moment_net_|Aucune option disponible.
qstr_Ya_seychas_zaynuat_p|Pardonnez-moi, mais je n'ai pas fini avec votre commande précédente. Je serai libre dans {reg2} {reg1?jours:heures}.
qstr_Viberite_zhelayumiy_|Que désirez-vous savoir ?
qstr_Zdes_esche_net_{s1}.|Il manque encore {s1} ici.
qstr_Zdes_uzhe_est_{s1}.|Cet endroit possède déjà {s1}.
qstr_{reg0?Naynyat:Postro|{reg0?Engager:Construire}.
qstr_U_vas_zdes_uzhe_post|Vous avez déjà fait construire les bâtiments suivants :
qstr_Zdes_k_tebe_loyalni_|Vous avez nommé des hommes aux responsabilités suivantes dans cette ville :^
qstr_U_vas_nichego_esche_|Il n'y a eu aucune réussite de ce côté-là pour l'instant.
qstr_It_s_your_money_or_y|La bourse ou la vie, {monsieur/madame}. Pas de gestes brusques ou l'on vous estrille.
qstr_Lucky_for_you_you_ca|T'as de la chance, pour l'instant je suis de bonne humeur. Donne-nous toutes tes pièces et peut-être que je te laisserai la vie sauve.
qstr_This_a_robbery_eh?_I|Je vous donne une chance de me filer tout ce que vous avez, sinon, avec ma bande, on vous tue. C'est clair ?
qstr_we_have_made_very_li|Nous n'avons pas beaucoup progressé pour le moment.
qstr_we_have_suceeded_in_|Nous avons réussi à gagner du terrain, mais il reste encore un long chemin à parcourir.
qstr_we_have_become_a_sig|Nous sommes devenus une puissance majeure et nous avons nos chances pour la victoire.
qstr_we_are_winning_the_w|Nous sommes en passe de gagner la guerre, mais nos ennemis continuent de résister.
qstr_we_are_on_the_verge_|Nous sommes sur le point de gagner. Les ennemis restants ne représentent pas de menace mais il nous faut encore les pourchasser.
qstr_Yes_{s5}?|Oui, {s5} ?
qstr__no_fiefs_|(Pas de fief)
qstr__fiefs:_{s0}_|(Fiefs : {s0})
qstr_{playername}_when_we|{playername}, lorsque nous avons entamé notre longue route, peu de gens avaient le courage de m'aider. Et encore moins étaient prêts à risquer leur vie pour ma cause. Cependant, vous n'avez pas hésité un instant à vous jeter sur mes ennemis. Nous avons vécu de nombreuses aventures ensemble et il m'est arrivé d'être au bord du désespoir. Mais avec l'aide de Dieu, nous avons vaincu. Il est maintenant temps pour moi de quitter votre compagnie et de prendre ce qui m'appartient de droit. Dorénavant, je m'attèlerai à la lourde responsabilité qu'est diriger {s3}. Bien des épreuves nous attendent encore et je compte sur votre aide pour les surmonter. Il va sans dire que je vous considérerai toujours comme mon plus fidèle vassal.
qstr_I_am_{s4}_the_ruler_|Je suis {s4}, régent de {s6}
qstr_I_am_{s4}_a_vassal_o|Je suis {s4}, noble de {s6}
qstr_{s9}{reg5?_and_the_l|{s9}{reg5? Et seigneur de {s8}.:.
qstr_Your_mission_is_comp|Vous avez terminé votre mission, {s9} veut que vous suiviez son armée jusqu'à nouvel ordre.
qstr_{s13}_asked_you_to_g|{s13} vous a demandé de rassembler {reg3} têtes de bétail.
qstr_{s9}_asked_you_to_sc|{s9} vous a demandé d'aller explorer {s13}, {s14} et {s15} puis de lui faire votre rapport.
qstr_{s16}_and_{s17}|{s16} et {s17}
qstr_{s16}_{s17}|{s16}, {s17}
qstr_Very_well_I_will_acc|Très bien, je consens à vous laisser réintégrer mes rangs, si vous êtes disposé à faire votre serment solennel une fois encore.
qstr_A_pardon_will_only_b|Je n'envisage de vous pardonner que si vous consentez à me céder {s17}. Acceptez-vous mes conditions ?
qstr_No._There_is_no_chan|Non, aucune chance que nous soyons tous deux en paix, je ne suis pas intéressé.
qstr_We_are_not_at_war_wi|Nous ne sommes impliqués dans aucune guerre.
qstr_We_are_at_war_with_{|Nous en sommes en guerre avec {s12}.
qstr_{s9}_asked_you_to_ta|{s9} vous a demandé de porter un message à {s13}. On raconte que {s13} se trouvait à {s4} au moment où l'on vous a donné cette quête.
qstr_{s9}_asked_you_to_tak|{s9} vous a demandé de porter un message à {s13} de {s15}. On raconte que {s13} se trouvait à {s4} au moment où l'on vous a donné cette quête.
qstr_{s11}_asked_you_to_e|{s11} vous a demandé d'escorter sa {s17} {s13} à {s14}.
qstr_{s13}_asked_you_to_d|{s13} vous a demandé de vous débarrasser des bandits qui occupent le village de {s15} puis de lui faire votre rapport.
qstr_{s9}_asked_you_to_ra|{s9} vous a demandé de former {reg1} {s14} et de les lui ramener.
qstr_{s9}_asked_you_to_co|{s9} vous a demandé de collecter les impôts de {s3}. Il vous accorde un cinquième de tout l'argent collecté là-bas.
qstr_{s9}_asked_you_to_hu|{s9} vous a demandé de traquer un fugitif du nom de {s4}. On raconte qu'il serait actuellement à {s3}.
qstr_{s9}_asked_you_to_as|{s9} vous a demandé d'assassiner un marchand de {s3}.
qstr_{s9}_has_asked_you_t|{s9} vous a demandé de rencontrer un espion à {s13}.
qstr_{s9}_asked_you_to_ca|{s9} vous a demandé de vous emparer et de piller {reg13} convois afin de provoquer une guerre avec {s13}.
qstr_{s9}_asked_you_to_cat|{s9} vous a demandé de capturer les trois groupes de serfs en fuite et de les ramener à {s4} en vie. Il a dit que ces trois groupes se dirigent vers {s3}.
qstr_{s11}_asked_you_to_f|{s11} vous a demandé de suivre l'espion qui va quitter {s12}. Faites en sorte de ne pas être vu par l'espion sur la route, sinon il pourrait se douter de quelque chose et rebrousser chemin. Une fois qu'il aura pris contact avec son complice, votre mission sera de les capturer puis de les ramener à {s11}.
qstr_{s11}_asked_you_to_c|{s11} vous a demandé de capturer n'importe quel noble de {s13} puis de traîner votre victime jusque {s11} où il sera gardé en lieu sûr.
qstr_{s9}_asked_you_to_le|{s9} vous a demandé de lui accorder l'aide de {s3} pour une semaine.
qstr_{s9}_asked_you_to_col|{s9} vous a demandé de recouvrer la dette de {reg4} thalers que {s3} lui doit. {s3} se trouvait à {s4} lorsque l'on vous a donné cette quête.
qstr_{s11}_gave_you_a_fak|{s11} vous a donné une fausse lettre à remettre à {s13} pour le berner et faire en sorte qu'il bannisse le noble {s16}. Vous allez aborder {s14}, donner la lettre à l'un de vos {s15} puis l'envoyer dans le bourg au titre de messager, croyant que ses ordres sont authentiques.
qstr_{s9}_has_requested_y|{s9} a exigé que vous fassiez prisonniers {reg1} {s3} et que vous les lui rameniez.
qstr_Lend_your_experience|Accordez à {s1} l'aide de {s3}, votre chirurgien expérimenté.
qstr_Then_take_it_with_my|Tenez, prenez ceci avec ma gratitude éternelle. Votre noblesse vous honore. Je n'oublierai jamais que vous m'avez aidé quand j'étais dans le besoin.
qstr_Forgive_me_{playerna|Pardonnez-moi, {playername}, mais je me dois d'insister pour que vous acceptiez. L'argent n'est pas le centre de mes préoccupations et je vous dois tant. Tenez, prenez-le et n'en parlons plus.
qstr_{playername}_what_a_|{playername}, votre noblesse vous honore, mais je n'accepterai aucun refus. Je vous dois bien plus que je ne saurais l'exprimer et je suis sûr que vous saurez faire usage de cet argent bien mieux que moi.
qstr_{s11}_asked_you_to_r|{s11} vous a demandé de sauver son {s17}, {s13}, retenu à {s14}, en échangeant vos vêtements et en prenant sa place en prison.
qstr_{s11}_asked_you_to_d|{s11} vous a demandé de remettre un message à {s13}, qui est emprisonné à {s14}.
qstr_You_agreed_to_challe|Vous consentez à vous opposer à {s13} pour défendre l'honneur de {s11}.
qstr_{s5}__Persuasion_str|{s5} (Votre force de persuasion vous a fait économiser {reg5} thalers)
qstr_Persuasion_Attempt|Tentative de persuasion
qstr_A_villager_from_{s7}|Un villageois de {s7} vous a supplié de sauver son village des bandits qui y ont élu domicile.
qstr_You_chose_well_{sir/|Vous avez fait le bon choix, {monsieur/madame}. Mes gars savent tenir leur langue et méritent leur solde.
qstr_Well_done_{sir/madam|Bravo, {sire/madame}. Continuez de nous envoyer argent et vin et vous n'aurez plus aucun ennemi à craindre.
qstr_We_are_at_your_servi|Nous sommes à votre service, {sire/madame}. Pointez dans la direction de ceux qui doivent être rossés et nous nous occuperons du reste.
qstr_You_will_not_be_diss|Nous ne vous décevrons pas, {sire/madame}. Vous ne trouverez pas de meilleurs guerriers à des kilomètres à la ronde.
qstr_The_Guildmaster_of_{|Le maire de {s13} vous a demandé de vous occuper des pillards qui se trouvent dans les campagnes alentours.
qstr_{s9}_of_{s3}_asked_y|{s9} de {s3} vous a demandé de livrer {reg5} unités de {s6} à la taverne de {s4} dans la semaine.
qstr_Escort_the_merchant_|Escortez la convoi marchand vers le bourg de {s8}.
qstr_Merchant_{s9}_of_{s4|Le marchand {s9} de {s4} vous a demandé de pourchasser les bandits qui sévissent aux alentours du bourg.
qstr_Guildmaster_of_{s4}_|Le maire de {s4} vous a donné {reg12} thalers afin de payer la rançon de la fille kidnappée par les bandits. Vous devez rencontrer les bandits près de {s3} et leur payer le montant de la rançon. Après cela, vous devez ramener la fille à {s4}.
qstr_Guildmaster_of_{s4}_p|Le maire de {s4} vous a promis {reg12} thalers si vous veillez à ce que {s12} et {s13} ne représentent plus une menace pour instaurer la paix entre {s15} et {s14}. Pour y parvenir, vous devez soit les convaincre, soit vous assurer qu'ils seront faits prisonniers et qu'ils le resteront jusqu'à ce qu'un accord de paix soit trouvé.
qstr_The_Guildmaster_of_{s|Le maire de {s14} vous a demandé de vous occuper d'un groupe de bandits qui terrorisent les rues de {s14}. Ils ne se montrent que la nuit, et n'attaquent que les voyageurs solitaires dans les rues.
qstr_Guildmaster_of_{s10}|Le maire de {s10} vous a demandé de déplacer un troupeau de bétail vers {s13}. Vous recevrez {reg8} thalers en retour.
qstr_He_is_not_commanding|Il n'a aucun homme sous ses ordres pour le moment.
qstr_He_currently_command|Il a actuellement {reg0} hommes sous ses ordres{reg1?, dont {reg1} sont blessés :}.
qstr_The_elder_of_the_vil|L'ancien du village de {s3} vous a demandé de lui apporter {reg5} sacs de blé.
qstr_The_elder_of_the_vill|L'ancien du village de {s13} vous a demandé d'entraîner {reg5} paysans pour combattre les bandits de la région.
qstr_The_elder_of_the_villa|L'ancien du village de {s3} vous a demandé de lui apporter {reg5} têtes de bétail.
qstr_As_{s9}_said_it_woun|{s9} vous a conseillé de visiter {s10}. Il paraîtrait que l'ancien qui s'y trouve cherche des hommes courageux pour lui rendre quelques services.
qstr_OiM_The_elder_{s9}_a|Une bande s'est installée aux alentours du village de Zamoshye. L'ancien vous demande de vous occuper des bandits qui ont établi leur campement dans la forêt voisine.
qstr_OiM_The_elder_{s9}_as|{s9} vous a demandé de persuader {s10} de baisser les impôts.
qstr_OiM_The_elder_{s9}_ask|{s9} vous a demandé de lui livrer 3 sacs de {s10}.
qstr_OiM_The__De_la_Gardi|Les nouveaux indices ont mené à {s10}. Les habitants savent peut-être quelque chose...
qstr_OiM_getman_No_skazal|Malgré votre échec, l'ancien a mentionné qu'Evangelic est à {s4}.
qstr_OiM_The__{s9}_asked_|{s9} vous a demandé de livrer {s10} au Sich.
qstr_OiM_nu_vot_so_shmato|Un morceau de lard dans la bouche, le Tartare ne peut guère parler.
qstr_OiM_Kozaki_zametii_4|Les Cosaques ont découvert votre trahison...
qstr_OiM_The_{s9}_asked_y|{s9} vous a demandé de le livrer à {s10}.
qstr_OiM_Kozaki_zametili_|Les Cosaques ont découvert que vous les avez trahis.
qstr_OiM_teper_mozhno_dal|Vous pouvez à présent reprendre votre chemin.
qstr_OiM_Ischi_teper_yego|Allons voir l'ataman...
qstr_OiM_The_{s9}_need_to|{s9} a indiqué que vous devez emmener au moins {reg0} soldats à {s10}.
qstr_OiM_Ne_uspeli_s_cona|Avant même que vous ayez pu descendre de cheval, les Cosaques arrivent au village...
qstr_OiM_Jaz_budet_jarko|Il semble que l'affrontement ne puisse être évité. Vous allez voir de vos propres yeux ce que valent les guerriers Cosaques.
qstr_OiM_{s9}_asked_you_v|{s9} vous a demandé de vous rendre à Moscou afin de livrer des marchandises pour les Cosaques du Don.
qstr_OiM_Potop_nuzhno_per|Les marchandises sont arrivées. Vous devez maintenant les apporter à {s6}.
qstr_OiM_{s9}_asked_you_t|{s9} vous a ordonné d'intercepter un convoi transportant des armes. D'après son rapport, il serait parti de {s10} pour {s11}.
qstr_OiM_{s9}_asked_you_to|{s9} vous a demandé d'amener Clermont devant le roi.
qstr_OiM_{s9}_asked_you_to_|{s9} vous accompagnera si vous emmenez au moins dix soldats avec vous...
qstr_OiM_{s9}_asked_you_to_b|{s9} vous a demandé de piller {s10}.
qstr_OiM_{s9}_skazal_chto|{s9} a déclaré qu'il irait parler à l'hetman de votre part.
qstr_OiM_{s9}_asked_to_br|{s9} vous a demandé d'amener le cheval {s10}.
qstr_As_{s9}_said_to_get_|{s9} vous a demandé de récupérer l'argent de {s10} et de l'apporter à Hmelnitski.
qstr_As_{s9}_give_you_a_r|{s9} vous a fait part d'une recommandation pour {s10}.
qstr_OiM_{s9}_asked_to_lo|{s9} vous a demandé de piller trois villages de la République de Pologne.
qstr_OIM_add_{s9}_asked_y|{s9} vous a conseillé de trouver le colonel Zagloba. Le vieil officier est probablement en train de s'enivrer dans une taverne en terre polonaise.
qstr_OIM_add_{s9}_asked_yo|{s9} vous a demandé d'apporter une lettre à {s11}.
qstr_OIM_add_{s9}_deliver|{s9} vous a ordonné de lui amener un soldat suédois fait prisonnier.
qstr_OIM_add_You_were_ask|Un monastère sacré polonais est en péril ! Le roi Jean Casimir vous a ordonné de vous rendre à {s10} afin de chasser les infidèles suédois profanant ce lieu.
qstr_OIM_add_Wam_nuzhno_o|La capitale polonaise est aux mains des Suédois. Il vous faut tout tenter pour reprendre {s10}. Votre destin et l'avenir de la République de Pologne sont en jeu.
qstr_OIM_add_{s9}_asked_you|{s9} vous a demandé de capturer un officier suédois.
qstr_OIM_add_{s9}_asked_you_|{s9} vous a confié une tâche ardue : vous devez négocier un traité de paix entre la République de Pologne et le khanat de Crimée. Pour cela, vous allez quitter les services de Jean Casimir, trouver {s10} et lui proposer votre soutien dans la lutte pour le pouvoir. En retour, faites-lui promettre qu'une fois devenu khan, il fera la paix avec la République de Pologne. Mais faire monter un prétendant sur le trône n'est point une chose facile. Il vous faudra mettre tous les mirzas tartares de votre côté et faire prisonniers tous vos opposants. Vous aurez également besoin de vous emparer de tous les bourgs et les places fortes du khanat de Crimée.
qstr_OIM_add_{s9}_asked_you_t|En échange de sa coopération, {s9} vous a demandé de conquérir deux villes du tsarat de Moscou.
qstr_OiM_Potop_Pora_pogov|Vous avez accompli les ordres du roi. Il est temps d'aller lui parler.
qstr_OIM_add_As_{s9}_said|{s9} a promis de vous réintégrer sous ses ordres si vous arrivez à regagner le soutien de l'aristocratie. Vous allez devoir parler au colonel Zagloba et mettre au moins la moitié de l'aristocratie de votre côté... Vous ne voudriez pas que quelqu'un s'écrie "nie pozwalam !" lors d'une réunion du Sejm.
qstr_OiM_Potop_{s3}_prosi|{s3} vous a ordonné de faire {s4} prisonnier.
qstr_OiM_Potop_Shveda_slo|À la recherche d'un prisonnier suédois.
qstr_OiM_Potop_Borzobagat|Vous avez ouï dire que Borzobogataya est à {s5}.
qstr_{s4}_{s2}|{s4}, {s2}
qstr_{s5}_{s2}|{s5}, {s2}
qstr_OIM_add_Nu_polkiy_se|Le Sejm tient séance. Vous n'avez plus qu'à attendre les conclusions.
qstr_OIM_add_Nu_vot_teper|À présent, {s7} veut que vous vous empariez de {s3}, {s4}, {s5}, et {s6}.
qstr_OIM_add__{s2}_hochet|Le roi veut que vous capturiez {s3}.
qstr_OIM_add__Teper_pora_|Il est temps de rassembler une milice contre le roi pour enfin placer un homme digne d'estime sur le trône. Pour commencer, vous avez besoin de vous assurer le soutien de l'aristocratie...
qstr_OIM_add__Teper_kogda|Jean Casimir a fait mander quelques mercenaires sur ses terres. Ils doivent être arrêtés avant qu'ils ne pillent la moindre ville de la République de Pologne.
qstr_{s4}.|{s4}.
qstr_OiMP2_str_qst_potop_|Les temps sont rudes pour la République de Pologne. Sur tous les fronts, des ennemis l'assaillent : les Suédois, les Moscovites et les Cosaques... La Pologne a besoin d'un héros capable d'affronter le déluge suédois, un héros qui pousserait l'aristocratie indisciplinée à reconsidérer son attitude et à s'unifier pour braver l'ennemi...
qstr_OIM_add_getman__{s4}|{s4} veut que vous protégiez {s3} de l'assaut.
qstr_OIM_add_getman__star|Hélas, le vieil homme n'a pas pu tout vous dire. Mais peut-être que quelqu'un d'autre en sait davantage sur la Masse noire.
qstr_OiM_add_Nu_teper_por|Vous avez trouvé un indice. Clermont sait peut-être quelque chose sur la Masse noire.
qstr_OIM_add_getman__{s5}|Clermont vous a révélé que c'est {s5} qui lui avait parlé de la Masse noire.
qstr_OIM_add__chtobi_uzna|Vous avez appris que {s3} connaissait peut-être le secret de la Masse noire. Vous devez déclencher une rébellion contre {s4} pour aider {s3} à accéder au trône.
qstr_OIM_add__{s3}_prosil_|{s3} vous a donné l'ordre de parler au maire de Kiev.
qstr_OIM_add_Kiev_{s3}_pr|Vous devez rendre Kiev à {s3}.
qstr_OIM_add__Net_zolota_|Il est possible que le maire de Kiev sache quelque chose. Mais sans argent, il n'est guère aisé d'obtenir des informations.
qstr_OIM_add__Nu_chto_zhe|Le Cosaque avait raison ! Radziwill est bien mêlé à l'histoire de la Masse noire. Il est temps d'aller poser quelques questions au prince...
qstr_OIM_add__{s3}_hochet|Sans vous avoir donné la moindre réponse, {s3} a exigé que vous capturiez un mirza tartare.
qstr_OIM_add__pora_iskat_|Vous avez découvert une lettre écrite par le mirza qui stipule que les archives des Templiers contiennent des informations sur la Masse noire. Il serait sage de vous rendre à {s20} pour consulter ces archives.
qstr_OIM_add_Kyazya_Olgov|Après de longues recherches dans les archives, vous avez découvert que les princes de la maison d'Oleg étaient directement mêlés à l'histoire de la Masse noire.
qstr_OIM_add__nuzhno_vitr|Cet homme sait tenir sa langue. Vous allez devoir le faire parler.
qstr_OIM_add_getman__Pora|Un autre indice et un autre mystère : le livre du Corbeau !
qstr_OiM_getman_Knigu_moz|Le livre n'est guère facile à déchiffrer. Il vous faut trouver l'érudit Saint Pafnuty à {s6}.
qstr_OiM_getman_Nuzhno_pe|Pafnuty a accepté de traduire le livre, mais il réclame l'accès aux archives de {s3}.
qstr_OiM_getman_Kniga_na_|Vous avez conduit Pafnuty aux archives. Vous n'avez plus qu'à attendre qu'il ait fini de traduire le livre...
qstr_OIM_add_getman__Koza|On raconte que le Cosaque Mamai connaît de nombreuses légendes. Vous devriez peut-être aller lui parler...
qstr_OIM_add_getman__Bara|Il s'avère que l'hetman Barabash est en vie. Il pourrait se montrer utile...
qstr_OIM_add_getman__Nu_c|Vous avez échafaudé un plan : rapprochez-vous de Radziwill en vous faisant passer pour un mercenaire et tentez de le tuer...
qstr_{s1}_s_tomb|Ci-gît {s1}
qstr_OIM_add_getman__Chto|Vous êtes du côté de Barabash. Il faut qu'au moins la moitié des colonels cosaques se joignent à votre cause pour que vous obteniez de l'influence et que vous gagniez la masse de l'hetman pour Barabash.
qstr_OIM_add_getman__tepe|Maintenant que vous avez rejoint les Cosaques, Mamai va tenter de persuader Hmelnitski de vous accorder le grade de maréchal. Vous n'avez plus qu'à attendre qu'une décision soit prise.
qstr_OIM_add_getman__{s5}_|{s5} a déclaré que le convoi a quitté {s3} pour {s4}. Hmelnitski a peut-être raison.
qstr_OIM_add_getman_Bilo_|Vous avez opté pour une diplomatie directe et vous avez dépêché un hérault pour indiquer vos intentions...
qstr_Velikoye_Knyazestvo_|Grande Principauté de Rus'
qstr_OIM_add_getman_Koron|D'abord la Masse noire, et maintenant la couronne de Vytautas... À chaque jour son mystère.
qstr_Mamay|Mamai
qstr_Nu_chto_zhe_budem_tr|Il semblerait que la couronne soit à {s3}. Vous allez devoir vous introduire discètement dans le monastère pour la récupérer...
qstr_OIM_add_getman_od_mo|D'une mer à l'autre, telle est la volonté du nouveau Grand Prince...
qstr_OIM_add_getman__Nu_ch|Le chemin jusqu'au trône est périlleux et semé d'embûches. Le téméraire déterminé à renverser le tsar notre père pour prendre sa place aura besoin d'un esprit rusé et d'une bravoure sans pareille. Il devra avoir le courage d'affronter de terribles batailles et être disposé à verser le sang d'innocents.
qstr_OiM_dmitriy_Teper_kog|{s4} est mécontent que vous lui ayez refusé votre assistance. Il y a désormais peu de chances qu'il vous parle du Temps des Troubles.
qstr_OIM_add_getman__Nuzhn|Vous avez appris qu'un certain Gerasim Evangelic en savait long à propos du Faux Dimitri. Vous pourrez le trouver à {s3}.
qstr_OiM_The_elder_{s9}_s|{s9} a indiqué que le prêtre est à {s10}. Adressez-vous aux villageois, ils l'ont peut-être vu.
qstr_OiM_getman_Yavangeli|Vous avez appris qu'Evangelic se trouve à {s4}.
qstr_OIM_add_getman__Nuzhno|Avant de rendre son dernier soupir, Gerasim vous a conseillé de parler à {s3}.
qstr_OiM_The_{s9}_prosil_|{s9} vous a demandé d'aller chercher Eleanor à {s10} et de l'amener à {s11}.
qstr_OiM_The_{s9}_prosilf|{s9} vous a demandé de conduire Eleanor à {s11}.
qstr_OiM_The_{s9}_prosilf_|{s9} vous a demandé de porter une lettre à {s11}.
qstr_OiM_The_{s9}_prosil_v|{s9} vous a demandé de porter une missive à {s11}.
qstr_OiM_The_{s11}_dobriy|{s11} est un homme sévère. Vos explications ne l'intéressaient pas, il vous a fait interroger d'emblée.
qstr_OiM_The_Nu_chto_zhe_|Maintenant que vous avez perdu votre protecteur, vous n'avez d'autre choix que de vous rendre à {s11}.
qstr_OiM_Alevtina_v_Kafe_|Alevtina est emprisonnée à Caffa.
qstr_OiM_pohozhe_alevtinu|Le mirza ne laissera pas Alevtina partir comme ça. Vous allez devoir utiliser la force...
qstr_OiM_getman_Pohozhe_b|Apparemment, Razin ne plaisantait pas à propos du nouveau tsar... Très bien, qu'il en soit ainsi.
qstr_OiM_Teper_kogda_ya_p|Maintenant que vous revendiquez le trône, vous devez persuader les nobles de votre légitimité à régner.
qstr_{s5}.|{s5}.
qstr_{s3}|{s3}
qstr_{s2}_{s3}|{s2}, {s3}
qstr_I_can_smell_a_fat_pu|Je peux sentir une bourse bien remplie à des kilomètres. Tu seras plus à l'aise si je t'en débarrasse, tu crois pas ?
qstr_Why_it_be_another_tr|Tiens, encore un voyageur, c'est votre jour de chance ! Je dois vous avertir, ce coin est un rien dangereux pour {un respectable monsieur/une respectable dame} comme vous. Mais contre un petit geste, mes hommes et moi feront en sorte que vous arriviez bien à destination. Vous en pensez quoi ?
qstr_Well_well_look_at_th|Eh bien, voyez-vous ça ! Tu ferais mieux de cracher tes thalers, mon ami, ou mes hommes et moi, on te démolit.
qstr_There_s_a_toll_for_p|Il faut payer le droit de passage pour traverser ces terres. Donc si ça te fait rien, on va prendre notre dû nous-mêmes dans ta bourse.
qstr_Another_fool_come_to|Encore {un fou/une folle} qui vient se jeter dans la gueule du loup. Bah, très bien ! Viens te battre !
qstr_We_re_not_afraid_of_|Nous ne vous craignons pas, {gueux/gueuse}. Allons fracasser quelques crânes !
qstr_That_was_a_mistake._|Vous avez commis une erreur. Je vais faire en sorte que votre mort soit lente et douloureuse.
qstr_Brave_words._Let_s_s|De bien belles paroles. Voyons si tes actes sont à la hauteur de tes dires, vermine !
qstr_A_{s5}?_Well..._Yes_|Un {s5} ? Eh bien... Oui, je suppose que c'en est un. Quelle drôle de question.
qstr_Eh?_No_it_most_certa|Hein ? Non, ce n'est sûrement pas un {s5}. Je me poserais des questions sur ma vue si j'étais vous.
qstr_This_is_the_{reg4?to|C'est le {reg4?bourg:village} de {s5}, {sire/madame}.
qstr_{s6}_Our_{reg4?town:|{s6} Bien entendu {mon seigneur/madame}, notre {reg4?bourg:village} et ses alentours vous appartiennent. 
qstr_{s6}_Our_{reg4?town:v|{s6} Notre {reg4?bourg:village} et ses alentours appartiennent à {s7} de {s8}.
qstr_{s3}_and_{s5}|{s3} et {s5}
qstr_{s3}_{s5}|{s3}, {s5}
qstr_{reg20?We_mostly_pro|{reg20?Nous produisons surtout : {s5} ici:Nous ne produisons pas grand chose ces temps-ci}. Si vous voulez en savoir plus, adressez-vous à notre {reg4?maire:ancien du village}. Il est dans les parages, par là-bas.
qstr__U_Vas_maximalnovozm|On dirait que vos effectifs sont au complet, sire. Autre chose ?
qstr__U_Vas_ne_hvataet_de|Vous n'avez pas assez d'argent pour acheter mes mercenaires, sire ! Il vous faut autre chose ?
qstr___Skolko_naemnikov_n|Combien d'hommes vous faut-il ?
qstr__U_vas_netu_etogo_ti|Vous n'avez personne à réarmer, sire. Il vous faut autre chose ?
qstr__Viberite_razdel|Eh bien, faites votre choix, sire. De quoi vos gars ont-ils besoin ?
